# Blender 4.5.14 LTS
# www.blender.org
mtllib output.mtl
o Body
v 0.075953 0.644818 -0.120081
v 0.090971 0.660186 -0.113331
v 0.089398 0.662910 -0.147378
v 0.096249 0.644817 -0.160950
v 0.102983 0.680120 -0.148396
v 0.127914 0.611359 -0.160950
v 0.164857 0.660815 -0.135415
v 0.197733 0.494826 -0.143532
v 0.155712 0.494827 -0.160187
v 0.153264 0.304172 -0.127807
v 0.203694 0.319444 -0.128007
v 0.148163 0.311538 -0.052010
v 0.193703 0.623792 -0.114496
v 0.204228 0.328956 -0.048808
v 0.146916 0.302200 -0.045982
v 0.204313 0.494826 -0.108416
v 0.204270 0.370796 -0.048710
v 0.210449 0.322677 -0.044642
v 0.154115 0.320302 0.058514
v 0.211055 0.336677 0.057407
v 0.153925 0.331113 0.061916
v 0.210440 0.367296 -0.043343
v 0.200379 0.354489 0.116267
v 0.177749 0.341149 0.124671
v 0.201918 0.391138 -0.030422
v 0.202219 0.344977 0.060775
v 0.210363 0.377608 0.048002
v 0.196406 0.494826 0.092586
v 0.142653 0.639946 0.076165
v 0.168714 0.626585 0.068568
v 0.199565 0.379755 0.049918
v 0.174817 0.610458 0.046257
v 0.211756 0.386112 -0.028915
v 0.211168 0.397144 -0.003377
v 0.210580 0.393157 0.030100
v 0.201404 0.401898 -0.003309
v 0.200891 0.397638 0.031743
v 0.196912 0.494826 0.049946
v 0.166786 0.627848 0.003524
v 0.101874 0.680771 -0.113331
v 0.116863 0.651384 -0.008876
v 0.101763 0.653646 0.063136
v 0.090570 0.638551 0.043299
v 0.106056 0.639326 -0.005885
v 0.012547 1.084213 0.070031
v 0.012547 1.033226 0.081392
v 0.009725 1.093822 0.112142
v 0.029014 1.136279 0.101092
v 0.009725 1.090054 0.126186
v 0.023533 1.125235 0.139204
v 0.059266 1.090054 0.126186
v 0.048376 1.199363 0.158513
v 0.063833 1.120107 0.136508
v 0.060910 1.090109 0.112075
v 0.045183 1.204411 0.189750
v 0.068895 1.124599 0.106495
v 0.047841 1.035810 0.081315
v 0.057509 1.073098 0.074940
v 0.069432 1.198096 0.186717
v 0.069960 1.195401 0.163688
v 0.064782 1.202456 0.168130
v 0.065904 1.204088 0.189624
v 0.051419 1.207423 0.190761
v 0.052599 1.204957 0.166050
v -0.001809 0.234655 0.141412
v 0.050298 0.919476 0.280677
v 0.050298 0.913112 0.287041
v 0.050298 0.928169 0.278348
v 0.050298 0.936862 0.280677
v 0.050298 0.943225 0.287041
v 0.050298 0.945554 0.295734
v 0.050298 0.943225 0.304426
v 0.050298 0.936862 0.310790
v 0.050298 0.928169 0.313119
v 0.050298 0.919476 0.310790
v 0.050298 0.913112 0.304426
v 0.050298 0.910783 0.295733
v 0.017368 0.255992 -0.136637
v 0.083478 0.016152 -0.195114
v 0.074182 0.008528 -0.178971
v 0.011117 0.226195 -0.077051
v 0.080599 0.003014 -0.158972
v 0.116072 0.008353 -0.153817
v 0.074540 0.213664 -0.074277
v 0.124998 0.016428 -0.172922
v 0.092116 0.225210 -0.102987
v 0.120418 0.024474 -0.190166
v 0.084499 0.240046 -0.131263
v 0.024325 0.926981 0.346720
v 0.029637 0.922409 0.364217
v 0.024325 0.939328 0.353768
v 0.029684 0.935257 0.313435
v 0.029637 0.938091 0.364217
v 0.036116 0.935257 0.313435
v 0.029684 0.942067 0.314929
v 0.036116 0.942067 0.314929
v 0.101236 0.217633 -0.224694
v 0.086972 0.231817 -0.245331
v 0.099119 0.244471 -0.247906
v 0.113271 0.230429 -0.226610
v 0.099907 0.304172 -0.264092
v 0.139466 0.209965 -0.128504
v 0.114084 0.304172 -0.247803
v 0.094390 0.494827 -0.304090
v 0.150971 0.235946 -0.124797
v 0.164830 0.210038 0.132601
v 0.152323 0.304172 -0.178836
v 0.108567 0.494827 -0.287801
v 0.083168 0.596175 -0.314169
v 0.147891 0.494827 -0.218328
v 0.097405 0.596175 -0.296704
v 0.062742 0.615743 -0.301061
v 0.074441 0.629957 -0.282235
v 0.131308 0.603767 -0.219858
v 0.103995 0.641218 -0.236290
v 0.176193 0.236127 0.135357
v 0.124072 0.219189 0.282855
v 0.170578 0.379402 0.206909
v 0.118305 0.247087 0.301666
v 0.106111 0.229026 0.298082
v 0.136219 0.232420 0.284361
v 0.121457 0.517407 0.311365
v 0.138687 0.511509 0.297095
v 0.125109 0.632507 0.293839
v 0.153326 0.636474 0.176217
v 0.139277 0.633003 0.276269
v 0.108263 0.697220 0.272246
v 0.120148 0.697701 0.256246
v 0.081914 0.798438 0.235868
v 0.136260 0.699934 0.169514
v 0.090228 0.798895 0.222323
v 0.058666 0.888961 0.198364
v 0.117728 0.685062 0.097038
v 0.068562 0.895275 0.188157
v 0.109567 0.799190 0.156426
v 0.043720 0.918665 0.278756
v 0.111715 0.685318 0.090633
v 0.074984 0.709451 0.073471
v 0.091417 0.799485 0.109029
v 0.075997 0.800141 0.092606
v 0.033099 0.796735 0.078065
v 0.093809 0.895569 0.126957
v 0.094335 0.895862 0.065757
v 0.080155 0.896518 0.051981
v 0.033099 0.893112 0.040176
v 0.033099 0.945840 0.029356
v 0.086934 0.938667 0.129562
v 0.087460 0.946694 0.060567
v 0.073281 0.947923 0.044344
v 0.033099 0.979308 0.047661
v 0.080586 0.982058 0.070966
v 0.066406 0.982714 0.057190
v 0.065599 1.080034 0.118801
v 0.063667 1.081324 0.129499
v 0.063051 1.016058 0.191633
v 0.051579 1.064133 0.210484
v 0.047529 1.069103 0.208049
v 0.034238 1.010077 0.320690
v 0.029836 1.012622 0.322974
v 0.030158 0.956779 0.343568
v 0.034030 0.954092 0.340973
v 0.043543 0.941510 0.296046
v 0.046336 0.922050 0.278970
v 0.041289 0.901089 0.340568
v 0.037924 0.923711 0.371556
v 0.038987 0.897779 0.341202
v 0.035371 0.921365 0.373032
v 0.053761 0.921235 0.307742
v 0.053761 0.916160 0.302667
v 0.053761 0.928169 0.309600
v 0.053761 0.914302 0.295733
v 0.053761 0.916160 0.288800
v 0.053761 0.935102 0.307742
v 0.053761 0.921235 0.283725
v 0.053761 0.940177 0.302667
v 0.053761 0.928169 0.281867
v 0.053761 0.942035 0.295734
v 0.053761 0.935102 0.283725
v 0.053761 0.940177 0.288800
v 0.115747 0.004968 -0.157031
v 0.082771 0.000625 -0.164216
v 0.124143 0.012380 -0.174555
v 0.078318 0.004878 -0.180187
v 0.119946 0.019810 -0.190213
v 0.085389 0.011950 -0.194876
v 0.069255 1.019267 0.204073
v 0.067995 1.025088 0.204826
v 0.065882 1.029552 0.208240
v 0.063484 1.031461 0.213402
v 0.061442 1.030304 0.218928
v 0.060303 1.026392 0.223337
v 0.060373 1.020772 0.225448
v 0.061633 1.014951 0.224695
v 0.063746 1.010488 0.221281
v 0.066144 1.008579 0.216119
v 0.068186 1.009735 0.210593
v 0.069325 1.013648 0.206184
v 0.070924 1.019541 0.204747
v 0.073423 1.020587 0.211109
v 0.073480 1.020147 0.207347
v 0.072704 1.023912 0.211539
v 0.069664 1.025363 0.205500
v 0.072378 1.025237 0.208005
v 0.071497 1.026462 0.213489
v 0.067552 1.029826 0.208915
v 0.070531 1.029140 0.210991
v 0.070127 1.027552 0.216438
v 0.065153 1.031735 0.214076
v 0.068434 1.030809 0.215505
v 0.068960 1.026892 0.219594
v 0.063111 1.030578 0.219602
v 0.066648 1.029798 0.220336
v 0.068310 1.024657 0.222112
v 0.061973 1.026666 0.224011
v 0.065653 1.026377 0.224192
v 0.068350 1.021447 0.223318
v 0.062043 1.021047 0.226122
v 0.065714 1.021464 0.226038
v 0.069070 1.018122 0.222888
v 0.063303 1.015225 0.225370
v 0.066816 1.016373 0.225380
v 0.070277 1.015573 0.220938
v 0.065415 1.010762 0.221955
v 0.068663 1.012471 0.222394
v 0.071647 1.014482 0.217989
v 0.067814 1.008853 0.216793
v 0.070760 1.010801 0.217880
v 0.072813 1.015143 0.214833
v 0.069856 1.010010 0.211267
v 0.072546 1.011813 0.213048
v 0.073463 1.017377 0.212315
v 0.070994 1.013922 0.206858
v 0.073541 1.015234 0.209193
v 0.064200 1.017248 0.155414
v 0.061516 1.039549 0.159577
v 0.057201 1.057661 0.173861
v 0.053027 1.065328 0.191913
v 0.049373 1.060056 0.209523
v 0.047103 1.043361 0.223701
v 0.047598 1.020956 0.228949
v 0.050305 0.999114 0.226889
v 0.053942 0.982352 0.217891
v 0.058123 0.975001 0.200502
v 0.062691 0.979029 0.178418
v 0.064778 0.995021 0.161970
v 0.063193 1.028660 0.155934
v 0.059392 1.049494 0.165880
v 0.055083 1.063160 0.182740
v 0.051118 1.064225 0.200854
v 0.047953 1.052932 0.217452
v 0.046942 1.032379 0.227637
v 0.048758 1.009740 0.228667
v 0.052067 0.989750 0.223396
v 0.055985 0.977232 0.210123
v 0.060516 0.975299 0.189455
v 0.064230 0.985622 0.168868
v 0.064778 1.005707 0.157402
v 0.066797 1.017253 0.156149
v 0.075947 1.018549 0.175056
v 0.072646 1.017383 0.160123
v 0.076002 1.017869 0.167026
v 0.064235 1.039013 0.160378
v 0.074421 1.031117 0.177962
v 0.070189 1.037022 0.164145
v 0.073924 1.034143 0.170564
v 0.060224 1.056401 0.174509
v 0.071392 1.040349 0.185223
v 0.065776 1.051377 0.177407
v 0.069563 1.045525 0.181208
v 0.056457 1.063665 0.191996
v 0.069062 1.040360 0.193200
v 0.062408 1.057644 0.192297
v 0.066351 1.048799 0.192707
v 0.053072 1.058540 0.209121
v 0.067879 1.038852 0.199692
v 0.059727 1.054284 0.207237
v 0.064307 1.046032 0.203267
v 0.050903 1.042519 0.222879
v 0.067490 1.034328 0.205881
v 0.057813 1.040388 0.219501
v 0.063715 1.037224 0.213009
v 0.051375 1.021030 0.227891
v 0.067692 1.019652 0.208991
v 0.058236 1.020927 0.223967
v 0.064220 1.020419 0.217017
v 0.053968 1.000044 0.225761
v 0.069586 1.005517 0.208193
v 0.060664 1.001998 0.221989
v 0.066393 1.004056 0.215508
v 0.057377 0.983697 0.216999
v 0.070697 0.998535 0.204567
v 0.063732 0.987451 0.214176
v 0.068557 0.992957 0.209715
v 0.061240 0.976067 0.200168
v 0.072447 0.995901 0.198698
v 0.067429 0.980255 0.199355
v 0.071528 0.987493 0.198830
v 0.065554 0.979602 0.178532
v 0.075000 0.998178 0.187608
v 0.071495 0.983407 0.180028
v 0.074980 0.990111 0.183313
v 0.067423 0.995334 0.162495
v 0.076397 1.007020 0.178342
v 0.073252 0.997668 0.165709
v 0.076547 1.001888 0.171500
v 0.075311 1.024914 0.175710
v 0.065778 1.028450 0.156826
v 0.075100 1.026264 0.167845
v 0.071589 1.027613 0.160966
v 0.073168 1.036591 0.181307
v 0.062317 1.048501 0.166735
v 0.072172 1.041083 0.175226
v 0.068026 1.045163 0.170212
v 0.069992 1.040690 0.189584
v 0.058286 1.061655 0.183153
v 0.067733 1.048029 0.187110
v 0.064122 1.056150 0.184773
v 0.068395 1.039750 0.196455
v 0.054701 1.062569 0.200694
v 0.065230 1.048113 0.198071
v 0.061049 1.057312 0.199835
v 0.067429 1.037482 0.203189
v 0.051735 1.051694 0.216791
v 0.063647 1.042374 0.208275
v 0.058500 1.048216 0.213838
v 0.067215 1.027503 0.208154
v 0.050760 1.031985 0.226626
v 0.063708 1.029246 0.216016
v 0.057661 1.030894 0.222842
v 0.068409 1.012022 0.209064
v 0.052507 1.010256 0.227505
v 0.065110 1.011793 0.216829
v 0.059283 1.011137 0.223600
v 0.070114 1.000998 0.206398
v 0.055631 0.991018 0.222327
v 0.067419 0.997636 0.213084
v 0.062146 0.993994 0.218855
v 0.071405 0.996939 0.202365
v 0.059222 0.978620 0.209562
v 0.069895 0.989564 0.205107
v 0.065395 0.982892 0.207825
v 0.073804 0.995885 0.193371
v 0.063484 0.976233 0.189358
v 0.073325 0.987563 0.191193
v 0.069602 0.980243 0.189637
v 0.076004 1.001920 0.182204
v 0.066899 0.986257 0.169309
v 0.076049 0.995153 0.176595
v 0.072745 0.989376 0.171824
v 0.076383 1.012553 0.175893
v 0.067342 1.005954 0.158112
v 0.076484 1.009708 0.168312
v 0.073216 1.007262 0.161722
v 0.039258 1.015708 0.303252
v 0.039544 1.023217 0.295834
v 0.037723 1.025133 0.297125
v 0.028526 1.021860 0.307698
v 0.032913 1.021860 0.307097
v 0.033843 1.025760 0.298033
v 0.053008 0.973699 0.271660
v 0.061076 0.900431 0.237679
v 0.058627 0.899517 0.238617
v 0.063618 0.899428 0.237268
v 0.049540 0.896827 0.240207
v 0.083710 1.029922 0.074679
v 0.083116 1.027811 0.080720
v 0.085301 1.026146 0.079937
v 0.079861 0.991040 0.132344
v 0.075004 0.961438 0.170549
v 0.087236 0.999816 0.079355
v 0.084889 1.003100 0.071571
v 0.087323 1.005457 0.071276
v 0.059446 0.908725 0.242044
v 0.058747 0.912785 0.253503
v 0.060228 0.912975 0.243754
v 0.058474 0.915858 0.254711
v 0.071552 0.900857 0.203076
v 0.056317 0.940388 0.262910
v 0.013562 1.025970 0.300255
v 0.053966 0.911193 0.252893
v 0.044152 0.910948 0.252827
v 0.084116 1.006263 0.066998
v 0.080977 1.006856 0.066065
v 0.081788 1.010085 0.064443
v 0.085575 1.009469 0.065555
v 0.056226 0.892989 0.210739
v 0.055983 0.956029 0.257096
v 0.055038 0.955224 0.266642
v 0.037176 1.007093 0.063258
v 0.037364 1.010465 0.061712
v 0.079247 0.945986 0.150137
v 0.081058 0.947021 0.151381
v 0.047670 0.999826 0.269811
v 0.045968 0.999866 0.268297
v 0.038758 1.023847 0.282011
v 0.040236 1.024462 0.283928
v 0.037416 1.023453 0.281195
v 0.036954 1.012675 0.305313
v 0.042999 0.990922 0.292109
v 0.045111 0.992083 0.290762
v 0.036456 1.028865 0.285191
v 0.037571 1.029720 0.287277
v 0.037742 1.027261 0.284130
v 0.036446 1.026865 0.283314
v 0.037704 1.018398 0.305980
v 0.036033 1.016201 0.307018
v 0.034676 1.015159 0.307317
v 0.033780 1.017046 0.308272
v 0.034834 1.018132 0.307946
v 0.029573 1.030346 0.288336
v 0.033201 1.029398 0.285770
v 0.029134 1.029339 0.286327
v 0.028704 1.028647 0.285463
v 0.031847 1.018737 0.308656
v 0.031236 1.017636 0.308884
v 0.028057 1.018705 0.309154
v 0.028372 1.020901 0.308511
v 0.047735 0.969927 0.284636
v 0.049927 0.970586 0.282960
v 0.045954 0.969569 0.285376
v 0.051497 0.976759 0.259748
v 0.054817 0.915173 0.265097
v 0.052120 0.916948 0.267339
v 0.051291 0.916165 0.267050
v 0.050160 0.917697 0.268140
v 0.049498 0.917050 0.267880
v 0.051899 0.920023 0.268556
v 0.058919 0.914006 0.241655
v 0.059895 0.913174 0.242638
v 0.060226 0.910075 0.241420
v 0.059298 0.910933 0.240454
v 0.058233 0.911327 0.240020
v 0.057813 0.914400 0.241217
v 0.058249 0.910025 0.240019
v 0.057210 0.910568 0.239634
v 0.059161 0.908994 0.240963
v 0.050475 0.940070 0.275246
v 0.048660 0.940024 0.275792
v 0.055658 0.940767 0.250770
v 0.054236 0.940856 0.250166
v 0.013811 1.029255 0.288190
v 0.055943 0.908615 0.240735
v 0.055525 0.909681 0.239849
v 0.046358 0.909560 0.239802
v 0.046303 0.908435 0.240662
v 0.050594 0.913806 0.264661
v 0.048998 0.915768 0.266925
v 0.040982 0.915537 0.266871
v 0.051684 0.953744 0.277425
v 0.049433 0.953565 0.279254
v 0.047635 0.953355 0.280000
v 0.053839 0.956594 0.254644
v 0.013058 1.018740 0.310529
v 0.013168 1.021097 0.309921
v 0.066849 0.894179 0.211895
v 0.069336 0.896252 0.207387
v 0.056149 0.893411 0.209642
v 0.087066 1.007403 0.068481
v 0.083605 1.003881 0.069551
v 0.083218 1.002305 0.071786
v 0.081674 1.029535 0.079180
v 0.081313 1.028260 0.080930
v 0.081177 1.030595 0.077737
v 0.082676 0.971429 0.116581
v 0.077998 0.991341 0.132635
v 0.073138 0.961674 0.170725
v 0.085166 1.019147 0.089941
v 0.082770 1.020627 0.090846
v 0.082830 0.996923 0.079024
v 0.062214 0.901377 0.236575
v 0.060328 0.901727 0.236682
v 0.063026 0.904584 0.232945
v 0.065717 0.903965 0.232165
v 0.069877 0.897409 0.206139
v 0.069941 0.901021 0.201980
v 0.064689 0.912735 0.224099
v 0.080180 1.030594 0.073732
v 0.066586 1.031161 0.075084
v 0.066374 1.030885 0.076213
v 0.066863 1.030785 0.072720
v 0.080195 1.005643 0.066806
v 0.067236 1.005675 0.065763
v 0.036736 1.030813 0.071096
v 0.036657 1.031140 0.073513
v 0.036626 1.030821 0.074706
v 0.084214 0.988896 0.091245
v 0.086770 0.990758 0.091821
v 0.040687 1.024292 0.285236
v 0.039610 1.027769 0.287309
v 0.034161 1.030273 0.289298
v 0.055528 0.914717 0.264009
v 0.053604 0.939798 0.272451
v 0.013839 1.030386 0.291652
v 0.080265 1.012743 0.102730
v 0.080449 1.015590 0.098809
v 0.082453 1.013769 0.100416
v 0.071127 0.908770 0.193357
v 0.064456 0.899020 0.236478
v 0.050110 0.896090 0.239244
v 0.085666 1.026992 0.076759
v 0.085948 1.025026 0.079495
v 0.083093 0.988959 0.130731
v 0.066666 0.903744 0.231192
v 0.080365 1.029742 0.072764
v 0.066888 1.030012 0.071653
v 0.036752 1.030079 0.070081
v 0.085362 1.007635 0.104276
v 0.070408 0.895028 0.212486
v 0.066509 0.894037 0.213330
v 0.087752 1.006605 0.071431
v 0.085419 0.974109 0.118077
v 0.087733 1.000884 0.079819
v 0.071922 0.896422 0.211059
v 0.074339 0.908243 0.198481
v 0.078961 0.931040 0.173319
v 0.081843 1.011318 0.064447
v 0.068098 1.011596 0.063288
v 0.062750 0.896525 0.224313
v 0.052451 0.894565 0.225922
v 0.087996 1.017104 0.074118
v 0.088339 1.015032 0.077148
v 0.085582 0.981679 0.124669
v 0.081305 0.954006 0.161008
v 0.088122 1.009453 0.084832
v 0.077838 0.934330 0.184649
v 0.087687 0.999770 0.098729
v 0.047819 0.995933 0.280094
v 0.040611 1.019799 0.293698
v 0.045873 0.992668 0.289649
v 0.036582 1.021220 0.306247
v 0.038245 1.019284 0.304981
v 0.029256 1.025756 0.298706
v 0.048214 0.999537 0.271011
v 0.053699 0.976145 0.262395
v 0.058497 0.899513 0.238638
v 0.060062 0.898562 0.238341
v 0.048825 0.897653 0.240324
v 0.083182 1.029317 0.078631
v 0.085070 1.028005 0.077390
v 0.082305 1.030625 0.076817
v 0.082332 0.989826 0.131422
v 0.077566 0.960419 0.169814
v 0.084689 0.997566 0.079220
v 0.057616 0.911653 0.253062
v 0.060540 0.909862 0.242533
v 0.070277 0.895951 0.208402
v 0.071137 0.897154 0.207160
v 0.071897 0.896443 0.209633
v 0.070516 0.895140 0.211078
v 0.072592 0.900136 0.205733
v 0.057512 0.940158 0.253154
v 0.072824 0.908796 0.194325
v 0.074201 0.908231 0.197074
v 0.076874 0.931095 0.168913
v 0.078643 0.930862 0.171914
v 0.013226 1.022100 0.309022
v 0.054452 0.913697 0.263644
v 0.051112 0.913261 0.263511
v 0.041928 0.913014 0.263458
v 0.067704 1.006886 0.065048
v 0.068134 1.010317 0.063378
v 0.055074 0.891959 0.213621
v 0.044366 0.999874 0.267683
v 0.038696 1.014831 0.304252
v 0.035538 1.011610 0.305718
v 0.041264 0.990386 0.292708
v 0.039172 1.027915 0.286070
v 0.035437 1.028311 0.284266
v 0.036131 1.020330 0.307090
v 0.033950 1.030346 0.287875
v 0.032498 1.028738 0.284921
v 0.032611 1.020926 0.307921
v 0.027833 1.017583 0.309313
v 0.053165 0.976456 0.261121
v 0.049885 0.976856 0.259166
v 0.053787 0.914194 0.264741
v 0.054573 0.918285 0.266332
v 0.049951 0.920774 0.269356
v 0.052788 0.939829 0.273562
v 0.057050 0.940315 0.251999
v 0.013849 1.030399 0.290284
v 0.013756 1.028470 0.287220
v 0.054939 0.910296 0.239498
v 0.046262 0.910237 0.239481
v 0.041634 0.913598 0.264653
v 0.047893 0.916669 0.267740
v 0.040608 0.916444 0.267670
v 0.055472 0.956217 0.255950
v 0.052240 0.956686 0.254049
v 0.012988 1.017515 0.310611
v 0.067443 0.895095 0.209128
v 0.066933 0.895492 0.208057
v 0.057431 0.900164 0.238502
v 0.048445 0.898363 0.240064
v 0.059380 0.900884 0.237673
v 0.085021 1.004785 0.069140
v 0.083030 1.005233 0.067596
v 0.084873 0.973087 0.117371
v 0.077567 0.945522 0.149423
v 0.080959 0.971003 0.116111
v 0.080975 1.021216 0.090877
v 0.065005 0.900574 0.235959
v 0.061167 0.904918 0.233085
v 0.067371 0.912175 0.223266
v 0.062718 0.912904 0.224367
v 0.068051 0.938829 0.197470
v 0.070028 0.938611 0.197103
v 0.072825 0.937988 0.196142
v 0.075181 0.930858 0.168004
v 0.079441 1.031147 0.076052
v 0.078783 1.030894 0.077160
v 0.036974 1.005926 0.063949
v 0.082408 0.988411 0.090801
v 0.037901 1.029640 0.288550
v 0.029680 1.030290 0.289776
v 0.050737 0.970980 0.281719
v 0.055283 0.917831 0.265242
v 0.056023 0.908271 0.241838
v 0.046153 0.908054 0.241758
v 0.052507 0.953910 0.276136
v 0.082229 1.010954 0.104359
v 0.084573 1.008550 0.104949
v 0.060853 0.898006 0.237483
v 0.084147 1.029081 0.073834
v 0.078388 0.959731 0.169029
v 0.085843 1.018081 0.089440
v 0.065880 0.900258 0.235083
v 0.068299 0.912017 0.222244
v 0.073747 0.937556 0.195290
v 0.054632 0.891806 0.215059
v 0.085778 1.010657 0.065578
v 0.087415 1.008585 0.068583
v 0.081550 0.947804 0.152400
v 0.072690 0.900146 0.206972
v 0.037336 1.011755 0.061686
v 0.087388 0.991804 0.092426
v 0.067150 0.897934 0.223257
v 0.085999 1.019439 0.070499
v 0.069229 0.900021 0.221652
v 0.070645 0.904356 0.217336
v 0.072201 0.910352 0.210492
v 0.081339 1.020166 0.069029
v 0.067316 1.020329 0.067809
v 0.037033 1.020576 0.066293
v 0.133920 0.670468 -0.141906
v 0.199008 0.559309 -0.111456
v 0.165837 0.336131 0.093293
v 0.178072 0.338045 0.061346
v 0.052029 0.928169 0.280108
v 0.155684 0.633265 0.072366
v 0.184260 0.617125 -0.034120
v 0.198901 0.446232 0.040845
v 0.180244 0.625820 -0.055486
v 0.102429 0.680445 -0.130863
v 0.122208 0.646796 0.069650
v 0.012547 1.058719 0.075712
v 0.011136 1.089018 0.091086
v 0.020781 1.110246 0.085561
v 0.066364 1.122353 0.121502
v 0.035028 1.078656 0.072486
v 0.066633 1.159101 0.161613
v 0.065343 1.203272 0.178877
v 0.058690 1.203707 0.167090
v 0.050298 0.932515 0.279512
v 0.050298 0.940043 0.307608
v 0.050298 0.911948 0.300080
v 0.050423 0.136072 -0.165875
v 0.088308 0.232628 -0.117125
v 0.029637 0.930250 0.364217
v 0.032877 0.928833 0.338826
v 0.037221 0.636899 -0.280773
v 0.004862 1.079809 0.167118
v 0.094104 0.224725 -0.235013
v 0.107254 0.224031 -0.225652
v 0.120351 0.213799 -0.176599
v 0.151647 0.270059 -0.151817
v 0.089218 0.635587 -0.259262
v 0.163582 0.236037 0.005280
v 0.137453 0.371964 0.290727
v 0.147989 0.638210 0.126191
v 0.086071 0.798666 0.229096
v 0.070290 0.843699 0.217116
v 0.130191 0.662504 0.086601
v 0.093349 0.697384 0.082052
v 0.093856 0.742729 0.091620
v 0.033099 0.919476 0.034766
v 0.064633 1.080679 0.124150
v 0.064325 1.048046 0.155217
v 0.038786 0.947801 0.318510
v 0.154719 0.633897 0.039844
v 0.050618 0.212471 -0.230700
v 0.050618 0.204791 -0.202923
v 0.040957 0.797333 0.243696
v 0.016549 0.893048 0.040436
v 0.017015 0.954092 0.340973
v 0.052030 0.914636 0.303547
v 0.052030 0.941701 0.303547
v 0.053761 0.924702 0.282796
v 0.102667 0.015880 -0.192544
v 0.050933 0.248019 -0.133950
v 0.053761 0.937640 0.286263
v 0.083462 0.652502 -0.116706
v 0.082675 0.653864 -0.133729
v 0.086101 0.644818 -0.140516
v 0.154488 0.399499 -0.143997
v 0.207355 0.369046 -0.046027
v 0.203094 0.380967 -0.039566
v 0.206837 0.388625 -0.029669
v 0.211462 0.391628 -0.016146
v 0.201661 0.396518 -0.016866
v 0.109313 0.652515 0.027130
v 0.103717 0.644967 0.017212
v 0.111460 0.645355 -0.007380
v 0.016629 1.107644 0.132695
v 0.034495 1.090054 0.126186
v 0.052675 1.054454 0.078127
v 0.050298 0.916294 0.283859
v 0.050298 0.923822 0.279512
v 0.050298 0.944390 0.291387
v 0.050298 0.923822 0.311955
v 0.098336 0.005683 -0.156395
v 0.036116 0.938662 0.314182
v 0.106995 0.304172 -0.255948
v 0.097148 0.399499 -0.284091
v 0.151801 0.494827 -0.189257
v 0.090286 0.596175 -0.305436
v 0.072955 0.605959 -0.307615
v 0.115092 0.224107 0.290469
v 0.130146 0.225804 0.283608
v 0.146301 0.634739 0.226243
v 0.144793 0.668204 0.172865
v 0.114722 0.685190 0.093836
v 0.104573 0.742274 0.103033
v 0.033099 0.844923 0.059120
v 0.069843 0.965318 0.050767
v 0.038682 1.040862 0.265512
v 0.036647 0.922538 0.372294
v 0.049953 0.304172 -0.266622
v 0.041584 0.596175 -0.314169
v 0.062036 0.216857 0.283757
v 0.023764 1.069334 0.208049
v 0.004862 1.090054 0.126186
v 0.016549 0.796671 0.078325
v 0.099259 0.002797 -0.160624
v 0.037976 0.644818 -0.120122
v 0.037976 0.660836 -0.116714
v 0.018962 0.923636 0.371271
v 0.052030 0.928169 0.311360
v 0.053761 0.931635 0.308671
v 0.052029 0.920356 0.282201
v 0.053761 0.934173 0.306133
v 0.052029 0.941701 0.287921
v 0.081685 0.001819 -0.161594
v 0.119945 0.008674 -0.165793
v 0.057124 1.009262 0.069252
v 0.053761 0.934173 0.299200
v 0.052029 0.914636 0.287921
v 0.093046 0.238144 -0.246619
v 0.129611 0.607563 -0.190404
v 0.117652 0.622493 -0.228074
v 0.170512 0.223082 0.133979
v 0.144451 0.214613 0.207728
v 0.130072 0.514458 0.304230
v 0.123283 0.574957 0.302602
v 0.126994 0.692498 0.133276
v 0.122913 0.749562 0.162970
v 0.075491 0.754796 0.083039
v 0.054041 0.753093 0.075768
v 0.053190 0.946881 0.036850
v 0.033099 0.962574 0.038509
v 0.063658 1.036411 0.084633
v 0.063254 1.085072 0.115438
v 0.063359 1.048692 0.160566
v 0.057623 1.072729 0.169992
v 0.044939 0.931780 0.287508
v 0.042416 0.921300 0.318307
v 0.040734 0.932610 0.333801
v 0.146385 0.636087 -0.148183
v 0.141813 0.553093 -0.160568
v 0.204249 0.349876 -0.048759
v 0.207339 0.325817 -0.046725
v 0.210402 0.372452 0.002330
v 0.171765 0.618521 0.057412
v 0.211098 0.376704 -0.036129
v 0.167750 0.627216 0.036046
v 0.011136 1.063524 0.096767
v 0.064902 1.107354 0.109285
v 0.054375 1.062960 0.096695
v 0.058661 1.205755 0.190193
v 0.078830 0.012340 -0.187043
v 0.101948 0.020313 -0.192640
v 0.102458 0.132260 -0.160715
v 0.026981 0.938709 0.358993
v 0.027005 0.940697 0.334349
v 0.030220 0.940697 0.334349
v 0.043486 0.228106 -0.247426
v 0.082415 0.201210 0.096480
v 0.060728 0.517407 0.318151
v 0.016549 0.945776 0.029616
v 0.006273 1.033226 0.081392
v 0.037492 0.717001 0.071690
v 0.021772 0.941510 0.296046
v 0.053761 0.941106 0.299200
v 0.053761 0.940177 0.295733
v 0.120182 0.022142 -0.190189
v 0.084434 0.014051 -0.194995
v 0.145219 0.222955 -0.126651
v 0.152148 0.210001 0.002048
v 0.152794 0.304172 -0.153322
v 0.139600 0.549297 -0.219093
v 0.153399 0.305911 0.245635
v 0.154633 0.445455 0.252002
v 0.161952 0.507938 0.191563
v 0.129713 0.665352 0.266257
v 0.056141 0.906970 0.233457
v 0.106739 0.669482 0.076884
v 0.088374 0.681548 0.068303
v 0.081185 0.895422 0.157557
v 0.094072 0.895715 0.096357
v 0.090371 0.917118 0.128259
v 0.049752 0.981010 0.052426
v 0.032037 1.011349 0.321832
v 0.034134 0.982084 0.330831
v 0.038891 0.975793 0.308368
v 0.057449 0.908663 0.233564
v 0.037179 0.909572 0.357117
v 0.090184 0.661548 -0.130354
v 0.178479 0.311808 -0.127907
v 0.150714 0.307855 -0.089909
v 0.210752 0.329677 0.006382
v 0.210445 0.344987 -0.043993
v 0.199312 0.419902 0.076681
v 0.200892 0.362366 0.055347
v 0.210874 0.395150 0.013361
v 0.206286 0.399521 -0.003343
v 0.096423 0.670478 -0.113331
v 0.096167 0.646098 0.053217
v 0.098513 0.649756 -0.059608
v 0.035955 1.162299 0.148858
v 0.043683 1.122671 0.137856
v 0.034358 1.164823 0.164477
v 0.022823 1.006267 0.064527
v 0.077748 0.916971 0.158859
v 0.050298 0.911948 0.291387
v 0.095306 0.111008 -0.114047
v 0.120535 0.012390 -0.163370
v 0.024325 0.933154 0.350244
v 0.027005 0.931119 0.330078
v 0.032900 0.942067 0.314929
v 0.069733 0.200957 -0.154828
v 0.019494 0.898039 0.341937
v 0.152118 0.270059 -0.126302
v 0.016549 0.979244 0.047921
v 0.050882 0.666065 0.063136
v 0.045485 0.668521 -0.113339
v 0.053761 0.915231 0.292267
v 0.115909 0.006660 -0.155424
v 0.080545 0.002751 -0.172202
v 0.030194 1.034518 0.081353
v 0.004862 1.093823 0.112142
v 0.051997 0.650115 -0.231177
v 0.053761 0.918698 0.305204
v 0.053761 0.924702 0.308671
v 0.052030 0.912543 0.295733
v 0.052030 0.935982 0.309266
v 0.053761 0.931635 0.282796
v 0.076250 0.006703 -0.179579
v 0.059153 0.246651 0.305389
v 0.181295 0.577821 -0.139474
v 0.179280 0.642304 -0.124956
v 0.178683 0.312439 -0.045312
v 0.150515 0.311251 0.006266
v 0.189064 0.347819 0.120469
v 0.201299 0.349733 0.088521
v 0.198393 0.424658 0.104427
v 0.200228 0.388696 0.040831
v 0.165821 0.644332 -0.065946
v 0.133366 0.670793 -0.124373
v 0.141824 0.639616 -0.002676
v 0.019370 1.115051 0.106617
v 0.009725 1.091938 0.119164
v 0.057307 1.201253 0.188233
v 0.048301 1.205917 0.190255
v 0.052009 1.206190 0.178405
v 0.050298 0.940043 0.283859
v 0.050298 0.932515 0.311955
v 0.077391 0.005771 -0.168972
v 0.032900 0.935257 0.313435
v 0.029684 0.938662 0.314182
v 0.106195 0.237450 -0.237258
v 0.099513 0.274321 -0.255999
v 0.148943 0.269073 -0.085390
v 0.150107 0.399499 -0.198582
v 0.146006 0.573991 0.236656
v 0.138982 0.572256 0.286682
v 0.079395 0.847085 0.205240
v 0.099898 0.799043 0.189375
v 0.083707 0.799813 0.100817
v 0.092876 0.847674 0.087393
v 0.087197 0.942680 0.095064
v 0.083760 0.960362 0.100264
v 0.074993 0.977363 0.160598
v 0.057193 1.039778 0.201573
v 0.053297 0.978784 0.243840
v 0.054694 0.969054 0.235302
v 0.043813 0.911570 0.309769
v 0.054131 0.696789 0.284268
v 0.017685 0.921365 0.372872
v 0.014918 1.012622 0.322974
v 0.045285 0.649760 0.043295
v 0.052030 0.920356 0.309266
v 0.053761 0.918698 0.286263
v 0.053761 0.922164 0.285334
v 0.052030 0.943795 0.295734
v 0.053761 0.928169 0.288800
v 0.101231 0.008629 -0.177371
v 0.122044 0.016095 -0.182384
v 0.049560 0.234433 -0.248714
v 0.017685 0.922463 0.372009
v 0.092824 0.653864 -0.154164
v 0.096191 0.671515 -0.147887
v 0.203961 0.324200 -0.088407
v 0.203982 0.345120 -0.088359
v 0.182585 0.328490 0.057960
v 0.154020 0.325707 0.060215
v 0.165932 0.330726 0.091592
v 0.204964 0.378682 0.048960
v 0.211060 0.381860 0.009543
v 0.210766 0.387376 0.022312
v 0.210472 0.385382 0.039051
v 0.205736 0.395397 0.030922
v 0.098313 0.638938 0.018707
v 0.061549 1.105080 0.131347
v 0.060088 1.090081 0.119131
v 0.069696 1.196748 0.175203
v 0.067668 1.201092 0.188171
v 0.060425 1.202760 0.188739
v 0.050298 0.944390 0.300080
v 0.050298 0.916294 0.307608
v 0.052029 0.935982 0.282201
v 0.053761 0.934173 0.285334
v 0.083328 0.219437 -0.088632
v 0.152543 0.278124 -0.033142
v 0.133204 0.304172 -0.213320
v 0.111326 0.399499 -0.267802
v 0.085923 0.613066 -0.289469
v 0.114357 0.599971 -0.258281
v 0.165154 0.278215 0.096936
v 0.112208 0.238056 0.299874
v 0.127262 0.239753 0.293013
v 0.119881 0.382247 0.306515
v 0.114205 0.697460 0.264246
v 0.095088 0.747829 0.254057
v 0.100492 0.799338 0.132728
v 0.101688 0.847379 0.141692
v 0.087245 0.896190 0.058869
v 0.090898 0.921278 0.063162
v 0.073496 0.982386 0.064078
v 0.073092 1.031046 0.094884
v 0.061466 1.085689 0.127843
v 0.053397 1.079578 0.167118
v 0.029997 0.984701 0.333271
v 0.063614 0.892118 0.193261
v 0.047195 0.494827 -0.304090
v 0.185864 0.552642 0.048101
v 0.062554 0.632507 0.308543
v 0.029333 0.888019 0.202675
v 0.053761 0.922164 0.306133
v 0.053761 0.915231 0.299200
v 0.053761 0.916160 0.295733
v 0.053761 0.941106 0.292267
v 0.015079 0.955435 0.342271
v 0.106589 0.267301 -0.245351
v 0.113677 0.267301 -0.237207
v 0.132121 0.233188 -0.175704
v 0.128229 0.494827 -0.253064
v 0.102986 0.545501 -0.292252
v 0.176971 0.288638 0.130014
v 0.156206 0.234273 0.209859
v 0.132193 0.632755 0.285054
v 0.116686 0.664863 0.283042
v 0.051193 0.903813 0.238560
v 0.054548 0.798438 0.085335
v 0.078076 0.848329 0.072294
v 0.080370 0.947308 0.052455
v 0.084023 0.964376 0.065766
v 0.049554 1.066618 0.209267
v 0.042909 1.037105 0.265587
v 0.039607 0.912400 0.356062
v 0.040138 0.899434 0.340885
v 0.176722 0.494827 -0.151859
v 0.200713 0.407135 -0.135769
v 0.195718 0.559309 -0.129014
v 0.201023 0.494826 -0.125974
v 0.204292 0.432811 -0.078563
v 0.203115 0.442982 -0.069419
v 0.187078 0.417988 0.108628
v 0.160201 0.490548 0.100418
v 0.202859 0.448362 -0.055863
v 0.200612 0.494826 -0.029235
v 0.170801 0.619153 0.024890
v 0.109369 0.666077 -0.061103
v 0.026274 1.130757 0.120148
v 0.038695 1.167821 0.129803
v 0.048955 1.130439 0.103793
v 0.058368 1.080205 0.093905
v 0.063202 1.098849 0.090718
v 0.069164 1.161347 0.146606
v 0.069428 1.160000 0.135092
v 0.048125 0.651915 -0.193507
v 0.045858 0.114605 -0.118012
v 0.042828 0.219930 -0.075664
v 0.032877 0.940079 0.339573
v 0.196659 0.494827 0.071266
v 0.031371 0.605959 -0.307615
v 0.031371 0.620002 -0.302575
v 0.053055 0.221776 0.291371
v 0.053055 0.228455 0.302799
v 0.021860 0.917959 0.282238
v 0.015079 0.956817 0.343732
v 0.053028 0.648284 -0.013654
v 0.053761 0.937640 0.305204
v 0.124571 0.014404 -0.173738
v 0.081854 0.008414 -0.187532
v 0.174164 0.360276 0.165790
v 0.101478 0.494827 -0.295946
v 0.088779 0.545501 -0.309129
v 0.068592 0.622850 -0.291648
v 0.100122 0.643018 -0.198620
v 0.128204 0.698817 0.212880
v 0.105188 0.748298 0.239284
v 0.056627 0.894815 0.046079
v 0.076718 0.922220 0.048163
v 0.032094 0.955435 0.342271
v 0.045028 0.920357 0.278863
v 0.041354 0.908222 0.309979
v 0.099616 0.662469 -0.154673
v 0.112082 0.628088 -0.160950
v 0.176196 0.320247 -0.050409
v 0.147540 0.306869 -0.048996
v 0.206637 0.340827 0.059091
v 0.210709 0.357143 0.052704
v 0.169530 0.567386 0.084375
v 0.182560 0.560706 0.080577
v 0.197986 0.437291 0.071252
v 0.201148 0.399768 0.014217
v 0.199158 0.448362 0.023318
v 0.046779 1.201887 0.174132
v 0.059168 1.197382 0.161101
v 0.067371 1.198929 0.165909
v 0.049897 1.203393 0.174637
v 0.050487 1.202160 0.162282
v 0.008684 0.249441 -0.121622
v 0.037091 0.125709 -0.142789
v 0.005558 0.234543 -0.091829
v 0.108557 0.120819 -0.137954
v 0.122708 0.020451 -0.181544
v 0.068625 1.022178 0.204449
v 0.066938 1.027320 0.206533
v 0.064683 1.030506 0.210821
v 0.062463 1.030882 0.216165
v 0.060872 1.028348 0.221132
v 0.060338 1.023582 0.224392
v 0.061003 1.017862 0.225072
v 0.062690 1.012720 0.222988
v 0.064945 1.009534 0.218700
v 0.067165 1.009157 0.213356
v 0.068756 1.011692 0.208388
v 0.069290 1.016457 0.205128
v 0.071021 1.025300 0.206753
v 0.070294 1.022452 0.205124
v 0.072202 1.019844 0.206047
v 0.072929 1.022692 0.207676
v 0.072541 1.024575 0.209772
v 0.073452 1.020367 0.209228
v 0.073063 1.022250 0.211324
v 0.069041 1.029483 0.209953
v 0.068608 1.027594 0.207207
v 0.071455 1.027189 0.209498
v 0.071014 1.027801 0.212240
v 0.072100 1.025187 0.212514
v 0.066794 1.031272 0.214790
v 0.066352 1.030780 0.211495
v 0.069483 1.029975 0.213248
v 0.069280 1.029181 0.215971
v 0.070812 1.027007 0.214963
v 0.064880 1.030188 0.219969
v 0.064132 1.031157 0.216839
v 0.067541 1.030304 0.217921
v 0.067804 1.028345 0.219965
v 0.069544 1.027222 0.218016
v 0.063813 1.026522 0.224102
v 0.062542 1.028622 0.221807
v 0.066150 1.028088 0.222264
v 0.066981 1.025517 0.223152
v 0.068635 1.025774 0.220853
v 0.063878 1.021255 0.226080
v 0.062008 1.023856 0.225067
v 0.065683 1.023920 0.225115
v 0.067032 1.021455 0.224678
v 0.068330 1.023052 0.222715
v 0.065059 1.015799 0.225375
v 0.062673 1.018136 0.225746
v 0.066265 1.018918 0.225709
v 0.067943 1.017248 0.224134
v 0.068710 1.019785 0.223103
v 0.067039 1.011616 0.222174
v 0.064359 1.012994 0.223662
v 0.067740 1.014422 0.223887
v 0.069470 1.014022 0.221666
v 0.069673 1.016847 0.221913
v 0.069287 1.009827 0.217337
v 0.066615 1.009808 0.219374
v 0.069712 1.011636 0.220137
v 0.071204 1.012642 0.217935
v 0.070962 1.015027 0.219464
v 0.071201 1.010911 0.212158
v 0.068835 1.009431 0.214030
v 0.071653 1.011307 0.215464
v 0.072680 1.013478 0.213941
v 0.072230 1.014812 0.216411
v 0.072268 1.014578 0.208026
v 0.070425 1.011966 0.209063
v 0.073044 1.013523 0.211121
v 0.073502 1.016305 0.210754
v 0.073138 1.016260 0.213574
v 0.070959 1.016732 0.205803
v 0.073511 1.017690 0.208270
v 0.073443 1.018982 0.211712
v 0.070089 1.019404 0.204410
v 0.070160 1.013785 0.206521
v 0.068829 1.025226 0.205163
v 0.066717 1.029689 0.208577
v 0.064318 1.031598 0.213739
v 0.062276 1.030441 0.219265
v 0.061138 1.026529 0.223674
v 0.061208 1.020910 0.225785
v 0.062468 1.015088 0.225032
v 0.064581 1.010625 0.221618
v 0.066979 1.008716 0.216456
v 0.069021 1.009872 0.210930
v 0.062355 1.034105 0.157756
v 0.058297 1.053583 0.169866
v 0.054055 1.064244 0.187326
v 0.050255 1.062137 0.205162
v 0.047491 1.048157 0.220677
v 0.047238 1.026677 0.228380
v 0.049537 1.004425 0.227762
v 0.053022 0.986045 0.220596
v 0.057054 0.976116 0.205313
v 0.061604 0.977164 0.183937
v 0.064504 0.990321 0.165419
v 0.064489 1.011478 0.156408
v 0.063697 1.022954 0.155674
v 0.060455 1.044527 0.162723
v 0.056142 1.060411 0.178300
v 0.052092 1.064770 0.196330
v 0.048663 1.056494 0.213488
v 0.046990 1.037880 0.225756
v 0.048136 1.015360 0.228921
v 0.051206 0.994426 0.225088
v 0.054964 0.979792 0.214007
v 0.059319 0.975150 0.194978
v 0.063461 0.982326 0.173643
v 0.064778 1.000364 0.159686
v 0.068684 1.028031 0.158896
v 0.065007 1.033731 0.158602
v 0.067212 1.038017 0.162262
v 0.070889 1.032318 0.162556
v 0.073344 1.026939 0.164406
v 0.072056 1.035583 0.167354
v 0.074512 1.030204 0.169204
v 0.075206 1.025589 0.171778
v 0.074173 1.032630 0.174263
v 0.074866 1.028016 0.176836
v 0.065221 1.046875 0.168396
v 0.061342 1.052397 0.170663
v 0.063202 1.054134 0.175807
v 0.066783 1.048348 0.173855
v 0.070250 1.043180 0.172588
v 0.067884 1.048461 0.179223
v 0.070703 1.043499 0.178247
v 0.072733 1.038851 0.178247
v 0.070747 1.042745 0.183300
v 0.072297 1.038060 0.183723
v 0.061359 1.059265 0.183903
v 0.057377 1.062658 0.187576
v 0.059609 1.061056 0.192138
v 0.063165 1.056931 0.188557
v 0.066097 1.052096 0.185898
v 0.064595 1.053451 0.192497
v 0.066999 1.048482 0.189956
v 0.069071 1.044113 0.188390
v 0.067892 1.044299 0.192951
v 0.069882 1.038012 0.191882
v 0.057954 1.060212 0.200336
v 0.053892 1.060553 0.204891
v 0.056391 1.056515 0.208304
v 0.060435 1.056019 0.203548
v 0.063262 1.052716 0.198964
v 0.062143 1.050127 0.205237
v 0.064761 1.047163 0.200666
v 0.066989 1.043612 0.197199
v 0.066281 1.042158 0.201353
v 0.068802 1.037016 0.197380
v 0.055105 1.050122 0.215567
v 0.051298 1.047113 0.219891
v 0.054315 1.041467 0.221306
v 0.058153 1.044421 0.216771
v 0.061216 1.045241 0.211061
v 0.060822 1.038872 0.216436
v 0.063570 1.039989 0.210651
v 0.065776 1.039701 0.205545
v 0.065724 1.035692 0.209407
v 0.067930 1.035100 0.203523
v 0.054182 1.031448 0.224810
v 0.051013 1.026524 0.227405
v 0.054763 1.020991 0.226042
v 0.057902 1.025924 0.223528
v 0.060661 1.030077 0.219491
v 0.061180 1.020687 0.220621
v 0.063960 1.024834 0.216526
v 0.065452 1.028377 0.212109
v 0.065953 1.020036 0.213013
v 0.067453 1.023577 0.208573
v 0.055843 1.010711 0.225691
v 0.053239 1.005149 0.226628
v 0.057276 1.001033 0.223982
v 0.059977 1.006566 0.222784
v 0.062185 1.011468 0.220244
v 0.063519 1.003030 0.218774
v 0.065756 1.007923 0.216156
v 0.066719 1.011920 0.213055
v 0.067977 1.004791 0.211885
v 0.068978 1.008776 0.208682
v 0.058873 0.992510 0.220634
v 0.056528 0.987351 0.219600
v 0.060555 0.985574 0.215586
v 0.062963 0.990715 0.216450
v 0.064776 0.995817 0.215987
v 0.066147 0.990203 0.211939
v 0.067999 0.995293 0.211370
v 0.068757 0.999320 0.209766
v 0.069624 0.995747 0.207149
v 0.070408 0.999766 0.205477
v 0.062308 0.980756 0.208694
v 0.060231 0.977343 0.204865
v 0.064334 0.978161 0.199761
v 0.066412 0.981573 0.203590
v 0.067645 0.986228 0.206466
v 0.069479 0.983874 0.199092
v 0.070711 0.988528 0.201968
v 0.070660 0.993248 0.203710
v 0.071987 0.991697 0.198764
v 0.071932 0.996418 0.200515
v 0.066543 0.978238 0.189498
v 0.064519 0.977918 0.183945
v 0.068524 0.981504 0.179280
v 0.070548 0.981825 0.184832
v 0.071464 0.983903 0.190415
v 0.073237 0.986759 0.181670
v 0.074153 0.988837 0.187253
v 0.073565 0.991724 0.192282
v 0.074990 0.994145 0.185460
v 0.074402 0.997031 0.190489
v 0.069822 0.987816 0.170566
v 0.067161 0.990796 0.165902
v 0.070337 0.996501 0.164102
v 0.072998 0.993522 0.168766
v 0.074397 0.992264 0.174209
v 0.074900 0.999778 0.168604
v 0.076298 0.998520 0.174047
v 0.076027 0.998536 0.179400
v 0.076472 1.004454 0.174921
v 0.076201 1.004470 0.180273
v 0.070279 1.006608 0.159917
v 0.067069 1.011604 0.157130
v 0.069721 1.017318 0.158136
v 0.072931 1.012323 0.160922
v 0.074850 1.008485 0.165017
v 0.074324 1.017626 0.163575
v 0.076243 1.013788 0.167669
v 0.076433 1.011131 0.172103
v 0.075974 1.018209 0.171041
v 0.076165 1.015551 0.175475
v 0.066287 1.022851 0.156488
v 0.072117 1.022498 0.160544
v 0.075551 1.022066 0.167436
v 0.075629 1.021731 0.175383
v 0.063239 1.043811 0.163502
v 0.069236 1.041283 0.166964
v 0.073116 1.037647 0.172858
v 0.073796 1.033852 0.179639
v 0.059245 1.059048 0.178823
v 0.064931 1.054034 0.181040
v 0.068597 1.046966 0.184218
v 0.070821 1.038329 0.188473
v 0.055597 1.063116 0.196294
v 0.061701 1.057650 0.196041
v 0.065790 1.048574 0.195408
v 0.069262 1.037570 0.194702
v 0.052398 1.055118 0.212970
v 0.059051 1.051260 0.210522
v 0.063947 1.044322 0.205756
v 0.068405 1.036277 0.200206
v 0.050778 1.037268 0.224896
v 0.057690 1.035655 0.221298
v 0.063812 1.033324 0.214616
v 0.067387 1.030935 0.206960
v 0.051923 1.015648 0.227746
v 0.058746 1.016036 0.223819
v 0.064621 1.016119 0.217040
v 0.068051 1.015837 0.209026
v 0.054814 0.995527 0.224004
v 0.061420 0.997992 0.220380
v 0.066916 1.000843 0.214270
v 0.069854 1.003257 0.207283
v 0.058299 0.981159 0.213280
v 0.064564 0.985171 0.211000
v 0.069237 0.991257 0.207381
v 0.071053 0.997736 0.203460
v 0.062362 0.976150 0.194763
v 0.068516 0.980249 0.194496
v 0.072427 0.987528 0.195011
v 0.073126 0.995893 0.196034
v 0.066226 0.982929 0.173920
v 0.072120 0.986391 0.175926
v 0.075515 0.992632 0.179954
v 0.075502 1.000049 0.184906
v 0.067382 1.000644 0.160304
v 0.073234 1.002465 0.163715
v 0.076515 1.005798 0.169906
v 0.076390 1.009787 0.177118
v 0.065498 1.017251 0.155782
v 0.064486 1.028555 0.156380
v 0.066060 1.005831 0.157757
v 0.062876 1.039281 0.159978
v 0.060816 1.049037 0.166267
v 0.058703 1.057047 0.174178
v 0.056683 1.062410 0.182946
v 0.054739 1.064502 0.191955
v 0.052904 1.063398 0.200789
v 0.051213 1.059301 0.209345
v 0.049836 1.052315 0.217144
v 0.048976 1.042948 0.223363
v 0.048845 1.032184 0.227147
v 0.049458 1.021002 0.228499
v 0.050628 1.009999 0.228098
v 0.052132 0.999580 0.226337
v 0.053847 0.990384 0.222868
v 0.055659 0.983024 0.217445
v 0.057604 0.977926 0.209843
v 0.059681 0.975534 0.200335
v 0.062000 0.975766 0.189407
v 0.064122 0.979316 0.178475
v 0.065565 0.985939 0.169088
v 0.066101 0.995178 0.162233
v 0.012162 0.926981 0.346720
v 0.012162 0.939328 0.353768
v 0.014819 0.938091 0.364217
v 0.014819 0.922409 0.364217
v 0.082428 1.029426 0.078905
v 0.057552 0.908805 0.240849
v 0.054841 0.966087 0.259745
v 0.056261 0.948266 0.253975
v 0.057993 0.928008 0.253933
v 0.029534 1.017610 0.309098
v 0.048695 0.916860 0.267810
v 0.052331 0.976608 0.260435
v 0.041121 0.915021 0.266162
v 0.086403 0.982956 0.105251
v 0.046846 0.994300 0.284871
v 0.081494 1.028897 0.080055
v 0.081426 1.030065 0.078458
v 0.024773 0.895551 0.241088
v 0.061942 0.908911 0.228726
v 0.024770 0.895637 0.241181
v 0.084569 1.005524 0.068069
v 0.006529 1.018872 0.310627
v 0.078945 0.938424 0.161025
v 0.067835 0.912096 0.222755
v 0.074328 1.020247 0.068419
v 0.071426 0.938300 0.196622
v 0.070714 0.899133 0.204608
v 0.081714 1.017492 0.095646
v 0.064372 0.904274 0.232555
v 0.063858 0.908659 0.228522
v 0.081741 1.030610 0.077277
v 0.073154 0.919814 0.180681
v 0.051820 1.030046 0.070867
v 0.079263 0.958262 0.132767
v 0.081818 0.971216 0.116346
v 0.050418 0.988141 0.265466
v 0.040462 1.024377 0.284582
v 0.070507 0.897281 0.206649
v 0.067919 1.008601 0.064213
v 0.042131 0.990654 0.292409
v 0.044055 0.991502 0.291436
v 0.032762 1.021393 0.307509
v 0.045367 0.980424 0.288373
v 0.052539 0.915179 0.265895
v 0.073465 0.904189 0.202107
v 0.006584 1.021274 0.310063
v 0.060384 0.911418 0.243144
v 0.025055 0.894838 0.240220
v 0.065443 0.900416 0.235521
v 0.018516 1.020123 0.066692
v 0.038752 1.017496 0.304117
v 0.029468 1.028023 0.294241
v 0.086998 1.018271 0.072308
v 0.035354 1.015680 0.307167
v 0.086982 1.013767 0.087136
v 0.035434 1.017166 0.307482
v 0.034955 1.018688 0.307681
v 0.080097 0.939333 0.162157
v 0.081873 1.020922 0.090861
v 0.046520 0.913137 0.263484
v 0.083007 1.030273 0.075748
v 0.037094 1.027063 0.283722
v 0.036190 1.016778 0.306649
v 0.020770 1.020999 0.309216
v 0.085504 1.018614 0.089690
v 0.035107 1.013385 0.306517
v 0.051525 0.976656 0.260144
v 0.028919 1.028993 0.285895
v 0.021472 1.029297 0.287258
v 0.049305 0.930399 0.272574
v 0.023179 0.909364 0.239749
v 0.052096 0.953827 0.276781
v 0.031541 1.018187 0.308770
v 0.029952 1.018721 0.308905
v 0.049243 0.915238 0.266201
v 0.038894 1.021251 0.300407
v 0.006924 1.030453 0.290886
v 0.059407 0.913590 0.242146
v 0.051873 0.972340 0.276689
v 0.079811 1.030871 0.074892
v 0.058366 0.914203 0.241436
v 0.075792 0.935943 0.189970
v 0.061801 0.897265 0.230898
v 0.070098 0.925081 0.209704
v 0.038401 1.000998 0.299213
v 0.058023 0.912864 0.240619
v 0.041308 0.914568 0.265762
v 0.057722 0.910948 0.239827
v 0.067707 1.015962 0.065548
v 0.033967 1.028525 0.284593
v 0.053469 0.916061 0.266218
v 0.055173 0.914945 0.264553
v 0.034371 1.020628 0.307505
v 0.044451 1.011914 0.278124
v 0.054023 0.964462 0.269151
v 0.037736 1.029680 0.287913
v 0.074970 1.011457 0.063867
v 0.057288 0.927387 0.246212
v 0.044215 1.007866 0.286896
v 0.050332 0.970783 0.282340
v 0.037413 1.020252 0.305614
v 0.013830 1.029827 0.289237
v 0.078061 0.938540 0.159525
v 0.036356 1.020775 0.306668
v 0.050925 0.920398 0.268956
v 0.087742 1.003745 0.075625
v 0.088046 1.010819 0.074290
v 0.030720 1.021860 0.307397
v 0.028449 1.021380 0.308104
v 0.036246 1.012143 0.305515
v 0.081613 1.005438 0.067201
v 0.032849 1.029068 0.285345
v 0.050957 0.987841 0.266703
v 0.049182 0.897240 0.240265
v 0.074071 0.961556 0.170637
v 0.086106 1.004278 0.071424
v 0.085978 1.005252 0.070026
v 0.084247 1.003490 0.070561
v 0.084054 1.002703 0.071678
v 0.068190 0.898978 0.222454
v 0.031761 1.030346 0.288105
v 0.021711 1.030372 0.289310
v 0.088168 1.016068 0.075633
v 0.059108 0.912469 0.241054
v 0.084208 1.026979 0.080329
v 0.068682 0.894659 0.211486
v 0.082215 1.028036 0.080825
v 0.082943 1.024220 0.085783
v 0.085602 1.012858 0.096858
v 0.087904 1.004612 0.091780
v 0.069472 0.908186 0.219790
v 0.054318 0.966337 0.258536
v 0.070746 0.900939 0.202528
v 0.052717 1.011675 0.062487
v 0.087583 1.007595 0.070007
v 0.064312 0.900001 0.236613
v 0.083810 1.010988 0.065012
v 0.047942 0.999681 0.270411
v 0.043040 0.911981 0.258142
v 0.045316 0.914683 0.265789
v 0.068135 0.895872 0.207722
v 0.081382 1.008471 0.065254
v 0.028102 1.019242 0.308912
v 0.080586 1.006249 0.066436
v 0.059280 0.899038 0.238489
v 0.053661 0.898583 0.239481
v 0.054021 0.898114 0.239401
v 0.057964 0.899838 0.238570
v 0.058938 0.900198 0.238155
v 0.013701 1.028178 0.295953
v 0.056354 0.940541 0.251385
v 0.080873 1.030886 0.076435
v 0.069937 0.902188 0.219494
v 0.049059 0.911071 0.252860
v 0.050724 0.939926 0.274677
v 0.048016 0.997735 0.275552
v 0.073521 1.030689 0.073226
v 0.080272 1.030168 0.073248
v 0.076374 0.938190 0.158713
v 0.045492 0.992375 0.290206
v 0.051500 1.030853 0.075459
v 0.070534 0.904895 0.197669
v 0.032229 1.019832 0.308288
v 0.051088 0.908162 0.241798
v 0.051280 0.895327 0.232583
v 0.083401 1.009752 0.104654
v 0.040649 1.022046 0.289467
v 0.079112 1.031021 0.076606
v 0.073515 0.904194 0.202726
v 0.084967 1.008093 0.104612
v 0.076581 0.919635 0.185196
v 0.036697 1.030977 0.072305
v 0.036744 1.030446 0.070589
v 0.085492 0.989827 0.091533
v 0.013023 1.018127 0.310570
v 0.057600 0.895545 0.225117
v 0.080357 1.014167 0.100769
v 0.033575 1.029872 0.286822
v 0.072446 0.905249 0.208732
v 0.070250 0.911184 0.216368
v 0.058854 0.913787 0.241927
v 0.006494 1.017612 0.310692
v 0.064629 0.895281 0.218821
v 0.049248 0.916409 0.267403
v 0.078407 0.945754 0.149780
v 0.023151 0.908109 0.240599
v 0.037153 1.023177 0.301686
v 0.071023 0.924786 0.208767
v 0.056878 0.916844 0.259977
v 0.034828 1.029132 0.285480
v 0.058610 0.914321 0.254107
v 0.046330 0.908997 0.240232
v 0.072516 0.950025 0.183826
v 0.054947 0.940812 0.250468
v 0.054748 0.948681 0.252707
v 0.013113 1.019918 0.310225
v 0.049796 0.914787 0.265793
v 0.080741 0.974345 0.149880
v 0.050600 0.910267 0.239490
v 0.038457 1.027588 0.285100
v 0.024223 0.897190 0.240854
v 0.072072 0.900496 0.204405
v 0.069607 0.896830 0.206763
v 0.069819 0.897525 0.217069
v 0.084227 0.998297 0.117503
v 0.018368 1.030321 0.071494
v 0.073286 0.937772 0.195716
v 0.081683 0.979707 0.103456
v 0.083968 1.019887 0.090394
v 0.052668 0.966677 0.257196
v 0.083929 1.029501 0.074257
v 0.047519 0.981334 0.286861
v 0.059644 0.911323 0.248018
v 0.037270 1.008779 0.062485
v 0.054655 0.956405 0.255297
v 0.067146 0.894637 0.210511
v 0.042566 1.004188 0.296451
v 0.046819 0.999846 0.269054
v 0.028075 0.890782 0.211694
v 0.043953 1.012144 0.276869
v 0.085962 0.998691 0.079288
v 0.047125 0.988365 0.263424
v 0.034228 1.016102 0.307794
v 0.073513 0.908514 0.195699
v 0.074849 0.919945 0.181619
v 0.075734 0.919829 0.183119
v 0.050056 0.919235 0.268748
v 0.039935 1.017754 0.298475
v 0.029353 1.029842 0.287331
v 0.065803 0.898477 0.229868
v 0.037013 1.029292 0.286234
v 0.058472 0.926745 0.247319
v 0.037099 1.028063 0.284661
v 0.053039 0.956640 0.254347
v 0.018487 1.005388 0.064418
v 0.048831 0.970256 0.283798
v 0.046845 0.969748 0.285006
v 0.048584 0.961746 0.281945
v 0.020410 1.017549 0.309962
v 0.071910 0.896433 0.210346
v 0.051062 0.966771 0.256607
v 0.037809 1.027390 0.284692
v 0.055441 0.909456 0.240117
v 0.040795 0.915990 0.267271
v 0.081591 1.015742 0.066738
v 0.006905 1.029261 0.288765
v 0.020304 0.916316 0.267632
v 0.060060 0.911625 0.242029
v 0.050853 0.913534 0.264086
v 0.056024 0.927628 0.245691
v 0.054302 0.914683 0.264919
v 0.051706 0.916557 0.267195
v 0.051140 0.917323 0.267739
v 0.052009 0.918486 0.267947
v 0.037184 1.016165 0.063989
v 0.020817 0.913251 0.264549
v 0.018328 1.030582 0.073988
v 0.082713 0.989393 0.131076
v 0.052174 1.020452 0.067051
v 0.052489 0.916435 0.266618
v 0.035760 1.030033 0.287576
v 0.039577 1.025493 0.291571
v 0.085501 0.977894 0.121373
v 0.038634 1.024175 0.296479
v 0.013783 1.028862 0.287705
v 0.021760 1.030338 0.290714
v 0.087079 0.991281 0.092123
v 0.033378 1.023810 0.302565
v 0.083318 1.004557 0.068574
v 0.087195 1.006430 0.069878
v 0.046114 0.913702 0.264657
v 0.087538 1.006031 0.071354
v 0.038826 1.023957 0.282561
v 0.088230 1.012243 0.080990
v 0.038372 1.028818 0.286673
v 0.072974 0.923954 0.202891
v 0.085233 1.022646 0.084939
v 0.085624 1.025586 0.079716
v 0.071423 0.907354 0.213914
v 0.085889 1.015048 0.068039
v 0.071284 0.900389 0.214197
v 0.056747 0.948094 0.255125
v 0.057137 0.913751 0.258756
v 0.070462 0.895084 0.211782
v 0.055481 0.897048 0.238363
v 0.065361 0.902269 0.234062
v 0.062235 0.898717 0.237375
v 0.068860 0.895523 0.208765
v 0.070707 0.896552 0.207781
v 0.071087 0.896197 0.209018
v 0.070396 0.895545 0.209740
v 0.021409 1.025863 0.299480
v 0.053541 0.893185 0.220490
v 0.081815 1.010702 0.064445
v 0.083681 1.009777 0.064999
v 0.053236 0.919154 0.267444
v 0.060457 0.898284 0.237912
v 0.057050 0.909645 0.240231
v 0.061537 0.893584 0.211317
v 0.040891 1.011663 0.274439
v 0.056188 0.893200 0.210191
v 0.029627 1.030318 0.289056
v 0.084126 1.028661 0.078010
v 0.037075 1.006510 0.063603
v 0.082744 1.029971 0.077724
v 0.051187 0.930047 0.271901
v 0.074340 1.006871 0.065557
v 0.006878 1.028443 0.287772
v 0.037812 1.027386 0.292837
v 0.050691 0.976808 0.259457
v 0.067102 1.025170 0.069731
v 0.051800 1.030799 0.071908
v 0.072578 1.030889 0.076687
v 0.066875 1.030398 0.072187
v 0.035941 1.027588 0.283790
v 0.043609 0.979978 0.289042
v 0.023131 0.910140 0.239456
v 0.036641 1.030981 0.074109
v 0.038756 1.028705 0.287930
v 0.064037 0.899224 0.236873
v 0.081339 1.013272 0.101584
v 0.085807 1.026009 0.078127
v 0.086831 1.022048 0.075438
v 0.082966 0.960054 0.134376
v 0.086596 1.009621 0.067081
v 0.027316 0.889547 0.216734
v 0.080852 1.024954 0.070897
v 0.055650 0.892474 0.212180
v 0.084338 0.985319 0.127700
v 0.052191 0.914000 0.264701
v 0.006781 1.026117 0.300640
v 0.060570 0.892921 0.214194
v 0.085073 1.024260 0.072167
v 0.081304 0.947412 0.151891
v 0.079980 1.030744 0.077449
v 0.053856 0.956452 0.255000
v 0.055734 0.909148 0.240292
v 0.051123 0.908525 0.240698
v 0.059854 0.901306 0.237177
v 0.029138 1.029496 0.286899
v 0.049567 0.940047 0.275519
v 0.071975 0.908783 0.193841
v 0.049954 0.946818 0.277250
v 0.081144 1.024738 0.085903
v 0.067482 0.907880 0.226718
v 0.034002 1.028016 0.293665
v 0.086525 1.003702 0.101502
v 0.013802 1.029434 0.288752
v 0.054990 0.914207 0.263826
v 0.062654 0.898513 0.236980
v 0.028891 1.023808 0.303202
v 0.076650 0.919641 0.185900
v 0.044250 0.916557 0.267705
v 0.050559 0.953655 0.278340
v 0.084955 1.003943 0.070355
v 0.078802 0.930951 0.172616
v 0.087003 0.995287 0.085588
v 0.083149 1.028564 0.079675
v 0.087484 1.000350 0.079587
v 0.063610 0.900976 0.236267
v 0.065385 0.925867 0.210918
v 0.018313 1.030222 0.075226
v 0.055232 0.909989 0.239674
v 0.072188 0.904826 0.198701
v 0.066192 0.903855 0.231678
v 0.082256 1.029411 0.073299
v 0.082612 1.017198 0.095631
v 0.041903 1.003457 0.297507
v 0.036931 1.025159 0.282255
v 0.056074 0.910432 0.239566
v 0.062096 0.904751 0.233015
v 0.081427 0.950905 0.156704
v 0.077977 0.960075 0.169421
v 0.061271 0.901552 0.236628
v 0.062620 0.902981 0.234760
v 0.083672 1.014589 0.097897
v 0.066273 0.902001 0.233137
v 0.087560 0.996344 0.086123
v 0.048445 0.916219 0.267333
v 0.048733 0.988313 0.264022
v 0.065168 0.899639 0.235780
v 0.058531 0.910189 0.247553
v 0.076422 0.919546 0.184494
v 0.034307 1.017589 0.308109
v 0.052440 1.006989 0.064153
v 0.032508 1.017341 0.308578
v 0.060569 0.899497 0.238010
v 0.053196 0.939814 0.273006
v 0.051642 0.915622 0.266310
v 0.031923 1.019281 0.308402
v 0.072876 0.904544 0.200075
v 0.050806 0.962165 0.280193
v 0.085368 1.027499 0.077074
v 0.046310 0.909898 0.239641
v 0.037825 1.013753 0.304782
v 0.052262 0.919530 0.267844
v 0.066030 0.912455 0.223682
v 0.013844 1.030392 0.290968
v 0.052343 0.929926 0.271059
v 0.013394 1.024035 0.304638
v 0.078113 0.947030 0.176839
v 0.028215 1.019803 0.308832
v 0.020558 1.018723 0.309841
v 0.045153 0.909501 0.247293
v 0.059762 0.910504 0.240937
v 0.059694 0.909534 0.241191
v 0.057730 0.910297 0.239827
v 0.058705 0.909510 0.240491
v 0.083573 1.005748 0.067297
v 0.064950 0.897230 0.223785
v 0.083484 0.960956 0.135239
v 0.050394 0.916608 0.267465
v 0.050144 0.915967 0.266988
v 0.066515 0.899096 0.229170
v 0.054995 0.909732 0.247366
v 0.069806 0.896101 0.207895
v 0.062347 0.899930 0.237474
v 0.084869 1.013848 0.097445
v 0.061645 0.900904 0.237127
v 0.067947 0.901883 0.226422
v 0.054443 0.928815 0.268846
v 0.035783 1.025446 0.297579
v 0.061835 0.894042 0.209933
v 0.053432 0.976301 0.261758
v 0.081096 0.990433 0.131883
v 0.076088 0.921286 0.191565
v 0.086062 1.001458 0.075463
v 0.087280 1.002636 0.075316
v 0.083669 1.019802 0.069764
v 0.046018 0.999850 0.268747
v 0.081945 1.030258 0.074206
v 0.083443 0.967843 0.142838
v 0.086635 0.990724 0.111699
v 0.046261 0.913410 0.264059
v 0.046282 0.909336 0.240071
v 0.056887 0.909853 0.239934
v 0.045167 0.999870 0.267990
v 0.067358 0.925673 0.210601
v 0.013078 1.019306 0.310266
v 0.071517 0.896798 0.208396
v 0.064731 0.899797 0.236219
v 0.071864 0.898645 0.206446
v 0.031550 1.025758 0.298370
v 0.053681 0.929057 0.269947
v 0.059351 0.914417 0.249233
v 0.054928 0.918058 0.265787
v 0.060061 0.913075 0.243196
v 0.086044 1.006094 0.068810
v 0.073397 0.904183 0.201403
v 0.082341 1.012362 0.102387
v 0.086320 1.008436 0.067018
v 0.034055 1.030309 0.288586
v 0.037350 1.011110 0.061699
v 0.051631 0.939949 0.274404
v 0.052105 1.005801 0.064856
v 0.074270 0.908237 0.197777
v 0.027537 0.889631 0.215314
v 0.075195 0.949204 0.182978
v 0.084313 1.004333 0.069346
v 0.027945 1.018144 0.309233
v 0.059230 0.910701 0.240720
v 0.073716 1.005659 0.066285
v 0.050413 0.984816 0.275877
v 0.083775 0.972258 0.116976
v 0.059993 0.909293 0.242288
v 0.038977 1.015270 0.303752
v 0.079846 0.956869 0.165018
v 0.060791 0.892998 0.213475
v 0.042363 1.011856 0.275154
v 0.079851 0.938941 0.161647
v 0.018682 1.010000 0.062110
v 0.022076 0.910550 0.252718
v 0.087705 1.012844 0.071350
v 0.067554 0.900139 0.228367
v 0.072641 0.900141 0.206352
v 0.083412 1.003093 0.070669
v 0.084390 1.028964 0.076035
v 0.050941 0.909620 0.239825
v 0.020964 0.912648 0.263352
v 0.087537 0.995787 0.095577
v 0.052539 0.912227 0.258202
v 0.067188 0.895294 0.208592
v 0.058405 0.900524 0.238087
v 0.030491 1.020913 0.308216
v 0.048148 0.946689 0.277896
v 0.085146 0.973598 0.117724
v 0.055983 0.908443 0.241287
v 0.085821 0.981922 0.104596
v 0.053347 0.917617 0.266835
v 0.036892 1.025327 0.068187
v 0.061541 0.894452 0.208850
v 0.066679 0.894108 0.212613
v 0.053354 0.974922 0.267027
v 0.058181 0.912219 0.253283
v 0.048534 0.953460 0.279627
v 0.060383 0.909968 0.241976
v 0.024412 0.896459 0.241212
v 0.083760 0.997245 0.079122
v 0.083024 0.999614 0.075405
v 0.069040 0.938720 0.197286
v 0.081247 1.011849 0.103545
v 0.083954 0.999936 0.075503
v 0.083452 0.999188 0.118185
v 0.006919 1.030456 0.292209
v 0.021230 1.028558 0.286342
v 0.060747 0.903323 0.234883
v 0.069909 0.899215 0.204059
v 0.046795 0.961462 0.282688
v 0.075568 0.976507 0.151680
v 0.079132 1.002042 0.117682
v 0.038200 1.016615 0.305116
v 0.053238 0.948771 0.252108
v 0.054853 0.891882 0.214340
v 0.026225 0.892870 0.227229
v 0.039976 1.001798 0.298711
v 0.058186 0.909781 0.240298
v 0.036493 1.014438 0.306165
v 0.072306 0.898284 0.209015
v 0.083445 0.980162 0.103913
v 0.039704 1.026189 0.284999
v 0.054801 0.897695 0.239274
v 0.074961 1.010201 0.063910
v 0.080152 0.946503 0.150759
v 0.083513 1.011160 0.102682
v 0.037117 1.013221 0.304985
v 0.053773 0.954567 0.271389
v 0.039497 1.024154 0.282969
v 0.038087 1.023649 0.281603
v 0.038250 1.025554 0.283070
v 0.066544 0.908070 0.227715
v 0.077759 0.930978 0.170414
v 0.076028 0.930976 0.168459
v 0.057734 0.908498 0.241941
v 0.084907 1.028036 0.075297
v 0.033341 1.018435 0.308301
v 0.052782 0.913479 0.263578
v 0.054119 0.913945 0.264192
v 0.041781 0.913306 0.264055
v 0.031167 1.029368 0.286048
v 0.044437 0.916103 0.267306
v 0.036868 1.017299 0.306499
v 0.052749 1.010391 0.062545
v 0.080063 1.001892 0.117537
v 0.039391 1.027842 0.286689
v 0.006613 1.022272 0.309205
v 0.085676 1.010063 0.065567
v 0.020491 0.915316 0.266810
v 0.013197 1.021599 0.309472
v 0.043188 0.991235 0.291735
v 0.058766 0.911130 0.240237
v 0.058773 0.910479 0.240236
v 0.035946 1.028588 0.284729
v 0.055405 0.916274 0.264625
v 0.033224 1.029542 0.286398
v 0.060228 0.900658 0.237676
v 0.049829 0.917374 0.268010
v 0.084451 0.993231 0.085233
v 0.036031 1.029956 0.288924
v 0.049660 0.953549 0.278713
v 0.073270 0.909298 0.204487
v 0.048305 0.981824 0.285684
v 0.073626 1.029877 0.072209
v 0.018588 1.006573 0.063707
v 0.087927 1.005169 0.082326
v 0.085895 1.021553 0.084467
v 0.070594 0.950252 0.184097
v 0.055727 0.956123 0.256523
v 0.083311 0.988653 0.091023
v 0.080133 0.942523 0.167163
v 0.078400 0.932685 0.178984
v 0.023077 0.907704 0.241669
v 0.076285 0.960929 0.170181
v 0.059303 0.908859 0.241503
v 0.037975 1.018841 0.305481
v 0.073013 1.031154 0.075568
v 0.056367 0.910125 0.239742
v 0.078929 0.991190 0.132489
v 0.020876 1.021980 0.308360
v 0.077432 0.976239 0.151446
v 0.056034 0.912675 0.258353
v 0.081045 1.000997 0.118352
v 0.061840 0.898995 0.237805
v 0.055678 0.947806 0.264776
v 0.054961 0.940093 0.267680
v 0.054695 0.916729 0.265714
v 0.072294 0.898294 0.208302
v 0.071207 0.895791 0.210355
v 0.072245 0.898289 0.207683
v 0.055643 0.940586 0.251083
v 0.031921 1.030281 0.289537
v 0.063703 0.912820 0.224233
v 0.057281 0.940237 0.252577
v 0.040078 1.021508 0.294766
v 0.053128 0.898909 0.239413
v 0.048635 0.898008 0.240194
v 0.080712 1.018403 0.094843
v 0.055511 0.955627 0.261869
v 0.028113 0.890389 0.212779
v 0.046228 0.908244 0.241210
v 0.053055 0.946854 0.274293
v 0.079949 0.975123 0.150618
v 0.036504 1.029015 0.285771
v 0.080256 0.939422 0.162860
v 0.055800 0.929110 0.264076
v 0.052236 0.946786 0.275493
v 0.085591 1.006833 0.067740
v 0.080962 0.958707 0.133359
v 0.082547 1.006559 0.066532
v 0.036918 1.019364 0.306535
v 0.084846 1.007866 0.066277
v 0.051622 0.962445 0.278927
v 0.052938 0.899264 0.239283
v 0.067470 1.006281 0.065406
v 0.066480 1.031023 0.075649
v 0.066724 1.030973 0.073902
v 0.068779 0.896481 0.217871
v 0.051621 1.031150 0.074299
v 0.087240 1.007994 0.068532
v 0.055791 0.911423 0.252977
v 0.087144 1.020029 0.078321
v 0.018376 1.029620 0.070461
v 0.035483 1.019231 0.307518
v 0.040149 1.026030 0.286273
v 0.030601 1.028693 0.285192
v 0.049825 0.896459 0.239725
v 0.068116 1.010956 0.063333
v 0.018668 1.011317 0.062068
v 0.082619 0.992667 0.084912
v 0.081451 1.014680 0.099612
v 0.047941 0.970077 0.284168
v 0.068459 0.894533 0.212908
v 0.071165 0.895725 0.211772
v 0.076068 0.948643 0.182159
v 0.056915 0.940273 0.258032
v 0.058870 0.926567 0.248454
v 0.034747 1.021540 0.306672
v 0.085185 1.027076 0.078663
v 0.085440 0.655971 -0.126930
v 0.087200 0.650848 -0.142803
v 0.096210 0.662616 -0.152241
v 0.185431 0.593145 -0.131148
v 0.198583 0.537815 -0.122148
v 0.204064 0.339732 -0.075175
v 0.203500 0.418920 -0.062516
v 0.199668 0.398097 0.089876
v 0.191512 0.396822 0.111175
v 0.172270 0.491974 0.097807
v 0.169258 0.587119 0.079106
v 0.199397 0.406519 0.067760
v 0.210853 0.377005 -0.008085
v 0.211096 0.386955 0.005236
v 0.210704 0.389303 0.024908
v 0.018590 0.909702 0.357405
v 0.202545 0.429287 -0.047382
v 0.199736 0.431454 0.026127
v 0.200876 0.463850 -0.020593
v 0.178435 0.620699 -0.021572
v 0.170105 0.621630 0.039449
v 0.175115 0.637485 -0.082129
v 0.159384 0.631460 0.049419
v 0.123238 0.673902 -0.132381
v 0.103065 0.647860 0.032520
v 0.104496 0.643087 0.009513
v 0.011606 1.070420 0.087855
v 0.017095 1.104771 0.094422
v 0.032611 1.056587 0.076919
v 0.033641 1.153625 0.132936
v 0.039031 1.176336 0.162489
v 0.059215 1.083506 0.099962
v 0.058082 1.077836 0.087583
v 0.067387 1.147601 0.143240
v 0.069429 1.172698 0.152300
v 0.062252 1.203202 0.189034
v 0.055345 1.203310 0.189076
v 0.048326 1.203732 0.179675
v 0.050798 1.203914 0.171775
v 0.051471 0.963946 0.044638
v 0.070582 0.112806 -0.116029
v 0.105508 0.126540 -0.149334
v 0.076441 0.134166 -0.163295
v 0.101932 0.115914 -0.126001
v 0.132016 0.643206 0.033487
v 0.177601 0.403317 -0.139883
v 0.177337 0.316027 -0.089158
v 0.207347 0.347431 -0.046376
v 0.207096 0.378836 -0.037848
v 0.180328 0.333267 0.059653
v 0.183568 0.342932 0.090907
v 0.210577 0.351065 0.004356
v 0.205801 0.359754 0.054026
v 0.011411 1.006235 0.064657
v 0.206011 0.397459 0.013789
v 0.041475 0.120157 -0.130401
v 0.198444 0.441761 0.056048
v 0.202503 0.419973 -0.107166
v 0.192436 0.555976 -0.031677
v 0.103941 0.657917 -0.060356
v 0.039089 1.106362 0.132021
v 0.063226 1.106218 0.120316
v 0.050495 1.161962 0.163045
v 0.067519 1.200010 0.177040
v 0.020367 0.932573 0.333659
v 0.123001 0.649278 -0.151428
v 0.032900 0.938662 0.314182
v 0.004862 1.091938 0.119164
v 0.030026 0.939829 0.344305
v 0.030042 0.941154 0.327875
v 0.054061 1.163910 0.132447
v 0.049157 0.649021 0.014820
v 0.180634 0.320464 0.006324
v 0.149829 0.288464 -0.087649
v 0.019393 0.947801 0.318510
v 0.165185 0.297275 0.187824
v 0.122376 0.018273 -0.181964
v 0.038393 0.910986 0.356589
v 0.058929 1.200544 0.164095
v 0.121293 0.547399 -0.255673
v 0.096307 0.670996 -0.130609
v 0.076933 0.964847 0.058267
v 0.137595 0.655205 -0.063525
v 0.043757 0.130890 -0.154332
v 0.058676 1.204731 0.178641
v 0.177439 0.316343 -0.047861
v 0.041991 1.104547 0.088139
v 0.123199 0.665108 0.274650
v 0.052030 0.932075 0.310313
v 0.049257 0.658402 -0.063497
v 0.157865 0.223019 0.003664
v 0.104099 0.259691 -0.246203
v 0.109087 0.279591 -0.246169
v 0.205350 0.387039 0.039941
v 0.034296 0.628450 -0.291674
v 0.152186 0.281430 -0.143814
v 0.150667 0.286149 -0.037422
v 0.161930 0.330855 0.081700
v 0.160426 0.264125 0.023025
v 0.169352 0.299193 0.106181
v 0.062360 1.085380 0.121641
v 0.148495 0.374443 0.262788
v 0.154197 0.509128 0.226740
v 0.143763 0.593662 0.249860
v 0.056983 0.900967 0.221759
v 0.096154 0.682805 0.075747
v 0.087565 0.731636 0.085570
v 0.061360 0.768775 0.081381
v 0.032877 0.934456 0.339200
v 0.083102 0.909837 0.148225
v 0.084993 0.955806 0.087031
v 0.058386 1.036211 0.083527
v 0.064106 1.059139 0.146645
v 0.059429 1.053828 0.177223
v 0.037270 0.968559 0.319236
v 0.050977 0.959873 0.255550
v 0.052873 0.911997 0.248628
v 0.043723 0.921550 0.305195
v 0.040919 0.922103 0.336057
v 0.040796 1.038984 0.265549
v 0.043050 0.648366 -0.156815
v 0.074843 0.845392 0.211178
v 0.184212 0.556674 0.064339
v 0.131132 0.573606 0.294642
v 0.090541 0.847232 0.173466
v 0.027005 0.935908 0.332213
v 0.017999 1.111347 0.119656
v 0.062030 0.233561 -0.247586
v 0.049757 0.269302 -0.257668
v 0.048574 0.399499 -0.285356
v 0.044389 0.545501 -0.309130
v 0.048636 0.602698 -0.309800
v 0.020914 0.612060 -0.306440
v 0.152298 0.399499 -0.171289
v 0.161077 0.499243 0.145990
v 0.113743 0.745918 0.133002
v 0.150329 0.224443 0.208793
v 0.132662 0.268680 -0.194512
v 0.076074 0.201083 -0.029174
v 0.072226 0.209034 0.190118
v 0.100150 0.231087 -0.236136
v 0.033745 0.205630 -0.214184
v 0.080234 0.206516 -0.178117
v 0.076728 0.220913 0.288532
v 0.035370 0.223812 0.296752
v 0.056104 0.237553 0.304094
v 0.128667 0.377106 0.298621
v 0.059940 0.382029 0.311770
v 0.090634 0.919198 0.095711
v 0.058343 0.664648 0.296406
v 0.061641 0.574957 0.313347
v 0.137253 0.666778 0.219561
v 0.047544 0.747061 0.263982
v 0.137492 0.665354 0.129733
v 0.035145 0.842676 0.223185
v 0.114051 0.748930 0.201127
v 0.025597 0.902989 0.242456
v 0.020677 0.907999 0.312088
v 0.130716 0.399499 -0.233192
v 0.126236 0.223493 -0.176151
v 0.118465 0.665993 0.081743
v 0.206562 0.394073 -0.016506
v 0.097282 0.847526 0.114542
v 0.085476 0.848001 0.079843
v 0.083808 0.921749 0.055662
v 0.055587 0.846626 0.065707
v 0.074042 1.004204 0.127741
v 0.068375 1.033728 0.089758
v 0.054908 0.920848 0.041464
v 0.039973 1.007764 0.066889
v 0.055510 1.076154 0.168555
v 0.048103 1.007944 0.254713
v 0.029130 1.079694 0.167118
v 0.032066 0.983392 0.332051
v 0.019341 1.040978 0.265512
v 0.016549 0.844859 0.059380
v 0.003242 1.083224 0.153474
v 0.016549 0.919412 0.035026
v 0.005568 1.063524 0.096767
v 0.014999 0.984719 0.333353
v 0.027021 0.756836 0.075007
v 0.161554 0.565457 -0.150021
v 0.044187 0.691533 0.067413
v 0.048083 0.657912 0.053215
v 0.104237 0.399499 -0.275947
v 0.095882 0.545501 -0.300691
v 0.140706 0.551195 -0.189831
v 0.079439 0.609512 -0.298542
v 0.114867 0.625291 -0.194512
v 0.101787 0.617779 -0.258772
v 0.044609 0.643507 -0.255975
v 0.066748 0.648349 -0.207768
v 0.042583 0.909896 0.309874
v 0.025318 0.655497 -0.117864
v 0.055641 0.660619 -0.115586
v 0.010053 0.955908 0.342812
v 0.021396 0.954987 0.341838
v 0.121177 0.231930 0.291741
v 0.024432 0.922879 0.371858
v 0.011790 0.922097 0.372243
v 0.052029 0.942748 0.291827
v 0.053761 0.921855 0.306670
v 0.053761 0.915541 0.295733
v 0.052030 0.917496 0.306406
v 0.052029 0.938842 0.285061
v 0.053761 0.934483 0.306670
v 0.053761 0.921855 0.284797
v 0.052030 0.913589 0.291827
v 0.052030 0.913589 0.299640
v 0.053761 0.940797 0.295733
v 0.053761 0.934483 0.284797
v 0.053761 0.928169 0.286489
v 0.053761 0.936175 0.300356
v 0.052029 0.932075 0.281154
v 0.052030 0.942748 0.299640
v 0.052029 0.917496 0.285061
v 0.052029 0.924262 0.281154
v 0.100138 0.748063 0.246671
v 0.052030 0.924262 0.310313
v 0.053761 0.925167 0.297467
v 0.052030 0.938842 0.306406
v 0.047052 0.220288 -0.239063
v 0.120240 0.010532 -0.164581
v 0.100245 0.005713 -0.168997
v 0.080342 0.010377 -0.187287
v 0.098797 0.004240 -0.158509
v 0.078968 0.004261 -0.170587
v 0.066221 0.943013 0.197081
v 0.101949 0.012254 -0.184958
v 0.102308 0.018096 -0.192592
v 0.016549 0.962510 0.038769
v 0.099214 0.742501 0.097326
v 0.069459 1.022315 0.204786
v 0.065518 1.030643 0.211158
v 0.068000 1.009294 0.213693
v 0.061838 1.017999 0.225409
v 0.063297 1.031020 0.216502
v 0.069590 1.011829 0.208726
v 0.063524 1.012857 0.223325
v 0.061707 1.028485 0.221470
v 0.067773 1.027457 0.206870
v 0.065780 1.009670 0.219037
v 0.061173 1.023719 0.224730
v 0.070125 1.016595 0.205466
v 0.071612 1.022572 0.206400
v 0.072996 1.022471 0.209500
v 0.070031 1.027391 0.208353
v 0.071778 1.026188 0.211006
v 0.067918 1.030378 0.212372
v 0.070147 1.028491 0.214106
v 0.065837 1.030730 0.217380
v 0.068542 1.028763 0.217968
v 0.064346 1.028355 0.222035
v 0.067393 1.026931 0.221559
v 0.063846 1.023888 0.225091
v 0.067007 1.023486 0.223915
v 0.064469 1.018527 0.225727
v 0.067488 1.019351 0.224406
v 0.066049 1.013708 0.223774
v 0.068706 1.015635 0.222900
v 0.068163 1.010722 0.219756
v 0.070337 1.013332 0.219800
v 0.070244 1.010369 0.214747
v 0.071942 1.013060 0.215938
v 0.071734 1.012744 0.210092
v 0.073091 1.014892 0.212347
v 0.072235 1.017211 0.207036
v 0.073477 1.018336 0.209991
v 0.070887 1.021017 0.217213
v 0.048879 1.037575 0.225339
v 0.054777 0.986697 0.220092
v 0.065779 1.011541 0.156769
v 0.050032 1.015504 0.228329
v 0.058642 0.976730 0.205089
v 0.059763 1.053049 0.170215
v 0.053014 0.994975 0.224536
v 0.063061 0.977541 0.183941
v 0.055711 1.063456 0.187450
v 0.056632 0.980475 0.213644
v 0.065833 0.990558 0.165660
v 0.061845 1.044170 0.163112
v 0.052079 1.061344 0.205013
v 0.060841 0.975650 0.194871
v 0.057693 1.059729 0.178562
v 0.049398 1.047634 0.220273
v 0.064844 0.982628 0.173782
v 0.053847 1.063943 0.196304
v 0.049120 1.026602 0.227906
v 0.066080 1.000504 0.159995
v 0.050536 1.055805 0.213214
v 0.051391 1.004786 0.227188
v 0.063681 1.033918 0.158179
v 0.064992 1.022903 0.156081
v 0.067948 1.033024 0.160579
v 0.072700 1.031261 0.165880
v 0.074689 1.029110 0.173020
v 0.064129 1.050510 0.172127
v 0.068965 1.045953 0.175928
v 0.071755 1.041032 0.180812
v 0.060466 1.060199 0.188021
v 0.065302 1.052934 0.189210
v 0.068494 1.043848 0.190797
v 0.057186 1.058371 0.204286
v 0.062695 1.051638 0.202127
v 0.066727 1.042574 0.199159
v 0.054693 1.045799 0.218481
v 0.060989 1.042241 0.213803
v 0.065798 1.037791 0.207353
v 0.054432 1.026231 0.225537
v 0.060912 1.025384 0.220078
v 0.065702 1.024207 0.212561
v 0.056563 1.005871 0.224827
v 0.062856 1.007248 0.219498
v 0.067353 1.008354 0.212457
v 0.059742 0.989034 0.218033
v 0.065478 0.993005 0.213918
v 0.069197 0.997532 0.208441
v 0.063321 0.979458 0.204228
v 0.068562 0.985051 0.202779
v 0.071324 0.992473 0.201234
v 0.067534 0.979871 0.184389
v 0.072351 0.985331 0.186043
v 0.074277 0.992934 0.188871
v 0.070080 0.992159 0.167334
v 0.074648 0.996021 0.171407
v 0.076249 1.001495 0.177160
v 0.070000 1.011963 0.159026
v 0.074587 1.013055 0.164296
v 0.076204 1.014670 0.171572
v 0.069202 1.022675 0.158516
v 0.073834 1.022282 0.163990
v 0.075590 1.021899 0.171409
v 0.066245 1.042553 0.165221
v 0.071185 1.039470 0.169900
v 0.073456 1.035750 0.176248
v 0.062296 1.056869 0.179806
v 0.066929 1.050499 0.182573
v 0.069879 1.043235 0.186080
v 0.058798 1.060690 0.196183
v 0.063895 1.053240 0.195740
v 0.067515 1.043638 0.195074
v 0.055750 1.053318 0.211930
v 0.061619 1.047825 0.208173
v 0.066124 1.040720 0.203236
v 0.054208 1.036469 0.223168
v 0.060733 1.034495 0.218006
v 0.065597 1.032130 0.210795
v 0.055287 1.015856 0.225911
v 0.061672 1.016080 0.220459
v 0.066332 1.015979 0.213043
v 0.058092 0.996767 0.222260
v 0.064160 0.999420 0.217348
v 0.068374 1.002053 0.210806
v 0.061432 0.983165 0.212140
v 0.066901 0.988214 0.209189
v 0.070149 0.994495 0.205409
v 0.065439 0.978199 0.194630
v 0.070471 0.983889 0.194754
v 0.072776 0.991711 0.195523
v 0.069173 0.984660 0.174923
v 0.073817 0.989512 0.177940
v 0.075508 0.996341 0.182430
v 0.070308 1.001554 0.162009
v 0.074875 1.004131 0.166811
v 0.076453 1.007792 0.173512
v 0.071568 1.019647 0.193659
v 0.012162 0.933154 0.350244
v 0.013491 0.938709 0.358993
v 0.014819 0.930250 0.364217
v 0.086753 1.008735 0.094319
v 0.038023 1.022214 0.301047
v 0.018321 1.030402 0.074607
v 0.031135 1.023809 0.302883
v 0.035265 1.023493 0.302125
v 0.050685 0.986328 0.271290
v 0.024914 0.895195 0.240654
v 0.061585 0.899474 0.237763
v 0.052331 0.897999 0.239716
v 0.083567 1.029467 0.076879
v 0.084167 1.027820 0.079169
v 0.051106 0.908344 0.241248
v 0.033439 1.018985 0.308041
v 0.086483 1.002791 0.074067
v 0.050246 0.930223 0.272237
v 0.052375 0.917982 0.267231
v 0.071289 0.898889 0.205527
v 0.056896 0.928559 0.259004
v 0.058738 0.922997 0.250540
v 0.072859 0.905961 0.198158
v 0.072782 0.903074 0.201961
v 0.082044 1.024479 0.085843
v 0.073856 0.949614 0.183402
v 0.054432 0.965274 0.264448
v 0.034559 1.021084 0.307088
v 0.027825 0.890010 0.214046
v 0.052486 0.913740 0.264139
v 0.058671 0.926656 0.247886
v 0.021520 0.911599 0.258035
v 0.052594 1.008690 0.063349
v 0.052446 1.016064 0.064769
v 0.006697 1.024195 0.304922
v 0.078255 0.935981 0.163655
v 0.079649 0.941290 0.157810
v 0.037590 1.025356 0.282662
v 0.080345 0.974734 0.150249
v 0.033856 1.019531 0.307903
v 0.034831 1.016634 0.307638
v 0.054286 0.912451 0.258277
v 0.051561 1.031002 0.074879
v 0.030222 1.019817 0.308560
v 0.085952 1.023154 0.073803
v 0.070551 0.898957 0.215633
v 0.074531 0.922620 0.197228
v 0.057643 0.908651 0.241395
v 0.057880 0.927066 0.246765
v 0.073267 1.030922 0.074397
v 0.051167 0.914983 0.265844
v 0.087389 1.007012 0.069943
v 0.082100 1.029835 0.073753
v 0.059085 0.894233 0.219656
v 0.059584 0.912047 0.241542
v 0.052272 1.006395 0.064505
v 0.036520 1.027825 0.284225
v 0.052066 0.916028 0.266464
v 0.083840 0.998743 0.117844
v 0.047912 0.981579 0.286273
v 0.006539 1.019443 0.310377
v 0.059754 0.899847 0.238083
v 0.054062 0.928936 0.269396
v 0.052864 0.918419 0.267409
v 0.053837 0.916802 0.266256
v 0.034864 1.029279 0.286085
v 0.084633 0.981042 0.104255
v 0.057008 0.915298 0.259366
v 0.082085 1.030018 0.078091
v 0.051720 0.933307 0.272454
v 0.053087 0.926046 0.269483
v 0.029743 1.018166 0.309002
v 0.082963 1.024607 0.071532
v 0.078690 0.975681 0.151032
v 0.068728 0.925377 0.210152
v 0.068497 0.895698 0.208244
v 0.056995 0.910092 0.239834
v 0.055891 0.910182 0.239661
v 0.062978 0.900453 0.236870
v 0.081409 1.030572 0.075320
v 0.043161 0.916217 0.267427
v 0.048796 0.916496 0.267515
v 0.049929 0.916328 0.267285
v 0.051493 0.929728 0.271260
v 0.024593 0.896005 0.241150
v 0.020654 0.914284 0.265679
v 0.074965 1.010829 0.063889
v 0.083225 0.960505 0.134807
v 0.006557 1.020073 0.310345
v 0.006512 1.018242 0.310660
v 0.083740 1.015395 0.067388
v 0.049575 0.988227 0.264744
v 0.043390 1.006027 0.291673
v 0.027426 0.889589 0.216024
v 0.083464 0.964400 0.139038
v 0.006850 1.028287 0.296424
v 0.051997 1.025249 0.068959
v 0.053993 0.948726 0.252407
v 0.028094 0.890585 0.212237
v 0.068771 0.895091 0.210126
v 0.040152 1.002228 0.298360
v 0.063506 0.894088 0.210587
v 0.050192 0.946738 0.276695
v 0.085401 1.006150 0.068206
v 0.085586 1.007712 0.067011
v 0.083943 1.005041 0.068321
v 0.083904 1.003095 0.070969
v 0.084505 1.003922 0.070087
v 0.085659 1.005096 0.069731
v 0.086426 1.005320 0.070443
v 0.071865 0.902819 0.211465
v 0.080112 0.958485 0.133063
v 0.031841 1.030313 0.288821
v 0.051865 0.966724 0.256902
v 0.083579 0.998932 0.076677
v 0.074028 1.006265 0.065921
v 0.061684 0.903152 0.234822
v 0.063991 0.902625 0.234411
v 0.070456 0.899762 0.203732
v 0.070157 0.896691 0.207272
v 0.054646 0.914445 0.264373
v 0.066372 0.925770 0.210760
v 0.059233 0.910007 0.240714
v 0.077217 0.938365 0.159119
v 0.059042 0.912244 0.241324
v 0.034398 1.028828 0.285037
v 0.075631 0.948923 0.182569
v 0.032924 1.017888 0.308439
v 0.057220 0.909329 0.240392
v 0.035573 1.017733 0.307165
v 0.052690 0.966554 0.257572
v 0.018348 1.030452 0.072741
v 0.018537 1.005980 0.064062
v 0.068571 0.894596 0.212197
v 0.071555 0.950138 0.183962
v 0.038977 1.025871 0.284035
v 0.038564 1.028761 0.287301
v 0.040113 1.023769 0.290519
v 0.031735 1.028020 0.293953
v 0.018446 1.024872 0.068576
v 0.042235 1.003822 0.296979
v 0.055141 0.897371 0.238819
v 0.055068 0.932672 0.266868
v 0.056763 0.909961 0.247459
v 0.060222 0.911522 0.242586
v 0.054367 0.947330 0.269535
v 0.052823 0.963453 0.274039
v 0.022576 0.909127 0.247194
v 0.006922 1.030455 0.291547
v 0.087063 1.016898 0.082729
v 0.079375 0.998375 0.122569
v 0.080785 1.004912 0.113144
v 0.065817 0.902135 0.233600
v 0.081292 1.016858 0.096701
v 0.082066 1.018537 0.094046
v 0.084170 1.016108 0.095245
v 0.083265 1.014316 0.098737
v 0.080981 1.013096 0.101966
v 0.081710 1.013438 0.101195
v 0.083085 1.011091 0.103241
v 0.073977 1.025062 0.070314
v 0.051095 0.946802 0.276372
v 0.058708 0.910241 0.240509
v 0.085496 1.026542 0.078395
v 0.047929 0.988339 0.263723
v 0.062976 0.898818 0.237076
v 0.061511 0.898666 0.237697
v 0.044202 1.012029 0.277497
v 0.083535 0.992949 0.085073
v 0.021592 1.029835 0.288284
v 0.064360 0.899674 0.236568
v 0.065114 0.899951 0.235840
v 0.067013 0.907975 0.227216
v 0.070560 0.924934 0.209235
v 0.050767 0.916965 0.267602
v 0.087281 0.995815 0.085855
v 0.038695 1.026440 0.292204
v 0.018372 1.029971 0.070977
v 0.071361 0.904861 0.198185
v 0.085236 1.013353 0.097151
v 0.063802 0.897871 0.230383
v 0.058738 0.892600 0.214003
v 0.086458 1.009029 0.067049
v 0.051032 0.918860 0.268348
v 0.050771 0.909944 0.239658
v 0.071186 0.895758 0.211064
v 0.072170 0.897670 0.209221
v 0.073207 0.902842 0.203728
v 0.073711 0.905537 0.200429
v 0.077269 0.923377 0.180769
v 0.075834 0.915838 0.189624
v 0.021584 1.028100 0.295097
v 0.037165 1.019808 0.306074
v 0.021470 1.029465 0.287826
v 0.018675 1.010659 0.062089
v 0.079718 0.936568 0.165878
v 0.080417 0.941895 0.158565
v 0.086112 0.982439 0.104924
v 0.038476 1.017055 0.304616
v 0.021143 1.023922 0.303920
v 0.059843 0.909414 0.241740
v 0.081964 0.959381 0.133867
v 0.020823 1.021490 0.308788
v 0.047878 0.913360 0.263877
v 0.056504 0.948180 0.254550
v 0.054580 0.966212 0.259141
v 0.052733 1.011033 0.062516
v 0.082092 0.971094 0.146359
v 0.049051 0.946754 0.277573
v 0.035896 1.029994 0.288250
v 0.023141 0.909124 0.240027
v 0.055050 0.916502 0.265170
v 0.054749 0.948519 0.253041
v 0.074650 1.008536 0.064733
v 0.020590 1.019274 0.309589
v 0.085008 1.000697 0.075483
v 0.051214 0.962305 0.279560
v 0.061164 0.893291 0.212396
v 0.056541 0.896296 0.231740
v 0.086797 1.013946 0.069695
v 0.087875 1.011831 0.072820
v 0.039927 1.026110 0.285636
v 0.083114 1.008168 0.065765
v 0.068929 0.897661 0.219132
v 0.049695 0.961955 0.281069
v 0.073077 0.906247 0.205315
v 0.077046 0.924538 0.185483
v 0.048771 0.988253 0.264445
v 0.087732 1.000478 0.088952
v 0.053493 0.966507 0.257866
v 0.079123 0.944777 0.172001
v 0.080605 0.944283 0.162242
v 0.056213 0.947950 0.259951
v 0.082321 1.028731 0.079865
v 0.065829 0.899071 0.231606
v 0.031181 1.029519 0.286649
v 0.067258 0.901341 0.229309
v 0.082564 0.979935 0.103684
v 0.086519 0.986840 0.108475
v 0.026771 0.891208 0.221982
v 0.006599 1.021773 0.309634
v 0.035907 1.027701 0.293251
v 0.076658 0.943872 0.182989
v 0.053004 0.915620 0.266057
v 0.072796 1.031022 0.076127
v 0.039415 1.019502 0.299441
v 0.020664 1.019861 0.309529
v 0.020891 0.912950 0.263950
v 0.056035 0.898264 0.239048
v 0.061688 0.894247 0.209392
v 0.020561 0.914784 0.266090
v 0.059087 0.910756 0.247785
v 0.059497 0.912870 0.248625
v 0.071104 0.896516 0.208398
v 0.070897 0.895844 0.209704
v 0.080427 1.030815 0.076942
v 0.071875 0.897911 0.207508
v 0.020398 0.915816 0.267221
v 0.076114 0.923584 0.178384
v 0.075223 0.915963 0.187771
v 0.047790 0.912104 0.258172
v 0.048800 0.961813 0.281440
v 0.051710 1.030975 0.073104
v 0.047689 0.961604 0.282317
v 0.018635 1.008287 0.062909
v 0.006901 1.029448 0.289329
v 0.056586 0.913213 0.258554
v 0.060749 0.901105 0.237152
v 0.058566 0.912666 0.240836
v 0.038318 1.025674 0.283627
v 0.066704 0.895881 0.218346
v 0.021735 1.030355 0.290012
v 0.023114 0.907907 0.241134
v 0.068710 0.905034 0.223106
v 0.045182 0.915130 0.266181
v 0.050862 0.909396 0.240094
v 0.056681 0.909302 0.240399
v 0.057103 0.909953 0.240032
v 0.040940 1.002628 0.298109
v 0.082080 1.005999 0.066866
v 0.058248 0.910713 0.240032
v 0.023155 0.909752 0.239602
v 0.044333 1.009890 0.282510
v 0.020484 1.018136 0.309902
v 0.085431 0.994511 0.114601
v 0.073574 1.030283 0.072718
v 0.054918 0.899110 0.239154
v 0.051567 0.898727 0.239630
v 0.058436 0.900187 0.238271
v 0.076500 0.976373 0.151563
v 0.084088 1.023433 0.085361
v 0.065201 0.908365 0.228118
v 0.050687 0.987991 0.266085
v 0.044877 0.915393 0.266548
v 0.062900 0.908785 0.228624
v 0.030605 1.021387 0.307806
v 0.035294 1.029582 0.286528
v 0.082249 1.000093 0.118268
v 0.074649 1.015852 0.066143
v 0.085564 1.022100 0.084703
v 0.084648 1.028500 0.075666
v 0.006892 1.028852 0.288269
v 0.055504 0.948473 0.253341
v 0.021351 1.028928 0.286800
v 0.085727 0.994259 0.085410
v 0.049359 0.983320 0.280780
v 0.050074 0.909616 0.247329
v 0.074001 0.919880 0.181150
v 0.037735 1.028440 0.285667
v 0.044488 0.980201 0.288707
v 0.052646 0.946820 0.274893
v 0.030884 1.029030 0.285620
v 0.045789 0.914047 0.264924
v 0.051810 1.030422 0.071388
v 0.037347 1.015526 0.305641
v 0.037157 1.028203 0.285232
v 0.087511 1.003191 0.075470
v 0.072393 0.898908 0.207446
v 0.083746 1.010382 0.065006
v 0.018592 1.015720 0.064380
v 0.041627 1.011760 0.274796
v 0.036176 1.018265 0.307008
v 0.042422 1.011904 0.275654
v 0.057248 0.927186 0.246505
v 0.035800 1.013911 0.306341
v 0.043158 1.012000 0.276012
v 0.024318 0.896824 0.241033
v 0.056656 0.927507 0.245952
v 0.046443 0.980879 0.287617
v 0.050443 0.915430 0.266255
v 0.039189 1.001398 0.298962
v 0.023165 0.908736 0.240174
v 0.087986 1.007994 0.078308
v 0.006915 1.029857 0.289825
v 0.030013 1.019261 0.308657
v 0.031464 1.029857 0.287077
v 0.086987 1.021039 0.076880
v 0.036653 1.015000 0.305817
v 0.051032 0.909073 0.240262
v 0.067420 0.899404 0.226664
v 0.070382 0.908908 0.216691
v 0.071416 0.919975 0.209342
v 0.045564 0.980656 0.287952
v 0.025640 0.893854 0.233724
v -0.075953 0.644818 -0.120081
v -0.090971 0.660186 -0.113331
v -0.089398 0.662910 -0.147378
v -0.096249 0.644817 -0.160950
v -0.102983 0.680120 -0.148396
v -0.127914 0.611359 -0.160950
v -0.164857 0.660815 -0.135415
v -0.197733 0.494826 -0.143532
v -0.155712 0.494827 -0.160187
v -0.153264 0.304172 -0.127807
v -0.203694 0.319444 -0.128007
v -0.148163 0.311538 -0.052010
v -0.193703 0.623792 -0.114496
v -0.204228 0.328956 -0.048808
v -0.146916 0.302200 -0.045982
v -0.204313 0.494826 -0.108416
v -0.204270 0.370796 -0.048710
v -0.210449 0.322677 -0.044642
v -0.154115 0.320302 0.058514
v -0.211055 0.336677 0.057407
v -0.153925 0.331113 0.061916
v -0.210440 0.367296 -0.043343
v -0.200379 0.354489 0.116267
v -0.177749 0.341149 0.124671
v -0.201918 0.391138 -0.030422
v -0.202219 0.344977 0.060775
v -0.210363 0.377608 0.048002
v -0.196406 0.494826 0.092586
v -0.142653 0.639946 0.076165
v -0.168714 0.626585 0.068568
v -0.199565 0.379755 0.049918
v -0.174817 0.610458 0.046257
v -0.211756 0.386112 -0.028915
v -0.211168 0.397144 -0.003377
v -0.210580 0.393157 0.030100
v -0.201404 0.401898 -0.003309
v -0.200891 0.397638 0.031743
v -0.196912 0.494826 0.049946
v -0.166786 0.627848 0.003524
v -0.101874 0.680771 -0.113331
v -0.116863 0.651384 -0.008876
v -0.101763 0.653646 0.063136
v -0.090570 0.638551 0.043299
v -0.106056 0.639326 -0.005885
v -0.012547 1.084213 0.070031
v -0.012547 1.033226 0.081392
v -0.009725 1.093822 0.112142
v -0.029014 1.136279 0.101092
v -0.009725 1.090054 0.126186
v -0.023533 1.125235 0.139204
v -0.059266 1.090054 0.126186
v -0.048376 1.199363 0.158514
v -0.063833 1.120108 0.136508
v -0.060910 1.090109 0.112075
v -0.045183 1.204412 0.189750
v -0.068895 1.124599 0.106495
v -0.047841 1.035810 0.081315
v -0.057510 1.073098 0.074940
v -0.069432 1.198096 0.186717
v -0.069960 1.195401 0.163688
v -0.064782 1.202456 0.168130
v -0.065904 1.204088 0.189625
v -0.051419 1.207423 0.190761
v -0.052599 1.204957 0.166050
v 0.001809 0.234655 0.141412
v -0.050298 0.919476 0.280677
v -0.050298 0.913112 0.287041
v -0.050298 0.928169 0.278348
v -0.050298 0.936862 0.280677
v -0.050298 0.943225 0.287041
v -0.050298 0.945554 0.295734
v -0.050298 0.943225 0.304426
v -0.050298 0.936862 0.310790
v -0.050298 0.928169 0.313119
v -0.050298 0.919476 0.310790
v -0.050298 0.913112 0.304426
v -0.050298 0.910783 0.295733
v -0.000000 0.242890 -0.106607
v -0.017368 0.255992 -0.136637
v -0.083478 0.016152 -0.195114
v -0.074182 0.008528 -0.178971
v -0.011117 0.226195 -0.077051
v -0.080599 0.003014 -0.158972
v -0.116072 0.008353 -0.153817
v -0.074540 0.213664 -0.074277
v -0.124998 0.016428 -0.172922
v -0.092116 0.225210 -0.102987
v -0.120418 0.024474 -0.190166
v -0.084499 0.240046 -0.131263
v -0.024325 0.926981 0.346720
v -0.029637 0.922409 0.364217
v -0.024325 0.939328 0.353768
v -0.029684 0.935257 0.313435
v -0.029637 0.938091 0.364217
v -0.036116 0.935257 0.313435
v -0.029684 0.942067 0.314929
v -0.036116 0.942067 0.314929
v -0.101236 0.217633 -0.224694
v -0.086972 0.231817 -0.245331
v -0.099119 0.244471 -0.247906
v -0.113271 0.230429 -0.226610
v -0.099907 0.304172 -0.264092
v -0.139466 0.209965 -0.128504
v -0.114084 0.304172 -0.247803
v -0.094390 0.494827 -0.304090
v -0.150971 0.235946 -0.124797
v -0.164830 0.210038 0.132601
v -0.152323 0.304172 -0.178836
v -0.108567 0.494827 -0.287801
v -0.083168 0.596175 -0.314169
v -0.147891 0.494827 -0.218328
v -0.097405 0.596175 -0.296704
v -0.062742 0.615743 -0.301061
v -0.074441 0.629957 -0.282235
v -0.131308 0.603767 -0.219858
v -0.103995 0.641218 -0.236290
v -0.176193 0.236127 0.135357
v -0.124072 0.219189 0.282855
v -0.170578 0.379402 0.206909
v -0.118305 0.247087 0.301666
v -0.106111 0.229026 0.298082
v -0.136219 0.232420 0.284361
v -0.121457 0.517407 0.311365
v -0.138687 0.511509 0.297095
v -0.125109 0.632507 0.293839
v -0.153326 0.636474 0.176217
v -0.139277 0.633003 0.276269
v -0.108263 0.697220 0.272246
v -0.120148 0.697701 0.256246
v -0.081914 0.798438 0.235868
v -0.136260 0.699934 0.169514
v -0.090228 0.798895 0.222323
v -0.058666 0.888961 0.198364
v -0.117728 0.685062 0.097038
v -0.068562 0.895275 0.188157
v -0.109567 0.799190 0.156426
v -0.043720 0.918665 0.278756
v -0.111715 0.685318 0.090633
v -0.074984 0.709451 0.073471
v -0.091417 0.799485 0.109029
v -0.075997 0.800141 0.092606
v -0.033099 0.796735 0.078065
v -0.093809 0.895569 0.126957
v -0.094335 0.895862 0.065757
v -0.080155 0.896518 0.051981
v -0.033099 0.893112 0.040176
v -0.033099 0.945840 0.029356
v -0.086934 0.938667 0.129562
v -0.087460 0.946694 0.060567
v -0.073281 0.947923 0.044344
v -0.033099 0.979308 0.047661
v -0.080586 0.982058 0.070966
v -0.066406 0.982714 0.057190
v -0.065599 1.080034 0.118801
v -0.063667 1.081324 0.129499
v -0.063051 1.016058 0.191633
v -0.051579 1.064133 0.210484
v -0.047529 1.069103 0.208049
v -0.034238 1.010077 0.320690
v -0.029836 1.012622 0.322974
v -0.030158 0.956779 0.343568
v -0.034030 0.954092 0.340973
v -0.043543 0.941510 0.296046
v -0.046336 0.922050 0.278970
v -0.041289 0.901089 0.340568
v -0.037924 0.923711 0.371556
v -0.038987 0.897779 0.341202
v -0.035371 0.921365 0.373032
v -0.000000 0.207309 -0.236705
v -0.000000 0.224395 -0.249522
v -0.000000 0.304172 -0.269152
v -0.000000 0.494827 -0.304090
v -0.000000 0.596175 -0.314169
v -0.000000 0.624261 -0.304090
v -0.000000 0.192382 0.060359
v -0.000000 0.191949 -0.181153
v -0.000000 0.214526 0.284659
v -0.000000 0.227884 0.307516
v -0.000000 0.246214 0.309112
v -0.000000 0.517407 0.324937
v -0.000000 0.632507 0.323248
v -0.000000 0.696358 0.296291
v -0.000000 0.796229 0.251524
v -0.000000 0.887078 0.206986
v -0.000000 0.917254 0.285720
v -0.000000 0.898298 0.342673
v -0.000000 0.921365 0.372712
v -0.000000 1.069565 0.208049
v -0.000000 1.012622 0.322974
v -0.000000 0.956855 0.343895
v -0.000000 1.090053 0.126186
v -0.000000 1.093823 0.112142
v -0.000000 0.945712 0.029876
v -0.000000 0.979180 0.048181
v -0.000000 0.892984 0.040696
v -0.000000 1.033226 0.081392
v -0.000000 0.796607 0.078585
v -0.000000 0.724552 0.069908
v -0.000000 0.678484 0.063136
v -0.000000 0.660968 0.043291
v -0.000000 0.659013 -0.226063
v -0.000000 0.643842 -0.279310
v -0.000000 0.644818 -0.120164
v -0.000000 0.676855 -0.113347
v -0.000000 0.657241 -0.021424
v -0.000000 0.954092 0.340973
v -0.000000 0.941510 0.296046
v -0.000000 0.923562 0.370987
v -0.053761 0.921235 0.307742
v -0.053761 0.916160 0.302667
v -0.053761 0.928169 0.309600
v -0.053761 0.914302 0.295733
v -0.053761 0.916160 0.288800
v -0.053761 0.935102 0.307742
v -0.053761 0.921235 0.283725
v -0.053761 0.940177 0.302667
v -0.053761 0.928169 0.281867
v -0.053761 0.942035 0.295734
v -0.053761 0.935102 0.283725
v -0.053761 0.940177 0.288800
v -0.115747 0.004968 -0.157031
v -0.082771 0.000625 -0.164216
v -0.124143 0.012380 -0.174555
v -0.078318 0.004878 -0.180187
v -0.119946 0.019810 -0.190213
v -0.085389 0.011950 -0.194876
v -0.069255 1.019267 0.204073
v -0.067995 1.025088 0.204826
v -0.065882 1.029552 0.208240
v -0.063484 1.031461 0.213402
v -0.061442 1.030304 0.218928
v -0.060303 1.026392 0.223337
v -0.060373 1.020772 0.225448
v -0.061633 1.014951 0.224695
v -0.063746 1.010488 0.221281
v -0.066144 1.008579 0.216119
v -0.068186 1.009735 0.210593
v -0.069325 1.013648 0.206184
v -0.070924 1.019541 0.204747
v -0.073423 1.020587 0.211109
v -0.073480 1.020147 0.207347
v -0.072704 1.023912 0.211539
v -0.069664 1.025363 0.205500
v -0.072378 1.025237 0.208005
v -0.071497 1.026462 0.213489
v -0.067552 1.029826 0.208915
v -0.070531 1.029140 0.210991
v -0.070127 1.027552 0.216438
v -0.065153 1.031735 0.214076
v -0.068434 1.030809 0.215505
v -0.068960 1.026892 0.219594
v -0.063111 1.030578 0.219602
v -0.066648 1.029798 0.220336
v -0.068310 1.024657 0.222112
v -0.061973 1.026666 0.224011
v -0.065653 1.026377 0.224192
v -0.068350 1.021447 0.223318
v -0.062043 1.021047 0.226122
v -0.065714 1.021464 0.226038
v -0.069070 1.018122 0.222888
v -0.063303 1.015225 0.225370
v -0.066816 1.016373 0.225380
v -0.070277 1.015573 0.220938
v -0.065415 1.010762 0.221955
v -0.068663 1.012471 0.222394
v -0.071647 1.014482 0.217989
v -0.067814 1.008853 0.216793
v -0.070760 1.010801 0.217880
v -0.072813 1.015143 0.214833
v -0.069856 1.010010 0.211267
v -0.072546 1.011813 0.213048
v -0.073463 1.017377 0.212315
v -0.070994 1.013922 0.206858
v -0.073541 1.015234 0.209193
v -0.064200 1.017248 0.155414
v -0.061516 1.039549 0.159577
v -0.057201 1.057661 0.173861
v -0.053027 1.065328 0.191913
v -0.049373 1.060056 0.209523
v -0.047103 1.043361 0.223701
v -0.047598 1.020956 0.228949
v -0.050305 0.999114 0.226889
v -0.053942 0.982352 0.217891
v -0.058123 0.975001 0.200502
v -0.062691 0.979029 0.178418
v -0.064778 0.995021 0.161970
v -0.063193 1.028660 0.155934
v -0.059392 1.049494 0.165880
v -0.055083 1.063160 0.182740
v -0.051118 1.064225 0.200854
v -0.047953 1.052932 0.217452
v -0.046942 1.032379 0.227637
v -0.048758 1.009740 0.228667
v -0.052067 0.989750 0.223396
v -0.055985 0.977232 0.210123
v -0.060516 0.975299 0.189455
v -0.064230 0.985622 0.168868
v -0.064778 1.005707 0.157402
v -0.066797 1.017253 0.156149
v -0.075947 1.018549 0.175056
v -0.072646 1.017383 0.160123
v -0.076002 1.017869 0.167026
v -0.064235 1.039013 0.160378
v -0.074421 1.031117 0.177962
v -0.070189 1.037022 0.164145
v -0.073924 1.034143 0.170564
v -0.060224 1.056401 0.174509
v -0.071363 1.040289 0.185217
v -0.065786 1.051392 0.177425
v -0.069476 1.045477 0.181264
v -0.056457 1.063665 0.191996
v -0.069003 1.040282 0.193208
v -0.062409 1.057675 0.192319
v -0.066261 1.048680 0.192709
v -0.053072 1.058540 0.209121
v -0.067827 1.038809 0.199681
v -0.059727 1.054284 0.207237
v -0.064279 1.046063 0.203257
v -0.050903 1.042519 0.222879
v -0.067490 1.034328 0.205881
v -0.057813 1.040388 0.219501
v -0.063715 1.037224 0.213009
v -0.051375 1.021030 0.227891
v -0.067692 1.019652 0.208991
v -0.058236 1.020927 0.223967
v -0.064220 1.020419 0.217017
v -0.053968 1.000044 0.225761
v -0.069586 1.005517 0.208193
v -0.060664 1.001998 0.221989
v -0.066393 1.004056 0.215508
v -0.057377 0.983697 0.216999
v -0.070697 0.998535 0.204567
v -0.063732 0.987451 0.214176
v -0.068557 0.992957 0.209715
v -0.061240 0.976067 0.200168
v -0.072447 0.995901 0.198698
v -0.067429 0.980255 0.199355
v -0.071528 0.987493 0.198830
v -0.065554 0.979602 0.178532
v -0.075000 0.998178 0.187608
v -0.071495 0.983407 0.180028
v -0.074980 0.990111 0.183313
v -0.067423 0.995334 0.162495
v -0.076397 1.007020 0.178342
v -0.073252 0.997668 0.165709
v -0.076547 1.001888 0.171500
v -0.075311 1.024914 0.175710
v -0.065778 1.028450 0.156826
v -0.075100 1.026264 0.167845
v -0.071589 1.027613 0.160966
v -0.073168 1.036591 0.181307
v -0.062317 1.048501 0.166735
v -0.072172 1.041083 0.175226
v -0.068013 1.045122 0.170252
v -0.069953 1.040641 0.189556
v -0.058286 1.061655 0.183153
v -0.067678 1.048023 0.187123
v -0.064122 1.056150 0.184773
v -0.068344 1.039730 0.196445
v -0.054701 1.062569 0.200694
v -0.065191 1.048131 0.198063
v -0.061074 1.057389 0.199840
v -0.067394 1.037440 0.203166
v -0.051735 1.051694 0.216791
v -0.063636 1.042429 0.208270
v -0.058511 1.048249 0.213850
v -0.067215 1.027503 0.208154
v -0.050760 1.031985 0.226626
v -0.063708 1.029246 0.216016
v -0.057661 1.030894 0.222842
v -0.068409 1.012022 0.209064
v -0.052507 1.010256 0.227505
v -0.065110 1.011793 0.216829
v -0.059283 1.011137 0.223600
v -0.070114 1.000998 0.206398
v -0.055631 0.991018 0.222327
v -0.067419 0.997636 0.213084
v -0.062146 0.993994 0.218855
v -0.071405 0.996939 0.202365
v -0.059222 0.978620 0.209562
v -0.069895 0.989564 0.205107
v -0.065395 0.982892 0.207825
v -0.073804 0.995885 0.193371
v -0.063484 0.976233 0.189358
v -0.073325 0.987563 0.191193
v -0.069602 0.980243 0.189637
v -0.076004 1.001920 0.182204
v -0.066899 0.986257 0.169309
v -0.076049 0.995153 0.176595
v -0.072745 0.989376 0.171824
v -0.076383 1.012553 0.175893
v -0.067342 1.005954 0.158112
v -0.076484 1.009708 0.168312
v -0.073216 1.007262 0.161722
v -0.000000 0.926981 0.346720
v -0.000000 0.922409 0.364217
v -0.000000 0.939328 0.353768
v -0.000000 0.938091 0.364217
v -0.000000 0.910152 0.252610
v -0.000000 0.912283 0.263247
v -0.000000 1.006053 0.064157
v -0.000000 1.022445 0.309388
v -0.000000 0.909168 0.239696
v -0.000000 0.910042 0.239431
v -0.000000 0.912904 0.264444
v -0.000000 0.915096 0.266749
v -0.000000 0.916188 0.267595
v -0.000000 1.029267 0.289341
v -0.000000 1.019005 0.310725
v -0.000000 1.017709 0.310773
v -0.000000 1.021451 0.310204
v -0.000000 0.894447 0.242154
v -0.000000 1.029623 0.075747
v -0.000000 1.004850 0.064886
v -0.000000 1.030527 0.292765
v -0.000000 0.893605 0.241337
v -0.000000 1.029161 0.070841
v -0.000000 0.891175 0.228537
v -0.000000 1.019671 0.067091
v -0.039258 1.015708 0.303252
v -0.039544 1.023217 0.295834
v -0.037723 1.025133 0.297125
v -0.028526 1.021860 0.307698
v -0.032913 1.021860 0.307097
v -0.033843 1.025760 0.298033
v -0.053008 0.973699 0.271660
v -0.061076 0.900431 0.237679
v -0.058627 0.899517 0.238617
v -0.063618 0.899428 0.237268
v -0.083710 1.029922 0.074679
v -0.083116 1.027811 0.080720
v -0.085301 1.026146 0.079937
v -0.079861 0.991040 0.132344
v -0.075004 0.961438 0.170549
v -0.087236 0.999816 0.079355
v -0.084889 1.003100 0.071571
v -0.087323 1.005457 0.071276
v -0.059446 0.908725 0.242044
v -0.058747 0.912785 0.253503
v -0.060228 0.912975 0.243754
v -0.058474 0.915858 0.254711
v -0.071552 0.900857 0.203076
v -0.056317 0.940388 0.262910
v -0.013562 1.025970 0.300255
v -0.053966 0.911193 0.252893
v -0.044152 0.910948 0.252827
v -0.084116 1.006263 0.066998
v -0.080977 1.006856 0.066065
v -0.081788 1.010085 0.064443
v -0.085575 1.009469 0.065555
v -0.056226 0.892989 0.210739
v -0.055983 0.956029 0.257096
v -0.055038 0.955224 0.266642
v -0.037176 1.007093 0.063258
v -0.037364 1.010465 0.061712
v -0.079247 0.945986 0.150137
v -0.081058 0.947021 0.151381
v -0.047670 0.999826 0.269811
v -0.045968 0.999866 0.268297
v -0.038758 1.023847 0.282011
v -0.040236 1.024462 0.283928
v -0.037416 1.023453 0.281195
v -0.036954 1.012675 0.305313
v -0.042999 0.990922 0.292109
v -0.045111 0.992083 0.290762
v -0.036456 1.028865 0.285191
v -0.037571 1.029720 0.287277
v -0.037742 1.027261 0.284130
v -0.036446 1.026865 0.283314
v -0.037704 1.018398 0.305980
v -0.036033 1.016201 0.307018
v -0.034676 1.015159 0.307317
v -0.033780 1.017046 0.308272
v -0.034834 1.018132 0.307946
v -0.029573 1.030346 0.288336
v -0.033201 1.029398 0.285770
v -0.029134 1.029339 0.286327
v -0.028704 1.028647 0.285463
v -0.031847 1.018737 0.308656
v -0.031236 1.017636 0.308884
v -0.028057 1.018705 0.309154
v -0.028372 1.020901 0.308511
v -0.047735 0.969927 0.284636
v -0.049927 0.970586 0.282960
v -0.045954 0.969569 0.285376
v -0.051497 0.976759 0.259748
v -0.054817 0.915173 0.265097
v -0.052120 0.916948 0.267339
v -0.051291 0.916165 0.267050
v -0.050160 0.917697 0.268140
v -0.049498 0.917050 0.267880
v -0.051899 0.920023 0.268556
v -0.058919 0.914006 0.241655
v -0.059895 0.913174 0.242638
v -0.060226 0.910075 0.241420
v -0.059298 0.910933 0.240454
v -0.058233 0.911327 0.240020
v -0.057813 0.914400 0.241217
v -0.058249 0.910025 0.240019
v -0.057210 0.910568 0.239634
v -0.059161 0.908994 0.240963
v -0.050475 0.940070 0.275246
v -0.048660 0.940024 0.275792
v -0.055658 0.940767 0.250770
v -0.054236 0.940856 0.250166
v -0.013811 1.029255 0.288190
v -0.055943 0.908615 0.240735
v -0.055525 0.909681 0.239849
v -0.046358 0.909560 0.239802
v -0.046303 0.908435 0.240662
v -0.050594 0.913806 0.264661
v -0.048998 0.915768 0.266925
v -0.040982 0.915537 0.266871
v -0.051684 0.953744 0.277425
v -0.049433 0.953565 0.279254
v -0.047635 0.953355 0.280000
v -0.053839 0.956594 0.254644
v -0.013058 1.018740 0.310529
v -0.013168 1.021097 0.309921
v -0.066849 0.894179 0.211895
v -0.069336 0.896252 0.207387
v -0.056149 0.893411 0.209642
v -0.087066 1.007403 0.068481
v -0.083605 1.003881 0.069551
v -0.083218 1.002305 0.071786
v -0.081674 1.029535 0.079180
v -0.081313 1.028260 0.080930
v -0.081177 1.030595 0.077737
v -0.082676 0.971429 0.116581
v -0.077998 0.991341 0.132635
v -0.073138 0.961674 0.170725
v -0.085166 1.019147 0.089941
v -0.082770 1.020627 0.090846
v -0.082830 0.996923 0.079024
v -0.062214 0.901377 0.236575
v -0.060328 0.901727 0.236682
v -0.063026 0.904584 0.232945
v -0.065717 0.903965 0.232165
v -0.069877 0.897409 0.206139
v -0.069941 0.901021 0.201980
v -0.064689 0.912735 0.224099
v -0.080180 1.030594 0.073732
v -0.066586 1.031161 0.075084
v -0.066374 1.030885 0.076213
v -0.066863 1.030785 0.072720
v -0.080195 1.005643 0.066806
v -0.067236 1.005675 0.065763
v -0.036736 1.030813 0.071096
v -0.036657 1.031140 0.073513
v -0.036626 1.030821 0.074706
v -0.084214 0.988896 0.091245
v -0.086770 0.990758 0.091821
v -0.040688 1.024292 0.285236
v -0.039610 1.027769 0.287309
v -0.034161 1.030273 0.289298
v -0.055528 0.914717 0.264009
v -0.053604 0.939798 0.272451
v -0.013839 1.030386 0.291652
v -0.080265 1.012743 0.102730
v -0.080449 1.015590 0.098809
v -0.082453 1.013769 0.100416
v -0.071127 0.908770 0.193357
v -0.064456 0.899020 0.236478
v -0.050110 0.896090 0.239244
v -0.085666 1.026992 0.076759
v -0.085948 1.025026 0.079495
v -0.083093 0.988959 0.130731
v -0.066666 0.903744 0.231192
v -0.080365 1.029742 0.072764
v -0.066888 1.030012 0.071653
v -0.036752 1.030079 0.070081
v -0.085362 1.007635 0.104276
v -0.070408 0.895028 0.212486
v -0.066509 0.894037 0.213330
v -0.087752 1.006605 0.071431
v -0.085419 0.974109 0.118077
v -0.087733 1.000884 0.079819
v -0.071922 0.896422 0.211059
v -0.074339 0.908243 0.198481
v -0.078961 0.931040 0.173319
v -0.081843 1.011318 0.064447
v -0.068098 1.011596 0.063288
v -0.062750 0.896525 0.224313
v -0.052451 0.894565 0.225922
v -0.087996 1.017104 0.074118
v -0.088339 1.015032 0.077148
v -0.085582 0.981679 0.124669
v -0.081305 0.954006 0.161008
v -0.088122 1.009453 0.084832
v -0.077838 0.934330 0.184649
v -0.087687 0.999770 0.098729
v -0.000000 0.887304 0.217007
v -0.000000 0.887789 0.214818
v -0.000000 1.009535 0.062508
v -0.000000 1.026265 0.301025
v -0.000000 0.907783 0.240535
v -0.000000 1.030506 0.291487
v -0.000000 1.028417 0.288324
v -0.000000 0.895264 0.242100
v -0.000000 0.894385 0.242012
v -0.000000 0.896017 0.241644
v -0.000000 0.888152 0.213746
v -0.000000 1.030024 0.074463
v -0.000000 1.029829 0.071891
v -0.000000 0.907355 0.241579
v -0.000000 0.893586 0.241195
v -0.000000 0.887288 0.218410
v -0.000000 1.010879 0.062451
v -0.047819 0.995933 0.280094
v -0.040611 1.019799 0.293698
v -0.045873 0.992668 0.289649
v -0.036582 1.021220 0.306247
v -0.038245 1.019284 0.304981
v -0.029256 1.025756 0.298706
v -0.048214 0.999537 0.271011
v -0.053699 0.976145 0.262395
v -0.058497 0.899513 0.238638
v -0.060062 0.898562 0.238341
v -0.048825 0.897653 0.240324
v -0.049545 0.896716 0.240164
v -0.083182 1.029317 0.078631
v -0.085070 1.028005 0.077390
v -0.082305 1.030625 0.076817
v -0.082332 0.989826 0.131422
v -0.077566 0.960419 0.169814
v -0.084689 0.997566 0.079220
v -0.057616 0.911653 0.253062
v -0.060540 0.909862 0.242533
v -0.070277 0.895951 0.208402
v -0.071137 0.897154 0.207160
v -0.071897 0.896443 0.209633
v -0.070516 0.895140 0.211078
v -0.072592 0.900136 0.205733
v -0.057512 0.940158 0.253154
v -0.072824 0.908796 0.194325
v -0.074201 0.908231 0.197074
v -0.076874 0.931095 0.168913
v -0.078643 0.930862 0.171914
v -0.013226 1.022100 0.309022
v -0.054452 0.913697 0.263644
v -0.051112 0.913261 0.263511
v -0.041928 0.913014 0.263458
v -0.067704 1.006886 0.065048
v -0.068134 1.010317 0.063378
v -0.055074 0.891959 0.213621
v -0.044366 0.999874 0.267683
v -0.038696 1.014831 0.304252
v -0.035538 1.011610 0.305718
v -0.041264 0.990386 0.292708
v -0.039172 1.027915 0.286070
v -0.035437 1.028311 0.284266
v -0.036131 1.020330 0.307090
v -0.033950 1.030346 0.287875
v -0.032498 1.028738 0.284921
v -0.032611 1.020926 0.307921
v -0.027833 1.017583 0.309313
v -0.053165 0.976456 0.261121
v -0.049885 0.976856 0.259166
v -0.053787 0.914194 0.264741
v -0.054573 0.918285 0.266332
v -0.049951 0.920774 0.269356
v -0.052788 0.939829 0.273562
v -0.057050 0.940315 0.251999
v -0.013849 1.030399 0.290284
v -0.013756 1.028470 0.287220
v -0.054939 0.910296 0.239498
v -0.046262 0.910237 0.239481
v -0.041634 0.913598 0.264653
v -0.047893 0.916669 0.267740
v -0.040608 0.916444 0.267670
v -0.055472 0.956217 0.255950
v -0.052240 0.956686 0.254049
v -0.012988 1.017515 0.310611
v -0.067443 0.895095 0.209128
v -0.066933 0.895492 0.208057
v -0.057431 0.900164 0.238502
v -0.048445 0.898363 0.240064
v -0.059380 0.900884 0.237673
v -0.085021 1.004785 0.069140
v -0.083030 1.005233 0.067596
v -0.084873 0.973087 0.117371
v -0.077567 0.945522 0.149423
v -0.080959 0.971003 0.116111
v -0.080975 1.021216 0.090877
v -0.065005 0.900574 0.235959
v -0.061167 0.904918 0.233085
v -0.067371 0.912175 0.223266
v -0.062718 0.912904 0.224367
v -0.068051 0.938829 0.197470
v -0.070028 0.938611 0.197103
v -0.072825 0.937988 0.196142
v -0.075181 0.930858 0.168004
v -0.079441 1.031147 0.076052
v -0.078783 1.030894 0.077160
v -0.036974 1.005926 0.063949
v -0.082408 0.988411 0.090801
v -0.037901 1.029640 0.288550
v -0.029680 1.030290 0.289776
v -0.050737 0.970980 0.281719
v -0.055283 0.917831 0.265242
v -0.056023 0.908271 0.241838
v -0.046153 0.908054 0.241758
v -0.052507 0.953910 0.276136
v -0.082229 1.010954 0.104359
v -0.084573 1.008550 0.104949
v -0.060853 0.898006 0.237483
v -0.084147 1.029081 0.073834
v -0.078388 0.959731 0.169029
v -0.085843 1.018081 0.089440
v -0.065880 0.900258 0.235083
v -0.068299 0.912017 0.222244
v -0.073747 0.937556 0.195290
v -0.054632 0.891806 0.215059
v -0.085778 1.010657 0.065578
v -0.087415 1.008585 0.068583
v -0.081550 0.947804 0.152400
v -0.072690 0.900146 0.206972
v -0.037336 1.011755 0.061686
v -0.087388 0.991804 0.092426
v -0.067150 0.897934 0.223257
v -0.085999 1.019439 0.070499
v -0.069229 0.900021 0.221652
v -0.070645 0.904356 0.217336
v -0.072201 0.910352 0.210492
v -0.081339 1.020166 0.069029
v -0.067316 1.020329 0.067809
v -0.037033 1.020576 0.066293
v -0.133920 0.670468 -0.141906
v -0.199008 0.559309 -0.111456
v -0.165837 0.336131 0.093293
v -0.178072 0.338045 0.061346
v -0.052030 0.928169 0.280108
v -0.155684 0.633265 0.072366
v -0.184260 0.617125 -0.034120
v -0.198901 0.446232 0.040845
v -0.180244 0.625820 -0.055486
v -0.102429 0.680445 -0.130863
v -0.122208 0.646796 0.069650
v -0.012547 1.058719 0.075712
v -0.011136 1.089018 0.091086
v -0.020781 1.110246 0.085561
v -0.066364 1.122353 0.121502
v -0.035028 1.078656 0.072486
v -0.066633 1.159102 0.161613
v -0.065343 1.203272 0.178877
v -0.058690 1.203707 0.167090
v -0.050298 0.932515 0.279512
v -0.050298 0.940043 0.307608
v -0.050298 0.911948 0.300080
v -0.000000 0.844796 0.059640
v -0.050423 0.136072 -0.165875
v -0.088308 0.232628 -0.117125
v -0.029637 0.930250 0.364217
v -0.032877 0.928833 0.338826
v -0.037221 0.636899 -0.280773
v -0.004862 1.079809 0.167118
v -0.094104 0.224725 -0.235013
v -0.107254 0.224031 -0.225652
v -0.120351 0.213799 -0.176599
v -0.151647 0.270059 -0.151817
v -0.089218 0.635587 -0.259262
v -0.163582 0.236037 0.005280
v -0.137453 0.371964 0.290727
v -0.147989 0.638210 0.126191
v -0.086071 0.798666 0.229096
v -0.070290 0.843699 0.217116
v -0.130191 0.662504 0.086601
v -0.093349 0.697384 0.082052
v -0.093856 0.742729 0.091620
v -0.033099 0.919476 0.034766
v -0.064633 1.080679 0.124150
v -0.064325 1.048046 0.155217
v -0.038786 0.947801 0.318510
v -0.154719 0.633897 0.039844
v -0.050618 0.212471 -0.230700
v -0.050618 0.204791 -0.202923
v -0.040957 0.797333 0.243696
v -0.000000 1.091938 0.119164
v -0.016549 0.893048 0.040436
v -0.000000 0.669726 0.053213
v -0.017015 0.954092 0.340973
v -0.000000 0.932536 0.333516
v -0.052030 0.914636 0.303547
v -0.052030 0.941701 0.303547
v -0.053761 0.924702 0.282796
v -0.102667 0.015880 -0.192544
v -0.050933 0.248019 -0.133950
v -0.053761 0.937640 0.286263
v -0.083462 0.652502 -0.116706
v -0.082675 0.653864 -0.133729
v -0.086101 0.644818 -0.140516
v -0.154488 0.399499 -0.143997
v -0.207355 0.369046 -0.046027
v -0.203094 0.380967 -0.039566
v -0.206837 0.388625 -0.029669
v -0.211462 0.391628 -0.016146
v -0.201661 0.396518 -0.016866
v -0.109313 0.652515 0.027130
v -0.103717 0.644967 0.017212
v -0.111460 0.645355 -0.007380
v -0.016629 1.107644 0.132695
v -0.034495 1.090054 0.126186
v -0.052675 1.054454 0.078127
v -0.050298 0.916294 0.283859
v -0.050298 0.923822 0.279512
v -0.050298 0.944390 0.291387
v -0.050298 0.923822 0.311955
v -0.098336 0.005683 -0.156395
v -0.036116 0.938662 0.314182
v -0.106995 0.304172 -0.255948
v -0.097148 0.399499 -0.284091
v -0.151801 0.494827 -0.189257
v -0.090286 0.596175 -0.305436
v -0.072955 0.605959 -0.307615
v -0.115092 0.224107 0.290469
v -0.130146 0.225804 0.283608
v -0.146301 0.634739 0.226243
v -0.144793 0.668204 0.172865
v -0.114722 0.685190 0.093836
v -0.104573 0.742274 0.103033
v -0.033099 0.844923 0.059120
v -0.069843 0.965318 0.050767
v -0.038682 1.040862 0.265512
v -0.036647 0.922538 0.372294
v -0.049953 0.304172 -0.266622
v -0.041584 0.596175 -0.314169
v -0.000000 0.610218 -0.309130
v -0.062036 0.216857 0.283757
v -0.000000 0.237049 0.308314
v -0.000000 0.746294 0.273907
v -0.000000 0.902166 0.246353
v -0.023764 1.069334 0.208049
v -0.004862 1.090054 0.126186
v -0.016549 0.796671 0.078325
v -0.099259 0.002797 -0.160624
v -0.037976 0.644818 -0.120122
v -0.037976 0.660836 -0.116714
v -0.018962 0.923636 0.371271
v -0.052030 0.928169 0.311360
v -0.053761 0.931635 0.308671
v -0.052030 0.920356 0.282201
v -0.053761 0.934173 0.306133
v -0.052030 0.941701 0.287921
v -0.081685 0.001819 -0.161594
v -0.119945 0.008674 -0.165793
v -0.057124 1.009262 0.069252
v -0.053761 0.934173 0.299200
v -0.052030 0.914636 0.287921
v -0.093046 0.238144 -0.246619
v -0.129611 0.607563 -0.190404
v -0.117652 0.622493 -0.228074
v -0.170512 0.223082 0.133979
v -0.144451 0.214613 0.207728
v -0.130072 0.514458 0.304230
v -0.123283 0.574957 0.302602
v -0.126994 0.692498 0.133276
v -0.122913 0.749562 0.162970
v -0.075491 0.754796 0.083039
v -0.054041 0.753093 0.075768
v -0.053190 0.946881 0.036850
v -0.033099 0.962574 0.038509
v -0.063658 1.036411 0.084633
v -0.063254 1.085072 0.115438
v -0.063359 1.048692 0.160566
v -0.057623 1.072729 0.169992
v -0.044940 0.931780 0.287508
v -0.042416 0.921300 0.318307
v -0.040734 0.932610 0.333801
v -0.146385 0.636087 -0.148183
v -0.141813 0.553093 -0.160568
v -0.204249 0.349876 -0.048759
v -0.207339 0.325817 -0.046725
v -0.210402 0.372452 0.002330
v -0.171765 0.618521 0.057412
v -0.211098 0.376704 -0.036129
v -0.167750 0.627216 0.036046
v -0.000000 0.574957 0.324092
v -0.011136 1.063524 0.096767
v -0.064902 1.107354 0.109285
v -0.054375 1.062960 0.096695
v -0.058661 1.205756 0.190193
v -0.078830 0.012340 -0.187043
v -0.101948 0.020313 -0.192640
v -0.102458 0.132260 -0.160715
v -0.026981 0.938709 0.358993
v -0.027005 0.940697 0.334349
v -0.030220 0.940697 0.334349
v -0.043486 0.228106 -0.247426
v -0.082415 0.201210 0.096480
v -0.000000 0.192166 -0.060397
v -0.000000 0.203454 0.172509
v -0.060728 0.517407 0.318151
v -0.000000 0.909832 0.357693
v -0.016549 0.945776 0.029616
v -0.006273 1.033226 0.081392
v -0.037492 0.717001 0.071690
v -0.000000 0.651427 -0.252687
v -0.000000 0.651915 -0.173114
v -0.000000 0.659105 0.010934
v -0.021772 0.941510 0.296046
v -0.053761 0.941106 0.299200
v -0.053761 0.940177 0.295733
v -0.120182 0.022142 -0.190189
v -0.084434 0.014051 -0.194995
v -0.000000 1.063524 0.096767
v -0.145219 0.222955 -0.126651
v -0.152148 0.210001 0.002048
v -0.152794 0.304172 -0.153322
v -0.139600 0.549297 -0.219093
v -0.153399 0.305911 0.245635
v -0.154633 0.445455 0.252002
v -0.161952 0.507938 0.191563
v -0.129713 0.665352 0.266257
v -0.056141 0.906970 0.233457
v -0.106739 0.669482 0.076884
v -0.088374 0.681548 0.068303
v -0.081185 0.895422 0.157557
v -0.094072 0.895715 0.096357
v -0.090371 0.917118 0.128259
v -0.049752 0.981010 0.052426
v -0.032037 1.011349 0.321832
v -0.034134 0.982084 0.330831
v -0.038891 0.975793 0.308368
v -0.057449 0.908663 0.233564
v -0.037179 0.909572 0.357117
v -0.090184 0.661548 -0.130354
v -0.178479 0.311808 -0.127907
v -0.150714 0.307855 -0.089909
v -0.210752 0.329677 0.006382
v -0.210445 0.344987 -0.043993
v -0.199312 0.419902 0.076681
v -0.200892 0.362366 0.055347
v -0.210874 0.395150 0.013361
v -0.206286 0.399521 -0.003343
v -0.096423 0.670478 -0.113331
v -0.096167 0.646098 0.053217
v -0.098513 0.649756 -0.059608
v -0.035955 1.162299 0.148859
v -0.043683 1.122671 0.137856
v -0.034358 1.164823 0.164477
v -0.022823 1.006267 0.064527
v -0.077748 0.916971 0.158859
v -0.050298 0.911948 0.291387
v -0.095306 0.111008 -0.114047
v -0.120535 0.012390 -0.163370
v -0.024325 0.933154 0.350244
v -0.027005 0.931119 0.330078
v -0.032900 0.942067 0.314929
v -0.000000 0.264283 -0.259337
v -0.069733 0.200957 -0.154828
v -0.019494 0.898039 0.341937
v -0.152118 0.270059 -0.126302
v -0.000000 1.041093 0.265512
v -0.000000 1.079809 0.167118
v -0.016549 0.979244 0.047921
v -0.050882 0.666065 0.063136
v -0.045485 0.668521 -0.113339
v -0.000000 0.667048 -0.067385
v -0.053761 0.915231 0.292267
v -0.115909 0.006660 -0.155424
v -0.080545 0.002751 -0.172202
v -0.030194 1.034518 0.081353
v -0.000000 0.215852 -0.243114
v -0.000000 0.545501 -0.309130
v -0.000000 0.199629 -0.208929
v -0.000000 0.664433 0.309769
v -0.000000 0.841653 0.229255
v -0.004862 1.093823 0.112142
v -0.000000 0.962446 0.039029
v -0.000000 0.919348 0.035286
v -0.051997 0.650115 -0.231177
v -0.000000 0.922463 0.371849
v -0.053761 0.918698 0.305204
v -0.053761 0.924702 0.308671
v -0.052030 0.912543 0.295733
v -0.052030 0.935982 0.309266
v -0.053761 0.931635 0.282796
v -0.076250 0.006703 -0.179579
v -0.059153 0.246651 0.305389
v -0.181295 0.577821 -0.139474
v -0.179280 0.642304 -0.124956
v -0.178683 0.312439 -0.045312
v -0.150515 0.311251 0.006266
v -0.189064 0.347819 0.120469
v -0.201299 0.349733 0.088521
v -0.198393 0.424658 0.104427
v -0.200228 0.388696 0.040831
v -0.165821 0.644332 -0.065946
v -0.133366 0.670793 -0.124373
v -0.141824 0.639616 -0.002676
v -0.019370 1.115051 0.106617
v -0.009725 1.091938 0.119164
v -0.057307 1.201254 0.188234
v -0.048301 1.205917 0.190255
v -0.052009 1.206190 0.178405
v -0.050298 0.940043 0.283859
v -0.050298 0.932515 0.311955
v -0.077391 0.005771 -0.168972
v -0.032900 0.935257 0.313435
v -0.029684 0.938662 0.314182
v -0.106195 0.237450 -0.237258
v -0.099513 0.274321 -0.255999
v -0.148943 0.269073 -0.085390
v -0.150107 0.399499 -0.198582
v -0.146006 0.573991 0.236656
v -0.138982 0.572256 0.286682
v -0.079395 0.847085 0.205240
v -0.099898 0.799043 0.189375
v -0.083707 0.799813 0.100817
v -0.092876 0.847674 0.087393
v -0.087197 0.942680 0.095064
v -0.083760 0.960362 0.100264
v -0.074993 0.977363 0.160598
v -0.057193 1.039778 0.201573
v -0.053297 0.978784 0.243840
v -0.054694 0.969054 0.235302
v -0.043813 0.911570 0.309769
v -0.054131 0.696789 0.284268
v -0.017685 0.921365 0.372872
v -0.014918 1.012622 0.322974
v -0.000000 0.984738 0.333435
v -0.000000 0.760580 0.074246
v -0.045285 0.649760 0.043295
v -0.000000 0.634051 -0.291700
v -0.052030 0.920356 0.309266
v -0.053761 0.918698 0.286263
v -0.053761 0.922164 0.285334
v -0.052030 0.943795 0.295734
v -0.053761 0.928169 0.288800
v -0.101231 0.008629 -0.177371
v -0.122044 0.016095 -0.182384
v -0.049560 0.234433 -0.248714
v -0.017685 0.922463 0.372009
v -0.092824 0.653864 -0.154164
v -0.096191 0.671515 -0.147887
v -0.203961 0.324200 -0.088407
v -0.203982 0.345120 -0.088359
v -0.182585 0.328490 0.057960
v -0.154020 0.325707 0.060215
v -0.165932 0.330726 0.091592
v -0.204964 0.378682 0.048960
v -0.211060 0.381860 0.009543
v -0.210766 0.387376 0.022312
v -0.210472 0.385382 0.039051
v -0.205736 0.395397 0.030922
v -0.098313 0.638938 0.018707
v -0.061549 1.105081 0.131347
v -0.060088 1.090081 0.119131
v -0.069696 1.196748 0.175203
v -0.067668 1.201092 0.188171
v -0.060425 1.202760 0.188739
v -0.050298 0.944390 0.300080
v -0.050298 0.916294 0.307608
v -0.052030 0.935982 0.282201
v -0.053761 0.934173 0.285334
v -0.083328 0.219437 -0.088632
v -0.152543 0.278124 -0.033142
v -0.133204 0.304172 -0.213320
v -0.111326 0.399499 -0.267802
v -0.085923 0.613066 -0.289469
v -0.114357 0.599971 -0.258281
v -0.165154 0.278215 0.096936
v -0.112208 0.238056 0.299874
v -0.127262 0.239753 0.293013
v -0.119881 0.382247 0.306515
v -0.114205 0.697460 0.264246
v -0.095088 0.747829 0.254057
v -0.100492 0.799338 0.132728
v -0.101688 0.847379 0.141692
v -0.087245 0.896190 0.058869
v -0.090898 0.921278 0.063162
v -0.073496 0.982386 0.064078
v -0.073092 1.031046 0.094884
v -0.061466 1.085689 0.127843
v -0.053397 1.079578 0.167118
v -0.029997 0.984701 0.333271
v -0.063614 0.892118 0.193261
v -0.047195 0.494827 -0.304090
v -0.185864 0.552642 0.048101
v -0.000000 0.221205 0.296087
v -0.062554 0.632507 0.308543
v -0.029333 0.888019 0.202675
v -0.000000 1.006203 0.064787
v -0.000000 0.660836 -0.116755
v -0.053761 0.922164 0.306133
v -0.053761 0.915231 0.299200
v -0.053761 0.916160 0.295733
v -0.053761 0.941106 0.292267
v -0.015079 0.955435 0.342271
v -0.106589 0.267301 -0.245351
v -0.113677 0.267301 -0.237207
v -0.132121 0.233188 -0.175704
v -0.128229 0.494827 -0.253064
v -0.102986 0.545501 -0.292252
v -0.176971 0.288638 0.130014
v -0.156206 0.234273 0.209859
v -0.132193 0.632755 0.285054
v -0.116686 0.664863 0.283042
v -0.051193 0.903813 0.238560
v -0.054548 0.798438 0.085335
v -0.078076 0.848329 0.072294
v -0.080370 0.947308 0.052455
v -0.084023 0.964376 0.065766
v -0.049554 1.066618 0.209267
v -0.042909 1.037105 0.265587
v -0.039607 0.912400 0.356062
v -0.040138 0.899434 0.340885
v -0.176722 0.494827 -0.151859
v -0.200713 0.407135 -0.135769
v -0.195718 0.559309 -0.129014
v -0.201023 0.494826 -0.125974
v -0.204292 0.432811 -0.078563
v -0.203115 0.442982 -0.069419
v -0.187078 0.417988 0.108628
v -0.160201 0.490548 0.100418
v -0.202859 0.448362 -0.055863
v -0.200612 0.494826 -0.029235
v -0.170801 0.619153 0.024890
v -0.109369 0.666077 -0.061103
v -0.026274 1.130757 0.120148
v -0.038695 1.167821 0.129803
v -0.048955 1.130439 0.103793
v -0.058368 1.080205 0.093905
v -0.063202 1.098849 0.090718
v -0.069164 1.161348 0.146606
v -0.069428 1.160000 0.135092
v -0.048125 0.651915 -0.193507
v -0.045858 0.114605 -0.118012
v -0.042828 0.219930 -0.075664
v -0.032877 0.940079 0.339573
v -0.196659 0.494827 0.071266
v -0.000000 0.399499 -0.286621
v -0.031371 0.605959 -0.307615
v -0.031371 0.620002 -0.302575
v -0.053055 0.221776 0.291371
v -0.053055 0.228455 0.302799
v -0.000000 0.381811 0.317024
v -0.021860 0.917959 0.282238
v -0.000000 0.907776 0.314196
v -0.015079 0.956817 0.343732
v -0.000000 0.701518 0.066522
v -0.053028 0.648284 -0.013654
v -0.000000 0.955473 0.342434
v -0.000000 0.947801 0.318510
v -0.053761 0.937640 0.305204
v -0.124571 0.014404 -0.173738
v -0.081854 0.008414 -0.187532
v -0.174164 0.360276 0.165790
v -0.101478 0.494827 -0.295946
v -0.088779 0.545501 -0.309129
v -0.068592 0.622850 -0.291648
v -0.100122 0.643018 -0.198620
v -0.128204 0.698817 0.212880
v -0.105188 0.748298 0.239284
v -0.056627 0.894815 0.046079
v -0.076718 0.922220 0.048163
v -0.032094 0.955435 0.342271
v -0.045028 0.920357 0.278863
v -0.041354 0.908222 0.309979
v -0.099616 0.662469 -0.154673
v -0.112082 0.628088 -0.160950
v -0.176196 0.320247 -0.050409
v -0.147540 0.306869 -0.048996
v -0.206637 0.340827 0.059091
v -0.210709 0.357143 0.052704
v -0.169530 0.567386 0.084375
v -0.182560 0.560706 0.080577
v -0.197986 0.437291 0.071252
v -0.201148 0.399768 0.014217
v -0.199158 0.448362 0.023318
v -0.046779 1.201887 0.174132
v -0.059168 1.197382 0.161101
v -0.067371 1.198929 0.165909
v -0.049897 1.203393 0.174637
v -0.050487 1.202160 0.162282
v -0.008684 0.249441 -0.121622
v -0.037091 0.125709 -0.142789
v -0.005558 0.234543 -0.091829
v -0.108557 0.120819 -0.137954
v -0.122708 0.020451 -0.181544
v -0.068625 1.022178 0.204449
v -0.066938 1.027320 0.206533
v -0.064683 1.030506 0.210821
v -0.062463 1.030882 0.216165
v -0.060872 1.028348 0.221132
v -0.060338 1.023582 0.224392
v -0.061003 1.017862 0.225072
v -0.062690 1.012720 0.222988
v -0.064945 1.009534 0.218700
v -0.067165 1.009157 0.213356
v -0.068756 1.011692 0.208388
v -0.069290 1.016457 0.205128
v -0.071021 1.025300 0.206753
v -0.070294 1.022452 0.205124
v -0.072202 1.019844 0.206047
v -0.072929 1.022692 0.207676
v -0.072541 1.024575 0.209772
v -0.073452 1.020367 0.209228
v -0.073063 1.022250 0.211324
v -0.069041 1.029483 0.209953
v -0.068608 1.027594 0.207207
v -0.071455 1.027189 0.209498
v -0.071014 1.027801 0.212240
v -0.072100 1.025187 0.212514
v -0.066794 1.031272 0.214790
v -0.066352 1.030780 0.211495
v -0.069483 1.029975 0.213248
v -0.069280 1.029181 0.215971
v -0.070812 1.027007 0.214963
v -0.064880 1.030188 0.219969
v -0.064132 1.031157 0.216839
v -0.067541 1.030304 0.217921
v -0.067804 1.028345 0.219965
v -0.069544 1.027222 0.218016
v -0.063813 1.026522 0.224102
v -0.062542 1.028622 0.221807
v -0.066150 1.028088 0.222264
v -0.066981 1.025517 0.223152
v -0.068635 1.025774 0.220853
v -0.063878 1.021255 0.226080
v -0.062008 1.023856 0.225067
v -0.065683 1.023920 0.225115
v -0.067032 1.021455 0.224678
v -0.068330 1.023052 0.222715
v -0.065059 1.015799 0.225375
v -0.062673 1.018136 0.225746
v -0.066265 1.018918 0.225709
v -0.067943 1.017248 0.224134
v -0.068710 1.019785 0.223103
v -0.067039 1.011616 0.222174
v -0.064359 1.012994 0.223662
v -0.067740 1.014422 0.223887
v -0.069470 1.014022 0.221666
v -0.069673 1.016847 0.221913
v -0.069287 1.009827 0.217337
v -0.066615 1.009808 0.219374
v -0.069712 1.011636 0.220137
v -0.071204 1.012642 0.217935
v -0.070962 1.015027 0.219464
v -0.071201 1.010911 0.212158
v -0.068835 1.009431 0.214030
v -0.071653 1.011307 0.215464
v -0.072680 1.013478 0.213941
v -0.072230 1.014812 0.216411
v -0.072268 1.014578 0.208026
v -0.070425 1.011966 0.209063
v -0.073044 1.013523 0.211121
v -0.073502 1.016305 0.210754
v -0.073138 1.016260 0.213574
v -0.070959 1.016732 0.205803
v -0.073511 1.017690 0.208270
v -0.073443 1.018982 0.211712
v -0.070089 1.019404 0.204410
v -0.070160 1.013785 0.206521
v -0.068829 1.025226 0.205163
v -0.066717 1.029689 0.208577
v -0.064318 1.031598 0.213739
v -0.062276 1.030441 0.219265
v -0.061138 1.026529 0.223674
v -0.061208 1.020910 0.225785
v -0.062468 1.015088 0.225032
v -0.064581 1.010625 0.221618
v -0.066979 1.008716 0.216456
v -0.069021 1.009872 0.210930
v -0.062355 1.034105 0.157756
v -0.058297 1.053583 0.169866
v -0.054055 1.064244 0.187326
v -0.050255 1.062137 0.205162
v -0.047491 1.048157 0.220677
v -0.047238 1.026677 0.228380
v -0.049537 1.004425 0.227762
v -0.053022 0.986045 0.220596
v -0.057054 0.976116 0.205313
v -0.061604 0.977164 0.183937
v -0.064504 0.990321 0.165419
v -0.064489 1.011478 0.156408
v -0.063697 1.022954 0.155674
v -0.060455 1.044527 0.162723
v -0.056142 1.060411 0.178300
v -0.052092 1.064770 0.196330
v -0.048663 1.056494 0.213488
v -0.046990 1.037880 0.225756
v -0.048136 1.015360 0.228921
v -0.051206 0.994426 0.225088
v -0.054964 0.979792 0.214007
v -0.059319 0.975150 0.194978
v -0.063461 0.982326 0.173643
v -0.064778 1.000364 0.159686
v -0.068684 1.028031 0.158896
v -0.065007 1.033731 0.158602
v -0.067212 1.038017 0.162262
v -0.070889 1.032318 0.162556
v -0.073344 1.026939 0.164406
v -0.072056 1.035583 0.167354
v -0.074512 1.030204 0.169204
v -0.075206 1.025589 0.171778
v -0.074173 1.032630 0.174263
v -0.074866 1.028016 0.176836
v -0.065285 1.046924 0.168337
v -0.061345 1.052428 0.170638
v -0.063224 1.054162 0.175803
v -0.066898 1.048496 0.173754
v -0.070222 1.043133 0.172654
v -0.067842 1.048425 0.179281
v -0.070712 1.043542 0.178257
v -0.072733 1.038851 0.178247
v -0.070649 1.042658 0.183334
v -0.072297 1.038060 0.183723
v -0.061359 1.059265 0.183903
v -0.057377 1.062658 0.187576
v -0.059627 1.061109 0.192140
v -0.063280 1.057265 0.188552
v -0.066075 1.052121 0.185917
v -0.064481 1.053236 0.192505
v -0.066959 1.048524 0.189968
v -0.069018 1.044117 0.188384
v -0.067821 1.044236 0.192954
v -0.069860 1.038012 0.191906
v -0.057954 1.060212 0.200336
v -0.053892 1.060553 0.204891
v -0.056391 1.056515 0.208304
v -0.060443 1.056049 0.203553
v -0.063260 1.052788 0.198962
v -0.062136 1.050173 0.205234
v -0.064746 1.047254 0.200664
v -0.066941 1.043629 0.197192
v -0.066236 1.042150 0.201340
v -0.068772 1.037018 0.197364
v -0.055105 1.050122 0.215567
v -0.051298 1.047113 0.219891
v -0.054315 1.041467 0.221306
v -0.058153 1.044421 0.216771
v -0.061228 1.045314 0.211069
v -0.060822 1.038872 0.216436
v -0.063572 1.040049 0.210657
v -0.065744 1.039715 0.205527
v -0.065711 1.035678 0.209393
v -0.067930 1.035100 0.203523
v -0.054182 1.031448 0.224810
v -0.051013 1.026524 0.227405
v -0.054763 1.020991 0.226042
v -0.057902 1.025924 0.223528
v -0.060661 1.030077 0.219491
v -0.061180 1.020687 0.220621
v -0.063960 1.024834 0.216526
v -0.065452 1.028377 0.212109
v -0.065953 1.020036 0.213013
v -0.067453 1.023577 0.208573
v -0.055843 1.010711 0.225691
v -0.053239 1.005149 0.226628
v -0.057276 1.001033 0.223982
v -0.059977 1.006566 0.222784
v -0.062185 1.011468 0.220244
v -0.063519 1.003030 0.218774
v -0.065756 1.007923 0.216156
v -0.066719 1.011920 0.213055
v -0.067977 1.004791 0.211885
v -0.068978 1.008776 0.208682
v -0.058873 0.992510 0.220634
v -0.056528 0.987351 0.219600
v -0.060555 0.985574 0.215586
v -0.062963 0.990715 0.216450
v -0.064776 0.995817 0.215987
v -0.066147 0.990203 0.211939
v -0.067999 0.995293 0.211370
v -0.068757 0.999320 0.209766
v -0.069624 0.995747 0.207149
v -0.070408 0.999766 0.205477
v -0.062308 0.980756 0.208694
v -0.060231 0.977343 0.204865
v -0.064334 0.978161 0.199761
v -0.066412 0.981573 0.203590
v -0.067645 0.986228 0.206466
v -0.069479 0.983874 0.199092
v -0.070711 0.988528 0.201968
v -0.070660 0.993248 0.203710
v -0.071987 0.991697 0.198764
v -0.071932 0.996418 0.200515
v -0.066543 0.978238 0.189498
v -0.064519 0.977918 0.183945
v -0.068524 0.981504 0.179280
v -0.070548 0.981825 0.184832
v -0.071464 0.983903 0.190415
v -0.073237 0.986759 0.181670
v -0.074153 0.988837 0.187253
v -0.073565 0.991724 0.192282
v -0.074990 0.994145 0.185460
v -0.074402 0.997031 0.190489
v -0.069822 0.987816 0.170566
v -0.067161 0.990796 0.165902
v -0.070337 0.996501 0.164102
v -0.072998 0.993522 0.168766
v -0.074397 0.992264 0.174209
v -0.074900 0.999778 0.168604
v -0.076298 0.998520 0.174047
v -0.076027 0.998536 0.179400
v -0.076472 1.004454 0.174921
v -0.076201 1.004470 0.180273
v -0.070279 1.006608 0.159917
v -0.067069 1.011604 0.157130
v -0.069721 1.017318 0.158136
v -0.072931 1.012323 0.160922
v -0.074850 1.008485 0.165017
v -0.074324 1.017626 0.163575
v -0.076243 1.013788 0.167669
v -0.076433 1.011131 0.172103
v -0.075974 1.018209 0.171041
v -0.076165 1.015551 0.175475
v -0.066287 1.022851 0.156488
v -0.072117 1.022498 0.160544
v -0.075551 1.022066 0.167436
v -0.075629 1.021731 0.175383
v -0.063239 1.043811 0.163502
v -0.069236 1.041283 0.166964
v -0.073116 1.037647 0.172858
v -0.073796 1.033852 0.179639
v -0.059245 1.059048 0.178823
v -0.064913 1.054009 0.181071
v -0.068497 1.046879 0.184258
v -0.070799 1.038273 0.188405
v -0.055597 1.063116 0.196294
v -0.061648 1.057517 0.196037
v -0.065685 1.048400 0.195395
v -0.069203 1.037503 0.194701
v -0.052398 1.055118 0.212970
v -0.059051 1.051260 0.210522
v -0.063917 1.044337 0.205742
v -0.068355 1.036220 0.200219
v -0.050778 1.037268 0.224896
v -0.057690 1.035655 0.221298
v -0.063812 1.033324 0.214616
v -0.067387 1.030935 0.206960
v -0.051923 1.015648 0.227746
v -0.058746 1.016036 0.223819
v -0.064621 1.016119 0.217040
v -0.068051 1.015837 0.209026
v -0.054814 0.995527 0.224004
v -0.061420 0.997992 0.220380
v -0.066916 1.000843 0.214270
v -0.069854 1.003257 0.207283
v -0.058299 0.981159 0.213280
v -0.064564 0.985171 0.211000
v -0.069237 0.991257 0.207381
v -0.071053 0.997736 0.203460
v -0.062362 0.976150 0.194763
v -0.068516 0.980249 0.194496
v -0.072427 0.987528 0.195011
v -0.073126 0.995893 0.196034
v -0.066226 0.982929 0.173920
v -0.072120 0.986391 0.175926
v -0.075515 0.992632 0.179954
v -0.075502 1.000049 0.184906
v -0.067382 1.000644 0.160304
v -0.073234 1.002465 0.163715
v -0.076515 1.005798 0.169906
v -0.076390 1.009787 0.177118
v -0.065498 1.017251 0.155782
v -0.064486 1.028555 0.156380
v -0.066060 1.005831 0.157757
v -0.062876 1.039281 0.159978
v -0.060816 1.049037 0.166267
v -0.058703 1.057047 0.174178
v -0.056683 1.062410 0.182946
v -0.054739 1.064502 0.191955
v -0.052904 1.063398 0.200789
v -0.051213 1.059301 0.209345
v -0.049836 1.052315 0.217144
v -0.048976 1.042948 0.223363
v -0.048845 1.032184 0.227147
v -0.049458 1.021002 0.228499
v -0.050628 1.009999 0.228098
v -0.052132 0.999580 0.226337
v -0.053847 0.990384 0.222868
v -0.055659 0.983024 0.217445
v -0.057604 0.977926 0.209843
v -0.059681 0.975534 0.200335
v -0.062000 0.975766 0.189407
v -0.064122 0.979316 0.178475
v -0.065565 0.985939 0.169088
v -0.066101 0.995178 0.162233
v -0.000000 0.930250 0.364217
v -0.000000 0.938709 0.358993
v -0.000000 0.933154 0.350244
v -0.012162 0.926981 0.346720
v -0.012162 0.939328 0.353768
v -0.014819 0.938091 0.364217
v -0.014819 0.922409 0.364217
v -0.082428 1.029426 0.078905
v -0.057552 0.908805 0.240849
v -0.054841 0.966087 0.259745
v -0.056261 0.948266 0.253975
v -0.057993 0.928008 0.253933
v -0.029534 1.017610 0.309098
v -0.048695 0.916860 0.267810
v -0.052331 0.976608 0.260435
v -0.041121 0.915021 0.266162
v -0.086403 0.982956 0.105251
v -0.046846 0.994300 0.284871
v -0.081494 1.028897 0.080055
v -0.081426 1.030065 0.078458
v -0.000000 0.893986 0.241604
v -0.024773 0.895551 0.241088
v -0.061942 0.908911 0.228726
v -0.000000 0.894026 0.241746
v -0.024770 0.895637 0.241181
v -0.084569 1.005524 0.068069
v -0.006529 1.018872 0.310627
v -0.078945 0.938424 0.161025
v -0.067835 0.912096 0.222755
v -0.074328 1.020247 0.068419
v -0.071426 0.938300 0.196622
v -0.070714 0.899133 0.204608
v -0.081714 1.017492 0.095646
v -0.064372 0.904274 0.232555
v -0.063858 0.908659 0.228522
v -0.081741 1.030610 0.077277
v -0.073154 0.919814 0.180681
v -0.051820 1.030046 0.070867
v -0.079263 0.958262 0.132767
v -0.081818 0.971216 0.116346
v -0.050418 0.988141 0.265466
v -0.040462 1.024377 0.284582
v -0.070507 0.897281 0.206649
v -0.067919 1.008601 0.064213
v -0.042131 0.990654 0.292409
v -0.044055 0.991502 0.291436
v -0.032762 1.021393 0.307509
v -0.045367 0.980424 0.288373
v -0.052539 0.915179 0.265895
v -0.073465 0.904189 0.202107
v -0.006584 1.021274 0.310063
v -0.060384 0.911418 0.243144
v -0.065443 0.900416 0.235521
v -0.018516 1.020123 0.066692
v -0.038752 1.017496 0.304117
v -0.029468 1.028023 0.294241
v -0.086998 1.018271 0.072308
v -0.035354 1.015680 0.307167
v -0.086982 1.013767 0.087136
v -0.035434 1.017166 0.307482
v -0.034955 1.018688 0.307681
v -0.080097 0.939333 0.162157
v -0.081873 1.020922 0.090861
v -0.046520 0.913137 0.263484
v -0.083007 1.030273 0.075748
v -0.037094 1.027063 0.283722
v -0.036190 1.016778 0.306649
v -0.000000 1.018357 0.310749
v -0.000000 1.020228 0.310465
v -0.020770 1.020999 0.309216
v -0.085504 1.018614 0.089690
v -0.035107 1.013385 0.306517
v -0.051525 0.976656 0.260144
v -0.000000 0.909605 0.239563
v -0.000000 1.029495 0.071366
v -0.028919 1.028993 0.285895
v -0.021472 1.029297 0.287258
v -0.049305 0.930399 0.272574
v -0.023179 0.909364 0.239749
v -0.052096 0.953827 0.276781
v -0.031541 1.018187 0.308770
v -0.029952 1.018721 0.308905
v -0.049243 0.915238 0.266201
v -0.000000 1.029462 0.289906
v -0.038894 1.021251 0.300407
v -0.006924 1.030453 0.290886
v -0.059407 0.913590 0.242146
v -0.051873 0.972340 0.276689
v -0.079811 1.030871 0.074892
v -0.058366 0.914203 0.241436
v -0.000000 0.908753 0.247095
v -0.075792 0.935943 0.189970
v -0.061801 0.897265 0.230898
v -0.070098 0.925081 0.209704
v -0.038401 1.000998 0.299213
v -0.058023 0.912864 0.240619
v -0.041308 0.914568 0.265762
v -0.057722 0.910948 0.239827
v -0.067707 1.015962 0.065548
v -0.033967 1.028525 0.284593
v -0.053469 0.916061 0.266218
v -0.055173 0.914945 0.264553
v -0.034371 1.020628 0.307505
v -0.044451 1.011914 0.278124
v -0.054023 0.964462 0.269151
v -0.037736 1.029680 0.287913
v -0.074970 1.011457 0.063867
v -0.057288 0.927387 0.246212
v -0.044215 1.007866 0.286896
v -0.050332 0.970783 0.282340
v -0.037413 1.020252 0.305614
v -0.013830 1.029827 0.289237
v -0.078061 0.938540 0.159525
v -0.036356 1.020775 0.306668
v -0.050925 0.920398 0.268956
v -0.087742 1.003745 0.075625
v -0.088046 1.010819 0.074290
v -0.030720 1.021860 0.307397
v -0.028449 1.021380 0.308104
v -0.036246 1.012143 0.305515
v -0.081613 1.005438 0.067201
v -0.032849 1.029068 0.285345
v -0.050957 0.987841 0.266703
v -0.049182 0.897240 0.240265
v -0.074071 0.961556 0.170637
v -0.086106 1.004278 0.071424
v -0.085978 1.005252 0.070026
v -0.084247 1.003490 0.070561
v -0.084054 1.002703 0.071678
v -0.068190 0.898978 0.222454
v -0.031761 1.030346 0.288105
v -0.021711 1.030372 0.289310
v -0.088168 1.016068 0.075633
v -0.059108 0.912469 0.241054
v -0.084208 1.026979 0.080329
v -0.068682 0.894659 0.211486
v -0.082215 1.028036 0.080825
v -0.082943 1.024220 0.085783
v -0.085602 1.012858 0.096858
v -0.087904 1.004612 0.091780
v -0.069472 0.908186 0.219790
v -0.054318 0.966337 0.258536
v -0.070746 0.900939 0.202528
v -0.052717 1.011675 0.062487
v -0.000000 0.908912 0.239983
v -0.087583 1.007595 0.070007
v -0.064312 0.900001 0.236613
v -0.083810 1.010988 0.065012
v -0.047942 0.999681 0.270411
v -0.000000 1.010207 0.062479
v -0.043040 0.911981 0.258142
v -0.045316 0.914683 0.265789
v -0.068135 0.895872 0.207722
v -0.081382 1.008471 0.065254
v -0.028102 1.019242 0.308912
v -0.080586 1.006249 0.066436
v -0.053661 0.898583 0.239481
v -0.054021 0.898114 0.239401
v -0.057964 0.899838 0.238570
v -0.013701 1.028178 0.295953
v -0.056354 0.940541 0.251385
v -0.080873 1.030886 0.076435
v -0.069937 0.902188 0.219494
v -0.049059 0.911071 0.252860
v -0.050724 0.939926 0.274677
v -0.048016 0.997735 0.275552
v -0.073521 1.030689 0.073226
v -0.000000 0.889232 0.223473
v -0.080272 1.030168 0.073248
v -0.076374 0.938190 0.158713
v -0.045492 0.992375 0.290206
v -0.051500 1.030853 0.075459
v -0.070534 0.904895 0.197669
v -0.032229 1.019832 0.308288
v -0.051088 0.908162 0.241798
v -0.051280 0.895327 0.232583
v -0.083401 1.009752 0.104654
v -0.040649 1.022046 0.289467
v -0.079112 1.031021 0.076606
v -0.073515 0.904194 0.202726
v -0.084967 1.008093 0.104612
v -0.076581 0.919635 0.185196
v -0.036697 1.030977 0.072305
v -0.036744 1.030446 0.070589
v -0.085492 0.989827 0.091533
v -0.013023 1.018127 0.310570
v -0.057600 0.895545 0.225117
v -0.080357 1.014167 0.100769
v -0.033575 1.029872 0.286822
v -0.072446 0.905249 0.208732
v -0.070250 0.911184 0.216368
v -0.058854 0.913787 0.241927
v -0.006494 1.017612 0.310692
v -0.064629 0.895281 0.218821
v -0.049248 0.916409 0.267403
v -0.078407 0.945754 0.149780
v -0.023151 0.908109 0.240599
v -0.037153 1.023177 0.301686
v -0.071023 0.924786 0.208767
v -0.056878 0.916844 0.259977
v -0.034828 1.029132 0.285480
v -0.058610 0.914321 0.254107
v -0.046330 0.908997 0.240232
v -0.072516 0.950025 0.183826
v -0.054947 0.940812 0.250468
v -0.054748 0.948681 0.252707
v -0.013113 1.019918 0.310225
v -0.049796 0.914787 0.265793
v -0.080741 0.974345 0.149880
v -0.050600 0.910267 0.239490
v -0.038457 1.027588 0.285100
v -0.024223 0.897190 0.240854
v -0.072072 0.900496 0.204405
v -0.069607 0.896830 0.206763
v -0.069819 0.897525 0.217069
v -0.084227 0.998297 0.117503
v -0.018368 1.030321 0.071494
v -0.073286 0.937772 0.195716
v -0.081683 0.979707 0.103456
v -0.083968 1.019887 0.090394
v -0.052668 0.966677 0.257196
v -0.059344 0.899040 0.238479
v -0.083929 1.029501 0.074257
v -0.047519 0.981334 0.286861
v -0.000000 1.015275 0.064771
v -0.059644 0.911323 0.248018
v -0.037270 1.008779 0.062485
v -0.054655 0.956405 0.255297
v -0.067146 0.894637 0.210511
v -0.042566 1.004188 0.296451
v -0.046819 0.999846 0.269054
v -0.028075 0.890782 0.211694
v -0.043953 1.012144 0.276869
v -0.085962 0.998691 0.079288
v -0.047125 0.988365 0.263424
v -0.034228 1.016102 0.307794
v -0.073513 0.908514 0.195699
v -0.074849 0.919945 0.181619
v -0.075734 0.919829 0.183119
v -0.050056 0.919235 0.268748
v -0.039935 1.017754 0.298475
v -0.029353 1.029842 0.287331
v -0.065803 0.898477 0.229868
v -0.037013 1.029292 0.286234
v -0.058472 0.926745 0.247319
v -0.037099 1.028063 0.284661
v -0.053039 0.956640 0.254347
v -0.018487 1.005388 0.064418
v -0.048831 0.970256 0.283798
v -0.046845 0.969748 0.285006
v -0.048584 0.961746 0.281945
v -0.059003 0.900200 0.238145
v -0.020410 1.017549 0.309962
v -0.071910 0.896433 0.210346
v -0.051062 0.966771 0.256607
v -0.037809 1.027390 0.284692
v -0.055441 0.909456 0.240117
v -0.040795 0.915990 0.267271
v -0.000000 0.907569 0.241057
v -0.081591 1.015742 0.066738
v -0.006905 1.029261 0.288765
v -0.020304 0.916316 0.267632
v -0.060060 0.911625 0.242029
v -0.050853 0.913534 0.264086
v -0.056024 0.927628 0.245691
v -0.054302 0.914683 0.264919
v -0.051706 0.916557 0.267195
v -0.051140 0.917323 0.267739
v -0.052009 0.918486 0.267947
v -0.037184 1.016165 0.063989
v -0.020817 0.913251 0.264549
v -0.018328 1.030582 0.073988
v -0.082713 0.989393 0.131076
v -0.052175 1.020452 0.067051
v -0.052489 0.916435 0.266618
v -0.035760 1.030033 0.287576
v -0.039577 1.025493 0.291571
v -0.085501 0.977894 0.121373
v -0.038634 1.024175 0.296479
v -0.013783 1.028862 0.287705
v -0.021760 1.030338 0.290714
v -0.087079 0.991281 0.092123
v -0.000000 1.021948 0.309796
v -0.033378 1.023810 0.302565
v -0.083318 1.004557 0.068574
v -0.087195 1.006430 0.069878
v -0.046114 0.913702 0.264657
v -0.087538 1.006031 0.071354
v -0.038826 1.023957 0.282561
v -0.088230 1.012243 0.080990
v -0.038372 1.028818 0.286673
v -0.072974 0.923954 0.202891
v -0.085233 1.022646 0.084939
v -0.085624 1.025586 0.079716
v -0.071423 0.907354 0.213914
v -0.000000 0.887971 0.214282
v -0.085889 1.015048 0.068039
v -0.071284 0.900389 0.214197
v -0.056747 0.948094 0.255125
v -0.057137 0.913751 0.258756
v -0.070462 0.895084 0.211782
v -0.055481 0.897048 0.238363
v -0.065361 0.902269 0.234062
v -0.062235 0.898717 0.237375
v -0.068860 0.895523 0.208765
v -0.070707 0.896552 0.207781
v -0.071087 0.896197 0.209018
v -0.070396 0.895545 0.209740
v -0.021409 1.025863 0.299480
v -0.053541 0.893185 0.220490
v -0.081815 1.010702 0.064445
v -0.000000 1.019580 0.310489
v -0.083681 1.009777 0.064999
v -0.053236 0.919154 0.267444
v -0.060457 0.898284 0.237912
v -0.057050 0.909645 0.240231
v -0.061537 0.893584 0.211317
v -0.040891 1.011663 0.274439
v -0.056188 0.893200 0.210191
v -0.029627 1.030318 0.289056
v -0.084126 1.028661 0.078010
v -0.037075 1.006510 0.063603
v -0.082744 1.029971 0.077724
v -0.051187 0.930047 0.271901
v -0.074340 1.006871 0.065557
v -0.006878 1.028443 0.287772
v -0.037812 1.027386 0.292837
v -0.050691 0.976808 0.259457
v -0.067102 1.025170 0.069731
v -0.051800 1.030799 0.071908
v -0.072578 1.030889 0.076687
v -0.066875 1.030398 0.072187
v -0.035941 1.027588 0.283790
v -0.043609 0.979978 0.289042
v -0.023131 0.910140 0.239456
v -0.036641 1.030981 0.074109
v -0.025055 0.894848 0.240291
v -0.038756 1.028705 0.287930
v -0.064037 0.899224 0.236873
v -0.081339 1.013272 0.101584
v -0.085807 1.026009 0.078127
v -0.086831 1.022048 0.075438
v -0.082966 0.960054 0.134376
v -0.086596 1.009621 0.067081
v -0.027316 0.889547 0.216734
v -0.080852 1.024954 0.070897
v -0.055650 0.892474 0.212180
v -0.084338 0.985319 0.127700
v -0.052191 0.914000 0.264701
v -0.006781 1.026117 0.300640
v -0.060570 0.892921 0.214194
v -0.085073 1.024260 0.072167
v -0.081304 0.947412 0.151891
v -0.079980 1.030744 0.077449
v -0.053856 0.956452 0.255000
v -0.055734 0.909148 0.240292
v -0.051123 0.908525 0.240698
v -0.059854 0.901306 0.237177
v -0.029138 1.029496 0.286899
v -0.049567 0.940047 0.275519
v -0.071975 0.908783 0.193841
v -0.049954 0.946818 0.277250
v -0.081144 1.024738 0.085903
v -0.067482 0.907880 0.226718
v -0.034002 1.028016 0.293665
v -0.086525 1.003702 0.101502
v -0.013802 1.029434 0.288752
v -0.054990 0.914207 0.263826
v -0.062654 0.898513 0.236980
v -0.028891 1.023808 0.303202
v -0.076650 0.919641 0.185900
v -0.044250 0.916557 0.267705
v -0.050559 0.953655 0.278340
v -0.084955 1.003943 0.070355
v -0.078802 0.930951 0.172616
v -0.087003 0.995287 0.085588
v -0.083149 1.028564 0.079675
v -0.087484 1.000350 0.079587
v -0.063610 0.900976 0.236267
v -0.000000 1.029927 0.073177
v -0.065385 0.925867 0.210918
v -0.018313 1.030222 0.075226
v -0.055232 0.909989 0.239674
v -0.072188 0.904826 0.198701
v -0.066192 0.903855 0.231678
v -0.082256 1.029411 0.073299
v -0.000000 0.887296 0.217708
v -0.082612 1.017198 0.095631
v -0.041903 1.003457 0.297507
v -0.036931 1.025159 0.282255
v -0.056074 0.910432 0.239566
v -0.062096 0.904751 0.233015
v -0.081427 0.950905 0.156704
v -0.077977 0.960075 0.169421
v -0.061271 0.901552 0.236628
v -0.062620 0.902981 0.234760
v -0.083672 1.014589 0.097897
v -0.066273 0.902001 0.233137
v -0.087560 0.996344 0.086123
v -0.048445 0.916219 0.267333
v -0.048733 0.988313 0.264022
v -0.065168 0.899639 0.235780
v -0.058531 0.910189 0.247553
v -0.076422 0.919546 0.184494
v -0.034307 1.017589 0.308109
v -0.052440 1.006989 0.064153
v -0.032508 1.017341 0.308578
v -0.060569 0.899497 0.238010
v -0.053196 0.939814 0.273006
v -0.051642 0.915622 0.266310
v -0.031923 1.019281 0.308402
v -0.072876 0.904544 0.200075
v -0.050806 0.962165 0.280193
v -0.085368 1.027499 0.077074
v -0.046310 0.909898 0.239641
v -0.037825 1.013753 0.304782
v -0.052262 0.919530 0.267844
v -0.066030 0.912455 0.223682
v -0.013844 1.030392 0.290968
v -0.000000 0.914000 0.265596
v -0.052343 0.929926 0.271059
v -0.013394 1.024035 0.304638
v -0.078113 0.947030 0.176839
v -0.028215 1.019803 0.308832
v -0.020558 1.018723 0.309841
v -0.000000 0.892381 0.234866
v -0.045153 0.909501 0.247293
v -0.059762 0.910504 0.240937
v -0.059694 0.909534 0.241191
v -0.057730 0.910297 0.239827
v -0.058705 0.909510 0.240491
v -0.083573 1.005748 0.067297
v -0.064950 0.897230 0.223785
v -0.083484 0.960956 0.135239
v -0.050395 0.916608 0.267465
v -0.050144 0.915967 0.266988
v -0.066515 0.899096 0.229170
v -0.054995 0.909732 0.247366
v -0.069806 0.896101 0.207895
v -0.062347 0.899930 0.237474
v -0.084869 1.013848 0.097445
v -0.061645 0.900904 0.237127
v -0.067947 0.901883 0.226422
v -0.054443 0.928815 0.268846
v -0.035783 1.025446 0.297579
v -0.061835 0.894042 0.209933
v -0.000000 1.029824 0.075105
v -0.053432 0.976301 0.261758
v -0.081096 0.990433 0.131883
v -0.076088 0.921286 0.191565
v -0.086062 1.001458 0.075463
v -0.087280 1.002636 0.075316
v -0.083669 1.019802 0.069764
v -0.000000 1.024355 0.305206
v -0.046018 0.999850 0.268747
v -0.081945 1.030258 0.074206
v -0.083443 0.967843 0.142838
v -0.086635 0.990724 0.111699
v -0.000000 1.028396 0.296895
v -0.046261 0.913410 0.264059
v -0.046282 0.909336 0.240071
v -0.056887 0.909853 0.239934
v -0.045167 0.999870 0.267990
v -0.067358 0.925673 0.210601
v -0.013078 1.019306 0.310266
v -0.071517 0.896798 0.208396
v -0.064731 0.899797 0.236219
v -0.071864 0.898645 0.206446
v -0.031550 1.025758 0.298370
v -0.053681 0.929057 0.269947
v -0.059351 0.914417 0.249233
v -0.054928 0.918058 0.265787
v -0.060061 0.913075 0.243196
v -0.086044 1.006094 0.068810
v -0.073397 0.904183 0.201403
v -0.082341 1.012362 0.102387
v -0.086320 1.008436 0.067018
v -0.034055 1.030309 0.288586
v -0.037350 1.011110 0.061699
v -0.051631 0.939949 0.274404
v -0.052105 1.005801 0.064856
v -0.000000 1.029887 0.290414
v -0.074270 0.908237 0.197777
v -0.027537 0.889631 0.215314
v -0.075195 0.949204 0.182978
v -0.084313 1.004333 0.069346
v -0.000000 1.030517 0.292126
v -0.027945 1.018144 0.309233
v -0.000000 0.887546 0.215913
v -0.059230 0.910701 0.240720
v -0.073716 1.005659 0.066285
v -0.050413 0.984816 0.275877
v -0.083775 0.972258 0.116976
v -0.059993 0.909293 0.242288
v -0.038977 1.015270 0.303752
v -0.079846 0.956869 0.165018
v -0.060791 0.892998 0.213475
v -0.042363 1.011856 0.275154
v -0.000000 0.914546 0.266019
v -0.079851 0.938941 0.161647
v -0.018682 1.010000 0.062110
v -0.022076 0.910550 0.252718
v -0.087705 1.012844 0.071350
v -0.000000 0.911217 0.257929
v -0.067554 0.900139 0.228367
v -0.072641 0.900141 0.206352
v -0.083412 1.003093 0.070669
v -0.084390 1.028964 0.076035
v -0.050941 0.909620 0.239825
v -0.020964 0.912648 0.263352
v -0.087537 0.995787 0.095577
v -0.052539 0.912227 0.258202
v -0.067188 0.895294 0.208592
v -0.058405 0.900524 0.238087
v -0.030491 1.020913 0.308216
v -0.048148 0.946689 0.277896
v -0.085146 0.973598 0.117724
v -0.055983 0.908443 0.241287
v -0.085821 0.981922 0.104596
v -0.053347 0.917617 0.266835
v -0.036892 1.025327 0.068187
v -0.061541 0.894452 0.208850
v -0.066679 0.894108 0.212613
v -0.053354 0.974922 0.267027
v -0.058181 0.912219 0.253283
v -0.048534 0.953460 0.279627
v -0.060383 0.909968 0.241976
v -0.000000 0.894825 0.242056
v -0.000000 0.895641 0.241872
v -0.024412 0.896459 0.241212
v -0.083760 0.997245 0.079122
v -0.083024 0.999614 0.075405
v -0.069040 0.938720 0.197286
v -0.081247 1.011849 0.103545
v -0.083954 0.999936 0.075503
v -0.083452 0.999188 0.118185
v -0.006919 1.030456 0.292209
v -0.021230 1.028558 0.286342
v -0.060747 0.903323 0.234883
v -0.069909 0.899215 0.204059
v -0.046795 0.961462 0.282688
v -0.075568 0.976507 0.151680
v -0.079132 1.002042 0.117682
v -0.038200 1.016615 0.305116
v -0.053238 0.948771 0.252108
v -0.054853 0.891882 0.214340
v -0.026225 0.892870 0.227229
v -0.039976 1.001798 0.298711
v -0.058186 0.909781 0.240298
v -0.036493 1.014438 0.306165
v -0.072306 0.898284 0.209015
v -0.083445 0.980162 0.103913
v -0.039704 1.026189 0.284999
v -0.054801 0.897695 0.239274
v -0.074961 1.010201 0.063910
v -0.080152 0.946503 0.150759
v -0.083513 1.011160 0.102682
v -0.037117 1.013221 0.304985
v -0.053773 0.954567 0.271389
v -0.039497 1.024154 0.282969
v -0.038087 1.023649 0.281603
v -0.038250 1.025554 0.283070
v -0.066544 0.908070 0.227715
v -0.077759 0.930978 0.170414
v -0.076028 0.930976 0.168459
v -0.057734 0.908498 0.241941
v -0.084907 1.028036 0.075297
v -0.033341 1.018435 0.308301
v -0.052782 0.913479 0.263578
v -0.000000 1.028842 0.288833
v -0.054119 0.913945 0.264192
v -0.041781 0.913306 0.264055
v -0.000000 1.007794 0.063332
v -0.031167 1.029368 0.286048
v -0.044437 0.916103 0.267306
v -0.036868 1.017299 0.306499
v -0.052749 1.010391 0.062545
v -0.080063 1.001892 0.117537
v -0.039391 1.027842 0.286689
v -0.006613 1.022272 0.309205
v -0.085676 1.010063 0.065567
v -0.020491 0.915316 0.266810
v -0.013197 1.021599 0.309472
v -0.000000 0.915642 0.267172
v -0.043188 0.991235 0.291735
v -0.058766 0.911130 0.240237
v -0.058773 0.910479 0.240236
v -0.035946 1.028588 0.284729
v -0.055405 0.916274 0.264625
v -0.033224 1.029542 0.286398
v -0.060228 0.900658 0.237676
v -0.049829 0.917374 0.268010
v -0.084451 0.993231 0.085233
v -0.036031 1.029956 0.288924
v -0.049660 0.953549 0.278713
v -0.073270 0.909298 0.204487
v -0.048305 0.981824 0.285684
v -0.073626 1.029877 0.072209
v -0.018588 1.006573 0.063707
v -0.087927 1.005169 0.082326
v -0.000000 1.005451 0.064521
v -0.085895 1.021553 0.084467
v -0.070594 0.950252 0.184097
v -0.055727 0.956123 0.256523
v -0.083311 0.988653 0.091023
v -0.080133 0.942523 0.167163
v -0.078400 0.932685 0.178984
v -0.000000 0.908475 0.240116
v -0.023077 0.907704 0.241669
v -0.076285 0.960929 0.170181
v -0.059303 0.908859 0.241503
v -0.037975 1.018841 0.305481
v -0.073013 1.031154 0.075568
v -0.056367 0.910125 0.239742
v -0.078929 0.991190 0.132489
v -0.020876 1.021980 0.308360
v -0.077432 0.976239 0.151446
v -0.056034 0.912675 0.258353
v -0.081045 1.000997 0.118352
v -0.061840 0.898995 0.237805
v -0.055678 0.947806 0.264776
v -0.054961 0.940093 0.267680
v -0.054695 0.916729 0.265714
v -0.072294 0.898294 0.208302
v -0.071207 0.895791 0.210355
v -0.072245 0.898289 0.207683
v -0.055643 0.940586 0.251083
v -0.031921 1.030281 0.289537
v -0.063703 0.912820 0.224233
v -0.057281 0.940237 0.252577
v -0.040078 1.021508 0.294766
v -0.053128 0.898909 0.239413
v -0.048635 0.898008 0.240194
v -0.080712 1.018403 0.094843
v -0.055511 0.955627 0.261869
v -0.028113 0.890389 0.212779
v -0.046228 0.908244 0.241210
v -0.053055 0.946854 0.274293
v -0.079949 0.975123 0.150618
v -0.036504 1.029015 0.285771
v -0.080256 0.939422 0.162860
v -0.055800 0.929110 0.264076
v -0.052236 0.946786 0.275493
v -0.085591 1.006833 0.067740
v -0.080962 0.958707 0.133359
v -0.082547 1.006559 0.066532
v -0.036918 1.019364 0.306535
v -0.084846 1.007866 0.066277
v -0.051622 0.962445 0.278927
v -0.052938 0.899264 0.239283
v -0.067470 1.006281 0.065406
v -0.066480 1.031023 0.075649
v -0.066724 1.030973 0.073902
v -0.068779 0.896481 0.217871
v -0.051621 1.031150 0.074299
v -0.087240 1.007994 0.068532
v -0.055791 0.911423 0.252977
v -0.087144 1.020029 0.078321
v -0.018376 1.029620 0.070461
v -0.000000 1.024416 0.068966
v -0.035483 1.019231 0.307518
v -0.040149 1.026030 0.286273
v -0.030601 1.028693 0.285192
v -0.049825 0.896459 0.239725
v -0.068116 1.010956 0.063333
v -0.018668 1.011317 0.062068
v -0.082619 0.992667 0.084912
v -0.081451 1.014680 0.099612
v -0.047941 0.970077 0.284168
v -0.068459 0.894533 0.212908
v -0.071165 0.895725 0.211772
v -0.076068 0.948643 0.182159
v -0.056915 0.940273 0.258032
v -0.000000 0.912593 0.263846
v -0.058870 0.926567 0.248454
v -0.034747 1.021540 0.306672
v -0.085185 1.027076 0.078663
v -0.085440 0.655971 -0.126930
v -0.087200 0.650848 -0.142803
v -0.096210 0.662616 -0.152241
v -0.185431 0.593145 -0.131148
v -0.198583 0.537815 -0.122148
v -0.204064 0.339732 -0.075175
v -0.203500 0.418920 -0.062516
v -0.199668 0.398097 0.089876
v -0.191512 0.396822 0.111175
v -0.172270 0.491974 0.097807
v -0.169258 0.587119 0.079106
v -0.199397 0.406519 0.067760
v -0.210853 0.377005 -0.008085
v -0.211096 0.386955 0.005236
v -0.210704 0.389303 0.024908
v -0.018590 0.909702 0.357405
v -0.202545 0.429287 -0.047382
v -0.199736 0.431454 0.026127
v -0.200876 0.463850 -0.020593
v -0.178435 0.620699 -0.021572
v -0.170105 0.621630 0.039449
v -0.175115 0.637485 -0.082129
v -0.159384 0.631460 0.049419
v -0.123238 0.673902 -0.132381
v -0.103065 0.647860 0.032520
v -0.104496 0.643087 0.009513
v -0.011606 1.070420 0.087855
v -0.017095 1.104771 0.094422
v -0.032611 1.056587 0.076919
v -0.033641 1.153626 0.132936
v -0.039031 1.176337 0.162489
v -0.059215 1.083506 0.099962
v -0.058082 1.077836 0.087583
v -0.067387 1.147601 0.143240
v -0.069429 1.172699 0.152300
v -0.062252 1.203202 0.189034
v -0.055345 1.203310 0.189076
v -0.048326 1.203733 0.179675
v -0.050798 1.203914 0.171775
v -0.051471 0.963946 0.044638
v -0.070582 0.112806 -0.116029
v -0.105508 0.126540 -0.149334
v -0.076441 0.134166 -0.163295
v -0.101932 0.115914 -0.126001
v -0.132016 0.643206 0.033487
v -0.177601 0.403317 -0.139883
v -0.177337 0.316027 -0.089158
v -0.207347 0.347431 -0.046376
v -0.207096 0.378836 -0.037848
v -0.180328 0.333267 0.059653
v -0.183568 0.342932 0.090907
v -0.210577 0.351065 0.004356
v -0.205801 0.359754 0.054026
v -0.011411 1.006235 0.064657
v -0.206011 0.397459 0.013789
v -0.041475 0.120157 -0.130401
v -0.198444 0.441761 0.056048
v -0.202503 0.419973 -0.107166
v -0.192436 0.555976 -0.031677
v -0.103941 0.657917 -0.060356
v -0.039089 1.106362 0.132021
v -0.063226 1.106218 0.120316
v -0.050495 1.161963 0.163045
v -0.067519 1.200011 0.177040
v -0.020367 0.932573 0.333659
v -0.123001 0.649278 -0.151428
v -0.032900 0.938662 0.314182
v -0.004862 1.091938 0.119164
v -0.030026 0.939829 0.344305
v -0.030042 0.941154 0.327875
v -0.054061 1.163911 0.132447
v -0.049157 0.649021 0.014820
v -0.180634 0.320464 0.006324
v -0.149829 0.288464 -0.087649
v -0.019393 0.947801 0.318510
v -0.165185 0.297275 0.187824
v -0.122376 0.018273 -0.181964
v -0.038393 0.910986 0.356589
v -0.058929 1.200544 0.164095
v -0.121293 0.547399 -0.255673
v -0.096307 0.670996 -0.130609
v -0.076933 0.964847 0.058267
v -0.137595 0.655205 -0.063525
v -0.043757 0.130890 -0.154332
v -0.058676 1.204731 0.178641
v -0.177439 0.316343 -0.047861
v -0.041991 1.104548 0.088139
v -0.123199 0.665108 0.274650
v -0.052030 0.932075 0.310313
v -0.049257 0.658402 -0.063497
v -0.157865 0.223019 0.003664
v -0.104099 0.259691 -0.246203
v -0.109087 0.279591 -0.246169
v -0.205350 0.387039 0.039941
v -0.034296 0.628450 -0.291674
v -0.152186 0.281430 -0.143814
v -0.150667 0.286149 -0.037422
v -0.161930 0.330855 0.081700
v -0.160426 0.264125 0.023025
v -0.169352 0.299193 0.106181
v -0.062360 1.085380 0.121641
v -0.148495 0.374443 0.262788
v -0.154197 0.509128 0.226740
v -0.143763 0.593662 0.249860
v -0.056983 0.900967 0.221759
v -0.096154 0.682805 0.075747
v -0.087565 0.731636 0.085570
v -0.061360 0.768775 0.081381
v -0.032877 0.934456 0.339200
v -0.083102 0.909837 0.148225
v -0.084993 0.955806 0.087031
v -0.058386 1.036211 0.083527
v -0.064106 1.059139 0.146645
v -0.059429 1.053828 0.177223
v -0.037270 0.968559 0.319236
v -0.050977 0.959873 0.255550
v -0.052873 0.911997 0.248628
v -0.043723 0.921550 0.305195
v -0.040919 0.922103 0.336057
v -0.040796 1.038984 0.265549
v -0.043051 0.648366 -0.156815
v -0.074843 0.845392 0.211178
v -0.184212 0.556674 0.064339
v -0.131132 0.573606 0.294642
v -0.090541 0.847232 0.173466
v -0.027005 0.935908 0.332213
v -0.017999 1.111347 0.119656
v -0.062030 0.233561 -0.247586
v -0.049757 0.269302 -0.257668
v -0.048574 0.399499 -0.285356
v -0.044389 0.545501 -0.309130
v -0.048636 0.602698 -0.309800
v -0.020914 0.612060 -0.306440
v -0.152298 0.399499 -0.171289
v -0.161077 0.499243 0.145990
v -0.113743 0.745918 0.133002
v -0.150329 0.224443 0.208793
v -0.132662 0.268680 -0.194512
v -0.076074 0.201083 -0.029174
v -0.072226 0.209034 0.190118
v -0.100150 0.231087 -0.236136
v -0.033745 0.205630 -0.214184
v -0.080234 0.206516 -0.178117
v -0.076728 0.220913 0.288532
v -0.035370 0.223812 0.296752
v -0.056104 0.237553 0.304094
v -0.128667 0.377106 0.298621
v -0.059940 0.382029 0.311770
v -0.090634 0.919198 0.095711
v -0.058343 0.664648 0.296406
v -0.061641 0.574957 0.313347
v -0.137253 0.666778 0.219561
v -0.047544 0.747061 0.263982
v -0.137492 0.665354 0.129733
v -0.035145 0.842676 0.223185
v -0.114051 0.748930 0.201127
v -0.025597 0.902989 0.242456
v -0.020677 0.907999 0.312088
v -0.130716 0.399499 -0.233192
v -0.126236 0.223493 -0.176151
v -0.118465 0.665993 0.081743
v -0.206562 0.394073 -0.016506
v -0.097282 0.847526 0.114542
v -0.085476 0.848001 0.079843
v -0.083808 0.921749 0.055662
v -0.055587 0.846626 0.065707
v -0.074042 1.004204 0.127741
v -0.068375 1.033728 0.089758
v -0.054908 0.920848 0.041464
v -0.039973 1.007764 0.066889
v -0.055510 1.076154 0.168555
v -0.048103 1.007944 0.254713
v -0.029130 1.079694 0.167118
v -0.032066 0.983392 0.332051
v -0.019341 1.040978 0.265512
v -0.016549 0.844859 0.059380
v -0.003242 1.083224 0.153474
v -0.016549 0.919412 0.035026
v -0.005568 1.063524 0.096767
v -0.014999 0.984719 0.333353
v -0.027021 0.756836 0.075007
v -0.161554 0.565457 -0.150021
v -0.044187 0.691533 0.067413
v -0.048083 0.657912 0.053215
v -0.104237 0.399499 -0.275947
v -0.095882 0.545501 -0.300691
v -0.140706 0.551195 -0.189831
v -0.079439 0.609512 -0.298542
v -0.114867 0.625291 -0.194512
v -0.101787 0.617779 -0.258772
v -0.044609 0.643507 -0.255975
v -0.066748 0.648349 -0.207768
v -0.042583 0.909896 0.309874
v -0.025318 0.655497 -0.117864
v -0.055641 0.660619 -0.115586
v -0.010053 0.955908 0.342812
v -0.021396 0.954987 0.341838
v -0.121177 0.231930 0.291741
v -0.024432 0.922879 0.371858
v -0.011790 0.922097 0.372243
v -0.052030 0.942748 0.291827
v -0.053761 0.921855 0.306670
v -0.053761 0.915541 0.295733
v -0.052030 0.917496 0.306406
v -0.052030 0.938842 0.285061
v -0.053761 0.934483 0.306670
v -0.053761 0.921855 0.284797
v -0.052030 0.913589 0.291827
v -0.052030 0.913589 0.299640
v -0.053761 0.940797 0.295733
v -0.053761 0.934483 0.284797
v -0.053761 0.928169 0.286489
v -0.053761 0.936175 0.300356
v -0.052029 0.932075 0.281154
v -0.052030 0.942748 0.299640
v -0.052029 0.917496 0.285061
v -0.052029 0.924262 0.281154
v -0.100138 0.748063 0.246671
v -0.052030 0.924262 0.310313
v -0.053761 0.925167 0.297467
v -0.052030 0.938842 0.306406
v -0.047052 0.220288 -0.239063
v -0.120240 0.010532 -0.164581
v -0.100245 0.005713 -0.168997
v -0.080342 0.010377 -0.187287
v -0.098797 0.004240 -0.158509
v -0.078968 0.004261 -0.170587
v -0.066221 0.943013 0.197081
v -0.101949 0.012254 -0.184958
v -0.102308 0.018096 -0.192592
v -0.016549 0.962510 0.038769
v -0.099214 0.742501 0.097326
v -0.069459 1.022315 0.204786
v -0.065518 1.030643 0.211158
v -0.068000 1.009294 0.213693
v -0.061838 1.017999 0.225409
v -0.063297 1.031020 0.216502
v -0.069590 1.011829 0.208726
v -0.063524 1.012857 0.223325
v -0.061707 1.028485 0.221470
v -0.067773 1.027457 0.206870
v -0.065780 1.009670 0.219037
v -0.061173 1.023719 0.224730
v -0.070125 1.016595 0.205466
v -0.071612 1.022572 0.206400
v -0.072996 1.022471 0.209500
v -0.070031 1.027391 0.208353
v -0.071778 1.026188 0.211006
v -0.067918 1.030378 0.212372
v -0.070147 1.028491 0.214106
v -0.065837 1.030730 0.217380
v -0.068542 1.028763 0.217968
v -0.064346 1.028355 0.222035
v -0.067393 1.026931 0.221559
v -0.063846 1.023888 0.225091
v -0.067007 1.023486 0.223915
v -0.064469 1.018527 0.225727
v -0.067488 1.019351 0.224406
v -0.066049 1.013708 0.223774
v -0.068706 1.015635 0.222900
v -0.068163 1.010722 0.219756
v -0.070337 1.013332 0.219800
v -0.070244 1.010369 0.214747
v -0.071942 1.013060 0.215938
v -0.071734 1.012744 0.210092
v -0.073091 1.014892 0.212347
v -0.072235 1.017211 0.207036
v -0.073477 1.018336 0.209991
v -0.070887 1.021017 0.217213
v -0.048879 1.037575 0.225339
v -0.054777 0.986697 0.220092
v -0.065779 1.011541 0.156769
v -0.050032 1.015504 0.228329
v -0.058642 0.976730 0.205089
v -0.059763 1.053049 0.170215
v -0.053014 0.994975 0.224536
v -0.063061 0.977541 0.183941
v -0.055711 1.063456 0.187450
v -0.056632 0.980475 0.213644
v -0.065833 0.990558 0.165660
v -0.061845 1.044170 0.163112
v -0.052079 1.061344 0.205013
v -0.060841 0.975650 0.194871
v -0.057693 1.059729 0.178562
v -0.049398 1.047634 0.220273
v -0.064844 0.982628 0.173782
v -0.053847 1.063943 0.196304
v -0.049120 1.026602 0.227906
v -0.066080 1.000504 0.159995
v -0.050536 1.055805 0.213214
v -0.051391 1.004786 0.227188
v -0.063681 1.033918 0.158179
v -0.064992 1.022903 0.156081
v -0.067948 1.033024 0.160579
v -0.072700 1.031261 0.165880
v -0.074689 1.029110 0.173020
v -0.064255 1.050646 0.172040
v -0.068999 1.045999 0.175939
v -0.071731 1.041072 0.180808
v -0.060495 1.060270 0.188017
v -0.065262 1.052961 0.189236
v -0.068454 1.043895 0.190806
v -0.057186 1.058371 0.204286
v -0.062700 1.051737 0.202130
v -0.066692 1.042616 0.199150
v -0.054693 1.045799 0.218481
v -0.061008 1.042303 0.213820
v -0.065773 1.037807 0.207336
v -0.054432 1.026231 0.225537
v -0.060912 1.025384 0.220078
v -0.065702 1.024207 0.212561
v -0.056563 1.005871 0.224827
v -0.062856 1.007248 0.219498
v -0.067353 1.008354 0.212457
v -0.059742 0.989034 0.218033
v -0.065478 0.993005 0.213918
v -0.069197 0.997532 0.208441
v -0.063321 0.979458 0.204228
v -0.068562 0.985051 0.202779
v -0.071324 0.992473 0.201234
v -0.067534 0.979871 0.184389
v -0.072351 0.985331 0.186043
v -0.074277 0.992934 0.188871
v -0.070080 0.992159 0.167334
v -0.074648 0.996021 0.171407
v -0.076249 1.001495 0.177160
v -0.070000 1.011963 0.159026
v -0.074587 1.013055 0.164296
v -0.076204 1.014670 0.171572
v -0.069202 1.022675 0.158516
v -0.073834 1.022282 0.163990
v -0.075590 1.021899 0.171409
v -0.066245 1.042553 0.165221
v -0.071185 1.039470 0.169900
v -0.073456 1.035750 0.176248
v -0.062296 1.056869 0.179806
v -0.066886 1.050475 0.182610
v -0.069787 1.043137 0.186080
v -0.058807 1.060709 0.196185
v -0.063790 1.053047 0.195728
v -0.067436 1.043545 0.195067
v -0.055750 1.053318 0.211930
v -0.061614 1.047870 0.208167
v -0.066078 1.040704 0.203222
v -0.054208 1.036469 0.223168
v -0.060733 1.034495 0.218006
v -0.065597 1.032130 0.210795
v -0.055287 1.015856 0.225911
v -0.061673 1.016080 0.220459
v -0.066332 1.015979 0.213043
v -0.058092 0.996767 0.222260
v -0.064160 0.999420 0.217348
v -0.068374 1.002053 0.210806
v -0.061432 0.983165 0.212140
v -0.066901 0.988214 0.209189
v -0.070149 0.994495 0.205409
v -0.065439 0.978199 0.194630
v -0.070471 0.983889 0.194754
v -0.072776 0.991711 0.195523
v -0.069173 0.984660 0.174923
v -0.073817 0.989512 0.177940
v -0.075508 0.996341 0.182430
v -0.070308 1.001554 0.162009
v -0.074875 1.004131 0.166811
v -0.076453 1.007792 0.173512
v -0.071568 1.019647 0.193659
v -0.012162 0.933154 0.350244
v -0.013491 0.938709 0.358993
v -0.014819 0.930250 0.364217
v -0.086753 1.008735 0.094319
v -0.038023 1.022214 0.301047
v -0.018321 1.030402 0.074607
v -0.031135 1.023809 0.302883
v -0.035265 1.023493 0.302125
v -0.050685 0.986328 0.271290
v -0.061585 0.899474 0.237763
v -0.083567 1.029467 0.076879
v -0.084167 1.027820 0.079169
v -0.051106 0.908344 0.241248
v -0.033439 1.018985 0.308041
v -0.086483 1.002791 0.074067
v -0.050246 0.930223 0.272237
v -0.052375 0.917982 0.267231
v -0.071289 0.898889 0.205527
v -0.056896 0.928559 0.259004
v -0.058738 0.922997 0.250540
v -0.072859 0.905961 0.198158
v -0.072782 0.903074 0.201961
v -0.082044 1.024479 0.085843
v -0.073856 0.949614 0.183402
v -0.054432 0.965274 0.264448
v -0.034559 1.021084 0.307088
v -0.027825 0.890010 0.214046
v -0.052486 0.913740 0.264139
v -0.058671 0.926656 0.247886
v -0.021520 0.911599 0.258035
v -0.052594 1.008690 0.063349
v -0.052446 1.016064 0.064769
v -0.006697 1.024195 0.304922
v -0.078255 0.935981 0.163655
v -0.079649 0.941289 0.157810
v -0.037590 1.025356 0.282662
v -0.080345 0.974734 0.150249
v -0.033856 1.019531 0.307903
v -0.034831 1.016634 0.307638
v -0.054287 0.912451 0.258277
v -0.051561 1.031002 0.074879
v -0.030222 1.019817 0.308560
v -0.085952 1.023154 0.073803
v -0.070551 0.898957 0.215633
v -0.074531 0.922620 0.197228
v -0.057643 0.908651 0.241395
v -0.057880 0.927066 0.246765
v -0.073267 1.030922 0.074397
v -0.051168 0.914983 0.265844
v -0.087389 1.007012 0.069943
v -0.082100 1.029835 0.073753
v -0.059085 0.894233 0.219656
v -0.059584 0.912047 0.241542
v -0.052272 1.006395 0.064505
v -0.036520 1.027825 0.284225
v -0.052066 0.916028 0.266464
v -0.083840 0.998743 0.117844
v -0.047912 0.981579 0.286273
v -0.006539 1.019443 0.310377
v -0.059754 0.899847 0.238083
v -0.054062 0.928936 0.269396
v -0.052864 0.918419 0.267409
v -0.053837 0.916802 0.266256
v -0.034864 1.029279 0.286085
v -0.084633 0.981042 0.104255
v -0.057008 0.915298 0.259366
v -0.082085 1.030018 0.078091
v -0.051720 0.933307 0.272454
v -0.053087 0.926046 0.269483
v -0.029743 1.018166 0.309002
v -0.082963 1.024607 0.071532
v -0.078690 0.975681 0.151032
v -0.068728 0.925377 0.210152
v -0.068497 0.895698 0.208244
v -0.056995 0.910092 0.239834
v -0.055891 0.910182 0.239661
v -0.062978 0.900453 0.236870
v -0.081409 1.030572 0.075320
v -0.043161 0.916217 0.267427
v -0.048796 0.916496 0.267515
v -0.049929 0.916328 0.267285
v -0.051493 0.929728 0.271260
v -0.024593 0.896005 0.241150
v -0.020654 0.914284 0.265679
v -0.074965 1.010829 0.063889
v -0.083225 0.960505 0.134807
v -0.006557 1.020073 0.310345
v -0.006512 1.018242 0.310660
v -0.083740 1.015395 0.067388
v -0.049575 0.988227 0.264744
v -0.043390 1.006027 0.291673
v -0.027426 0.889589 0.216024
v -0.083464 0.964400 0.139038
v -0.006850 1.028287 0.296424
v -0.051997 1.025249 0.068959
v -0.053993 0.948726 0.252407
v -0.028094 0.890585 0.212237
v -0.068771 0.895091 0.210126
v -0.040152 1.002228 0.298360
v -0.063506 0.894088 0.210587
v -0.050192 0.946738 0.276695
v -0.085401 1.006150 0.068206
v -0.085586 1.007712 0.067011
v -0.083943 1.005041 0.068321
v -0.083904 1.003095 0.070969
v -0.084505 1.003922 0.070087
v -0.085659 1.005096 0.069731
v -0.086426 1.005320 0.070443
v -0.071865 0.902819 0.211465
v -0.080112 0.958485 0.133063
v -0.031841 1.030313 0.288821
v -0.051865 0.966724 0.256902
v -0.083579 0.998932 0.076677
v -0.074028 1.006265 0.065921
v -0.061684 0.903152 0.234822
v -0.063991 0.902625 0.234411
v -0.070456 0.899762 0.203732
v -0.070157 0.896691 0.207272
v -0.054646 0.914445 0.264373
v -0.066372 0.925770 0.210760
v -0.059233 0.910007 0.240714
v -0.077217 0.938365 0.159119
v -0.059042 0.912244 0.241324
v -0.034398 1.028828 0.285037
v -0.075631 0.948923 0.182569
v -0.032924 1.017888 0.308439
v -0.057220 0.909329 0.240392
v -0.035573 1.017733 0.307165
v -0.052690 0.966554 0.257572
v -0.018348 1.030452 0.072741
v -0.018537 1.005980 0.064062
v -0.068571 0.894596 0.212197
v -0.071555 0.950138 0.183962
v -0.038977 1.025871 0.284035
v -0.038564 1.028761 0.287301
v -0.040113 1.023769 0.290519
v -0.031735 1.028020 0.293953
v -0.018446 1.024872 0.068576
v -0.042235 1.003822 0.296979
v -0.055141 0.897371 0.238819
v -0.055068 0.932672 0.266868
v -0.056763 0.909961 0.247459
v -0.060222 0.911522 0.242586
v -0.054367 0.947330 0.269535
v -0.052823 0.963453 0.274039
v -0.022576 0.909127 0.247194
v -0.006922 1.030455 0.291547
v -0.087063 1.016898 0.082729
v -0.079375 0.998375 0.122569
v -0.080785 1.004912 0.113144
v -0.065817 0.902135 0.233600
v -0.081292 1.016858 0.096701
v -0.082066 1.018537 0.094046
v -0.084170 1.016108 0.095245
v -0.083265 1.014316 0.098737
v -0.080981 1.013096 0.101966
v -0.081710 1.013438 0.101195
v -0.083085 1.011091 0.103241
v -0.073977 1.025062 0.070314
v -0.051095 0.946802 0.276372
v -0.058708 0.910241 0.240509
v -0.085496 1.026542 0.078395
v -0.047929 0.988339 0.263723
v -0.062976 0.898818 0.237076
v -0.061511 0.898666 0.237697
v -0.044202 1.012029 0.277497
v -0.083535 0.992949 0.085073
v -0.021592 1.029835 0.288284
v -0.064360 0.899674 0.236568
v -0.065114 0.899951 0.235840
v -0.067013 0.907975 0.227216
v -0.070560 0.924934 0.209235
v -0.050767 0.916965 0.267602
v -0.087281 0.995815 0.085855
v -0.038695 1.026440 0.292204
v -0.018372 1.029971 0.070977
v -0.071361 0.904861 0.198185
v -0.085236 1.013353 0.097151
v -0.063802 0.897871 0.230383
v -0.058738 0.892600 0.214003
v -0.086458 1.009029 0.067049
v -0.051032 0.918860 0.268348
v -0.050771 0.909944 0.239658
v -0.071186 0.895758 0.211064
v -0.072170 0.897670 0.209221
v -0.073207 0.902842 0.203728
v -0.073711 0.905537 0.200429
v -0.077269 0.923377 0.180769
v -0.075834 0.915838 0.189624
v -0.021584 1.028100 0.295097
v -0.037165 1.019808 0.306074
v -0.021470 1.029465 0.287826
v -0.018675 1.010659 0.062089
v -0.079718 0.936568 0.165878
v -0.080417 0.941895 0.158565
v -0.086112 0.982439 0.104924
v -0.038476 1.017055 0.304616
v -0.021143 1.023922 0.303920
v -0.059843 0.909414 0.241740
v -0.081964 0.959381 0.133867
v -0.020823 1.021490 0.308788
v -0.047878 0.913360 0.263877
v -0.056504 0.948180 0.254550
v -0.054580 0.966212 0.259141
v -0.052733 1.011033 0.062516
v -0.082092 0.971094 0.146359
v -0.049051 0.946754 0.277573
v -0.035896 1.029994 0.288250
v -0.023141 0.909124 0.240027
v -0.055050 0.916502 0.265170
v -0.054749 0.948519 0.253041
v -0.074650 1.008536 0.064733
v -0.020590 1.019274 0.309589
v -0.085008 1.000697 0.075483
v -0.051214 0.962305 0.279560
v -0.061164 0.893291 0.212396
v -0.056541 0.896296 0.231740
v -0.086797 1.013946 0.069695
v -0.087875 1.011831 0.072820
v -0.039927 1.026110 0.285636
v -0.083114 1.008168 0.065765
v -0.068929 0.897661 0.219132
v -0.049695 0.961955 0.281069
v -0.073077 0.906247 0.205315
v -0.077046 0.924538 0.185483
v -0.048771 0.988253 0.264445
v -0.087732 1.000478 0.088952
v -0.053493 0.966507 0.257866
v -0.079123 0.944777 0.172001
v -0.080605 0.944283 0.162242
v -0.056213 0.947950 0.259951
v -0.082321 1.028731 0.079865
v -0.065829 0.899071 0.231606
v -0.031181 1.029519 0.286649
v -0.067258 0.901341 0.229309
v -0.082564 0.979935 0.103684
v -0.086519 0.986840 0.108475
v -0.026771 0.891208 0.221982
v -0.006599 1.021773 0.309634
v -0.035907 1.027701 0.293251
v -0.076658 0.943872 0.182989
v -0.053004 0.915620 0.266057
v -0.072796 1.031022 0.076127
v -0.039415 1.019502 0.299441
v -0.020664 1.019861 0.309529
v -0.020891 0.912950 0.263950
v -0.052289 0.897961 0.239709
v -0.056035 0.898264 0.239048
v -0.061688 0.894247 0.209392
v -0.020561 0.914784 0.266090
v -0.059087 0.910756 0.247785
v -0.059497 0.912870 0.248625
v -0.071104 0.896516 0.208398
v -0.070897 0.895844 0.209704
v -0.080427 1.030815 0.076942
v -0.071875 0.897911 0.207508
v -0.020398 0.915816 0.267221
v -0.076114 0.923584 0.178384
v -0.075223 0.915963 0.187771
v -0.047790 0.912104 0.258172
v -0.048800 0.961813 0.281440
v -0.051710 1.030975 0.073104
v -0.047689 0.961604 0.282317
v -0.018635 1.008287 0.062909
v -0.006901 1.029448 0.289329
v -0.056586 0.913213 0.258554
v -0.060749 0.901105 0.237152
v -0.058566 0.912666 0.240836
v -0.038318 1.025674 0.283627
v -0.066704 0.895881 0.218346
v -0.024913 0.895242 0.240736
v -0.021735 1.030355 0.290012
v -0.023114 0.907907 0.241134
v -0.068710 0.905034 0.223106
v -0.045182 0.915130 0.266181
v -0.050862 0.909396 0.240094
v -0.056681 0.909302 0.240399
v -0.057103 0.909953 0.240032
v -0.040940 1.002628 0.298109
v -0.082080 1.005999 0.066866
v -0.058248 0.910713 0.240032
v -0.023155 0.909752 0.239602
v -0.044333 1.009890 0.282510
v -0.020484 1.018136 0.309902
v -0.085431 0.994511 0.114601
v -0.073574 1.030283 0.072718
v -0.054918 0.899110 0.239154
v -0.051567 0.898727 0.239630
v -0.058436 0.900187 0.238271
v -0.076500 0.976373 0.151563
v -0.084088 1.023433 0.085361
v -0.065201 0.908365 0.228118
v -0.050687 0.987991 0.266085
v -0.044877 0.915393 0.266548
v -0.062900 0.908785 0.228624
v -0.030605 1.021387 0.307806
v -0.035294 1.029582 0.286528
v -0.082249 1.000093 0.118268
v -0.074649 1.015852 0.066143
v -0.085564 1.022100 0.084703
v -0.084648 1.028500 0.075666
v -0.006892 1.028852 0.288269
v -0.055504 0.948473 0.253341
v -0.021351 1.028928 0.286800
v -0.085727 0.994259 0.085410
v -0.049359 0.983320 0.280780
v -0.025640 0.893859 0.233760
v -0.050074 0.909616 0.247329
v -0.074001 0.919880 0.181150
v -0.037735 1.028440 0.285667
v -0.044488 0.980201 0.288707
v -0.052646 0.946820 0.274893
v -0.030884 1.029030 0.285620
v -0.045789 0.914047 0.264924
v -0.051810 1.030422 0.071388
v -0.037347 1.015526 0.305641
v -0.037157 1.028203 0.285232
v -0.087511 1.003191 0.075470
v -0.072393 0.898908 0.207446
v -0.083746 1.010382 0.065006
v -0.018592 1.015720 0.064380
v -0.041627 1.011760 0.274796
v -0.036176 1.018265 0.307008
v -0.042422 1.011904 0.275654
v -0.057248 0.927186 0.246505
v -0.035800 1.013911 0.306341
v -0.043158 1.012000 0.276012
v -0.024318 0.896824 0.241033
v -0.056656 0.927507 0.245952
v -0.046443 0.980879 0.287617
v -0.050443 0.915430 0.266255
v -0.039189 1.001398 0.298962
v -0.023165 0.908736 0.240174
v -0.087986 1.007994 0.078308
v -0.006915 1.029857 0.289825
v -0.030013 1.019261 0.308657
v -0.031464 1.029857 0.287077
v -0.086987 1.021039 0.076880
v -0.036653 1.015000 0.305817
v -0.051032 0.909073 0.240262
v -0.067420 0.899404 0.226664
v -0.070382 0.908908 0.216691
v -0.071416 0.919975 0.209342
v -0.045564 0.980656 0.287952
v 0.044985 1.056441 0.169896
v 0.042722 1.060769 0.174156
v 0.039812 1.063390 0.181281
v 0.037898 1.064395 0.189734
v 0.035805 1.063563 0.199765
v 0.033165 1.060626 0.209728
v 0.034628 1.057252 0.215749
v 0.035028 1.052376 0.219499
v 0.042501 1.050999 0.214942
v 0.048165 1.053702 0.201243
v 0.049137 1.054725 0.189682
v 0.048700 1.055416 0.178684
v 0.043944 1.058545 0.171028
v 0.041022 1.062323 0.177406
v 0.038718 1.064108 0.185291
v 0.036812 1.064195 0.194146
v 0.034379 1.062292 0.205031
v 0.033856 1.058791 0.213454
v 0.034881 1.055254 0.217718
v 0.037086 1.050284 0.219197
v 0.047363 1.052998 0.207517
v 0.048748 1.054344 0.195429
v 0.049235 1.055066 0.184253
v 0.046841 1.055379 0.172505
v 0.045515 1.056281 0.169266
v 0.048053 1.057711 0.182181
v 0.046806 1.056098 0.169214
v 0.047732 1.056197 0.170931
v 0.043303 1.060586 0.173377
v 0.046777 1.059113 0.183362
v 0.044621 1.060048 0.172719
v 0.045699 1.059433 0.173539
v 0.040401 1.063363 0.180657
v 0.045526 1.060784 0.186136
v 0.041886 1.063059 0.179763
v 0.043320 1.062449 0.179821
v 0.038648 1.064352 0.189274
v 0.045258 1.061350 0.191055
v 0.040289 1.064091 0.188443
v 0.042062 1.063464 0.188164
v 0.036424 1.063553 0.200035
v 0.045308 1.061044 0.196174
v 0.038081 1.063312 0.200200
v 0.040723 1.062809 0.199177
v 0.033575 1.060562 0.210358
v 0.044574 1.059890 0.200884
v 0.035478 1.060472 0.210447
v 0.038944 1.060483 0.208327
v 0.035266 1.057284 0.216340
v 0.044492 1.057999 0.205223
v 0.037039 1.057268 0.216551
v 0.039419 1.057238 0.215174
v 0.034877 1.052112 0.220330
v 0.044570 1.055677 0.208775
v 0.035659 1.051925 0.220914
v 0.037773 1.052123 0.219981
v 0.042484 1.050742 0.216260
v 0.047563 1.056194 0.205712
v 0.043267 1.051054 0.217268
v 0.045003 1.052465 0.215708
v 0.048897 1.054001 0.201768
v 0.049466 1.057338 0.199970
v 0.050205 1.054664 0.202504
v 0.050877 1.055388 0.203414
v 0.049833 1.054955 0.189493
v 0.049894 1.058181 0.193159
v 0.051079 1.055572 0.189565
v 0.051554 1.056386 0.190411
v 0.049267 1.055411 0.178132
v 0.049333 1.057962 0.187203
v 0.050342 1.055654 0.177811
v 0.050904 1.056383 0.179176
v 0.047314 1.058259 0.182050
v 0.044436 1.058332 0.170286
v 0.046675 1.057580 0.171292
v 0.045692 1.057908 0.170045
v 0.046194 1.060009 0.184726
v 0.041703 1.062249 0.176787
v 0.044483 1.061267 0.176509
v 0.043227 1.061883 0.176106
v 0.045112 1.061241 0.188332
v 0.039385 1.064090 0.184753
v 0.042463 1.063209 0.183744
v 0.040924 1.063851 0.184039
v 0.045355 1.061261 0.193605
v 0.037469 1.064199 0.193947
v 0.041439 1.063319 0.193318
v 0.039188 1.063928 0.193717
v 0.045033 1.060631 0.198792
v 0.034952 1.062320 0.205649
v 0.039922 1.061868 0.204284
v 0.036893 1.062146 0.205770
v 0.044349 1.058964 0.202749
v 0.034548 1.058788 0.214017
v 0.038192 1.058847 0.212190
v 0.036007 1.058803 0.213975
v 0.044184 1.056788 0.207564
v 0.035452 1.055226 0.218279
v 0.038669 1.054822 0.218092
v 0.036787 1.055031 0.218775
v 0.046039 1.055544 0.207977
v 0.036888 1.049939 0.220519
v 0.039739 1.051051 0.219590
v 0.037802 1.050134 0.221104
v 0.048714 1.056723 0.203241
v 0.047977 1.053142 0.208606
v 0.049390 1.054501 0.209451
v 0.048793 1.053634 0.209622
v 0.049783 1.057979 0.196443
v 0.049459 1.054622 0.195479
v 0.051224 1.056054 0.197174
v 0.050717 1.055293 0.196039
v 0.049740 1.058088 0.190153
v 0.049895 1.055236 0.183876
v 0.051652 1.056531 0.184796
v 0.051145 1.055773 0.183904
v 0.048863 1.057654 0.184152
v 0.047344 1.055234 0.171904
v 0.049266 1.055813 0.173636
v 0.048516 1.055260 0.171784
v 0.043412 1.059686 0.172542
v 0.040354 1.062886 0.179298
v 0.038308 1.064300 0.187451
v 0.036209 1.063927 0.196822
v 0.033687 1.061506 0.207427
v 0.034496 1.058025 0.214695
v 0.035085 1.053918 0.218679
v 0.039674 1.050368 0.217481
v 0.047847 1.053383 0.204340
v 0.048963 1.054568 0.192577
v 0.049099 1.055292 0.181540
v 0.045833 1.055785 0.170748
v 0.044404 1.057438 0.170118
v 0.041839 1.061638 0.175681
v 0.039278 1.063782 0.183265
v 0.037403 1.064335 0.191871
v 0.035163 1.062968 0.202468
v 0.033185 1.059663 0.211818
v 0.034715 1.056365 0.216811
v 0.035381 1.051022 0.219747
v 0.045778 1.052273 0.211015
v 0.048466 1.054052 0.198170
v 0.049215 1.054897 0.187006
v 0.047893 1.055362 0.175548
v 0.045032 1.058123 0.170073
v 0.043909 1.059460 0.171699
v 0.043912 1.060350 0.172921
v 0.045196 1.058952 0.171246
v 0.046190 1.057700 0.170469
v 0.045155 1.059725 0.172947
v 0.046231 1.058469 0.172331
v 0.047052 1.057800 0.175682
v 0.046269 1.059191 0.177549
v 0.047013 1.058678 0.182594
v 0.042403 1.062106 0.176353
v 0.041002 1.062821 0.178631
v 0.041098 1.063247 0.180139
v 0.042506 1.062484 0.177834
v 0.043874 1.061591 0.176185
v 0.042589 1.062764 0.179666
v 0.043851 1.061913 0.178056
v 0.045330 1.060650 0.179828
v 0.044391 1.061695 0.182251
v 0.045852 1.060430 0.185376
v 0.040101 1.063998 0.184356
v 0.039012 1.064261 0.186912
v 0.039403 1.064242 0.188844
v 0.040582 1.064011 0.186145
v 0.041693 1.063557 0.183803
v 0.041116 1.063795 0.188151
v 0.042265 1.063375 0.185898
v 0.043713 1.062317 0.185447
v 0.043676 1.062514 0.189335
v 0.045141 1.061331 0.189695
v 0.038230 1.064088 0.193806
v 0.036872 1.063921 0.196821
v 0.037175 1.063458 0.200168
v 0.038506 1.063664 0.196959
v 0.040258 1.063640 0.193556
v 0.039211 1.063065 0.199964
v 0.040860 1.063089 0.196191
v 0.043442 1.062364 0.193264
v 0.043155 1.062007 0.197509
v 0.045338 1.061169 0.194867
v 0.035740 1.062240 0.205836
v 0.034250 1.061488 0.208064
v 0.034328 1.060506 0.210541
v 0.036142 1.061341 0.208202
v 0.038295 1.062003 0.205224
v 0.037023 1.060456 0.209612
v 0.039223 1.061197 0.206446
v 0.042654 1.061352 0.201631
v 0.042009 1.060295 0.204854
v 0.044793 1.060300 0.199924
v 0.035239 1.058798 0.214065
v 0.035173 1.058063 0.215308
v 0.036083 1.057279 0.216575
v 0.036791 1.058097 0.215294
v 0.036862 1.058804 0.213257
v 0.038142 1.057248 0.216021
v 0.038830 1.058096 0.213751
v 0.041366 1.058939 0.207997
v 0.042014 1.057530 0.211025
v 0.044398 1.058491 0.203927
v 0.036052 1.055158 0.218607
v 0.035312 1.053812 0.219325
v 0.035147 1.052010 0.220671
v 0.036264 1.053537 0.219889
v 0.037583 1.054864 0.218630
v 0.036411 1.051879 0.220696
v 0.038136 1.053442 0.219204
v 0.041327 1.055523 0.213969
v 0.041190 1.053628 0.215512
v 0.044171 1.056111 0.208439
v 0.037205 1.049952 0.220977
v 0.039436 1.050016 0.218806
v 0.042931 1.050849 0.216903
v 0.040130 1.050202 0.219749
v 0.038340 1.050411 0.220692
v 0.043820 1.051566 0.216904
v 0.042383 1.051606 0.217997
v 0.043512 1.053323 0.214520
v 0.046722 1.054369 0.211412
v 0.046895 1.055849 0.206861
v 0.048463 1.053373 0.209155
v 0.048569 1.053640 0.205162
v 0.049554 1.054322 0.202153
v 0.049821 1.054264 0.205950
v 0.049014 1.054008 0.209728
v 0.050614 1.055039 0.202926
v 0.050465 1.055017 0.206353
v 0.049176 1.055508 0.207288
v 0.050352 1.056249 0.202554
v 0.049167 1.057005 0.201685
v 0.050100 1.054952 0.195693
v 0.049664 1.054827 0.192518
v 0.050465 1.055246 0.189512
v 0.050912 1.055477 0.192817
v 0.051070 1.055678 0.196598
v 0.051413 1.055971 0.189866
v 0.051410 1.056281 0.193811
v 0.050635 1.056987 0.197159
v 0.050852 1.057288 0.191834
v 0.049867 1.058141 0.194761
v 0.050525 1.055486 0.183797
v 0.049735 1.055423 0.181146
v 0.049794 1.055486 0.177776
v 0.050933 1.055866 0.181122
v 0.051477 1.056138 0.184220
v 0.050646 1.055966 0.178255
v 0.051437 1.056579 0.182189
v 0.050848 1.057318 0.187229
v 0.050349 1.057226 0.182832
v 0.049558 1.058033 0.188688
v 0.047897 1.055197 0.171640
v 0.046365 1.055652 0.170209
v 0.046139 1.056180 0.169084
v 0.047595 1.055533 0.170058
v 0.048902 1.055473 0.172477
v 0.047270 1.056096 0.169834
v 0.048441 1.055867 0.171885
v 0.049220 1.056746 0.178247
v 0.048001 1.056863 0.175700
v 0.048476 1.057597 0.182887
v 0.044916 1.057256 0.169459
v 0.046176 1.056927 0.169337
v 0.047156 1.056795 0.170859
v 0.047672 1.057933 0.181927
v 0.042510 1.061539 0.175092
v 0.043949 1.061070 0.174427
v 0.045085 1.060402 0.174949
v 0.046514 1.059557 0.184083
v 0.039880 1.063767 0.182683
v 0.041390 1.063505 0.181855
v 0.042900 1.062864 0.181720
v 0.045255 1.061058 0.187111
v 0.038132 1.064306 0.191519
v 0.039909 1.064040 0.190893
v 0.041885 1.063435 0.190632
v 0.045340 1.061322 0.192351
v 0.035748 1.062977 0.202951
v 0.037524 1.062784 0.203147
v 0.040582 1.062377 0.201904
v 0.045220 1.060873 0.197509
v 0.033729 1.059613 0.212382
v 0.035341 1.059580 0.212401
v 0.038444 1.059662 0.210244
v 0.044417 1.059434 0.201772
v 0.035351 1.056364 0.217358
v 0.037109 1.056264 0.217643
v 0.039419 1.056165 0.216595
v 0.044432 1.057449 0.206446
v 0.035210 1.050708 0.220874
v 0.036142 1.050739 0.221423
v 0.038181 1.051289 0.220165
v 0.045204 1.055493 0.208629
v 0.046077 1.052200 0.212285
v 0.046557 1.052460 0.213577
v 0.047692 1.053672 0.212524
v 0.048157 1.056471 0.204564
v 0.049186 1.054358 0.198410
v 0.050472 1.055037 0.199175
v 0.051072 1.055750 0.200358
v 0.049653 1.057691 0.198196
v 0.049887 1.055106 0.186693
v 0.051140 1.055684 0.186665
v 0.051645 1.056465 0.187424
v 0.049853 1.058146 0.191629
v 0.048405 1.055266 0.174961
v 0.049468 1.055369 0.174579
v 0.050111 1.056054 0.176223
v 0.049114 1.057831 0.185684
v 0.045183 1.056356 0.169539
v 0.044133 1.058452 0.170616
v 0.047048 1.055300 0.172185
v 0.042972 1.060706 0.173810
v 0.041305 1.062301 0.177124
v 0.040030 1.063392 0.181001
v 0.038990 1.064110 0.185049
v 0.038196 1.064391 0.189545
v 0.037070 1.064211 0.194054
v 0.036055 1.063574 0.199894
v 0.034573 1.062320 0.205353
v 0.033255 1.060605 0.210057
v 0.034151 1.058784 0.213786
v 0.034844 1.057271 0.216031
v 0.035102 1.055253 0.217979
v 0.034874 1.052219 0.219977
v 0.036886 1.050058 0.219899
v 0.042390 1.050827 0.215636
v 0.047650 1.053059 0.208046
v 0.048479 1.053826 0.201505
v 0.049053 1.054460 0.195442
v 0.049437 1.054818 0.189562
v 0.049520 1.055133 0.184072
v 0.048957 1.055419 0.178455
v 0.033362 1.059635 0.212130
v 0.039513 1.050182 0.218104
v 0.046047 1.055721 0.170475
v 0.034937 1.056373 0.217091
v 0.048159 1.053495 0.204772
v 0.040612 1.062867 0.179000
v 0.035201 1.050824 0.220383
v 0.049262 1.054675 0.192537
v 0.038600 1.064287 0.187207
v 0.045960 1.052258 0.211565
v 0.049375 1.055346 0.181356
v 0.042118 1.061606 0.175400
v 0.036469 1.063930 0.196805
v 0.048774 1.054181 0.198240
v 0.039518 1.063782 0.183002
v 0.033871 1.061516 0.207762
v 0.049500 1.054988 0.186859
v 0.037674 1.064338 0.191728
v 0.034783 1.058042 0.215027
v 0.048115 1.055315 0.175290
v 0.035368 1.062977 0.202696
v 0.035149 1.053872 0.219004
v 0.043611 1.059595 0.172136
v 0.044599 1.057358 0.169749
v 0.044508 1.059225 0.171366
v 0.045717 1.058677 0.171603
v 0.046667 1.058459 0.176510
v 0.041695 1.062686 0.178130
v 0.043177 1.062206 0.177819
v 0.044848 1.061234 0.180986
v 0.039732 1.064161 0.186497
v 0.041405 1.063713 0.185888
v 0.043663 1.062461 0.187367
v 0.037617 1.063821 0.196893
v 0.039540 1.063390 0.196745
v 0.043192 1.062198 0.195339
v 0.035025 1.061410 0.208263
v 0.037537 1.061253 0.207531
v 0.042135 1.060859 0.203395
v 0.035939 1.058087 0.215375
v 0.037646 1.058080 0.214705
v 0.041666 1.058276 0.209439
v 0.035702 1.053702 0.219660
v 0.036954 1.053362 0.219776
v 0.041076 1.054482 0.214969
v 0.039685 1.050009 0.219502
v 0.040779 1.050671 0.219293
v 0.045192 1.053789 0.213069
v 0.049215 1.053941 0.205582
v 0.050201 1.054642 0.206140
v 0.049967 1.055890 0.204987
v 0.050300 1.055142 0.192628
v 0.051255 1.055871 0.193254
v 0.050777 1.057215 0.194467
v 0.050336 1.055621 0.181003
v 0.051240 1.056198 0.181477
v 0.050679 1.057327 0.185128
v 0.046953 1.055569 0.169952
v 0.048017 1.055632 0.170712
v 0.048588 1.056698 0.176677
v 0.045518 1.057089 0.169279
v 0.046665 1.056802 0.169863
v 0.047511 1.057267 0.175473
v 0.043177 1.061354 0.174676
v 0.044527 1.060735 0.174514
v 0.045806 1.059940 0.178686
v 0.040584 1.063673 0.182224
v 0.042142 1.063206 0.181689
v 0.044021 1.062038 0.183715
v 0.038943 1.064190 0.191170
v 0.040834 1.063754 0.190702
v 0.043663 1.062468 0.191272
v 0.036503 1.062903 0.203163
v 0.038903 1.062585 0.202767
v 0.043080 1.061713 0.199656
v 0.034402 1.059587 0.212519
v 0.036669 1.059600 0.211522
v 0.041686 1.059627 0.206362
v 0.036134 1.056326 0.217619
v 0.038191 1.056205 0.217241
v 0.041934 1.056609 0.212600
v 0.035583 1.050681 0.221245
v 0.036819 1.050876 0.221077
v 0.041956 1.053230 0.215396
v 0.046399 1.052287 0.213070
v 0.046886 1.052915 0.213420
v 0.048194 1.055047 0.209325
v 0.049837 1.054697 0.198750
v 0.050857 1.055405 0.199763
v 0.050493 1.056634 0.199885
v 0.050519 1.055377 0.186633
v 0.051481 1.056063 0.186923
v 0.050875 1.057302 0.189400
v 0.048920 1.055271 0.174581
v 0.049804 1.055645 0.175146
v 0.049823 1.056998 0.180485
v 0.047956 1.057984 0.184700
v 0.046932 1.059077 0.185598
v 0.045940 1.060418 0.187790
v 0.045802 1.060903 0.191777
v 0.045986 1.060721 0.195849
v 0.045316 1.059717 0.199536
v 0.045170 1.058187 0.202979
v 0.045317 1.056340 0.206113
v 0.047573 1.056782 0.203430
v 0.049141 1.057734 0.198860
v 0.049612 1.058464 0.193527
v 0.048965 1.058184 0.188739
v 0.047367 1.058403 0.184614
v 0.046460 1.059791 0.186668
v 0.045623 1.060796 0.189563
v 0.045974 1.060878 0.193815
v 0.045733 1.060340 0.197909
v 0.045095 1.058967 0.200987
v 0.044988 1.057230 0.204900
v 0.046448 1.056257 0.205439
v 0.048456 1.057193 0.201444
v 0.049532 1.058311 0.196111
v 0.049396 1.058334 0.191115
v 0.048586 1.057939 0.186258
v 0.047125 1.058730 0.185023
v 0.046193 1.060130 0.187186
v 0.045668 1.060874 0.190675
v 0.045994 1.060823 0.194816
v 0.045511 1.060054 0.198793
v 0.045105 1.058584 0.201931
v 0.044994 1.056686 0.205740
v 0.047088 1.056514 0.204417
v 0.048840 1.057435 0.200208
v 0.049613 1.058446 0.194794
v 0.049193 1.058260 0.189937
v 0.048289 1.057897 0.185244
v 0.047653 1.058152 0.184515
v 0.046716 1.059430 0.186155
v 0.045729 1.060645 0.188571
v 0.045916 1.060903 0.192817
v 0.045908 1.060562 0.196901
v 0.045173 1.059347 0.200223
v 0.045146 1.057750 0.203960
v 0.045809 1.056202 0.206022
v 0.048019 1.056991 0.202500
v 0.049371 1.058054 0.197478
v 0.049537 1.058410 0.192302
v 0.048773 1.058075 0.187506
v 0.048028 1.059308 0.194984
v -0.044985 1.056441 0.169896
v -0.042722 1.060769 0.174156
v -0.039812 1.063390 0.181281
v -0.037898 1.064395 0.189734
v -0.035805 1.063563 0.199765
v -0.033165 1.060626 0.209728
v -0.034628 1.057252 0.215749
v -0.035028 1.052376 0.219499
v -0.042501 1.050999 0.214942
v -0.048165 1.053702 0.201243
v -0.049137 1.054725 0.189682
v -0.048700 1.055416 0.178684
v -0.043944 1.058545 0.171028
v -0.041022 1.062323 0.177406
v -0.038718 1.064108 0.185291
v -0.036812 1.064195 0.194146
v -0.034379 1.062292 0.205031
v -0.033856 1.058791 0.213454
v -0.034881 1.055254 0.217718
v -0.037086 1.050284 0.219197
v -0.047363 1.052998 0.207517
v -0.048748 1.054344 0.195429
v -0.049235 1.055066 0.184253
v -0.046841 1.055379 0.172505
v -0.045515 1.056281 0.169266
v -0.048053 1.057711 0.182181
v -0.046806 1.056098 0.169214
v -0.047732 1.056197 0.170931
v -0.043303 1.060586 0.173377
v -0.046777 1.059113 0.183362
v -0.044621 1.060048 0.172719
v -0.045699 1.059433 0.173539
v -0.040401 1.063363 0.180657
v -0.045526 1.060784 0.186136
v -0.041886 1.063059 0.179763
v -0.043320 1.062449 0.179821
v -0.038648 1.064352 0.189274
v -0.045258 1.061350 0.191055
v -0.040289 1.064091 0.188443
v -0.042062 1.063464 0.188164
v -0.036424 1.063553 0.200035
v -0.045308 1.061044 0.196174
v -0.038081 1.063312 0.200200
v -0.040723 1.062809 0.199177
v -0.033575 1.060562 0.210358
v -0.044574 1.059890 0.200884
v -0.035478 1.060472 0.210447
v -0.038944 1.060483 0.208327
v -0.035266 1.057284 0.216340
v -0.044492 1.057999 0.205223
v -0.037039 1.057268 0.216551
v -0.039419 1.057238 0.215174
v -0.034877 1.052112 0.220330
v -0.044570 1.055677 0.208775
v -0.035659 1.051925 0.220914
v -0.037773 1.052123 0.219981
v -0.042484 1.050742 0.216260
v -0.047563 1.056194 0.205712
v -0.043267 1.051054 0.217268
v -0.045003 1.052465 0.215708
v -0.048897 1.054001 0.201768
v -0.049466 1.057338 0.199970
v -0.050205 1.054664 0.202504
v -0.050877 1.055388 0.203414
v -0.049833 1.054955 0.189493
v -0.049894 1.058181 0.193159
v -0.051079 1.055572 0.189565
v -0.051554 1.056386 0.190411
v -0.049267 1.055411 0.178132
v -0.049333 1.057962 0.187203
v -0.050342 1.055654 0.177811
v -0.050904 1.056383 0.179176
v -0.047314 1.058259 0.182050
v -0.044436 1.058332 0.170286
v -0.046675 1.057580 0.171292
v -0.045692 1.057908 0.170045
v -0.046194 1.060009 0.184726
v -0.041703 1.062249 0.176787
v -0.044483 1.061267 0.176509
v -0.043227 1.061883 0.176106
v -0.045112 1.061241 0.188332
v -0.039385 1.064090 0.184753
v -0.042463 1.063209 0.183744
v -0.040924 1.063851 0.184039
v -0.045355 1.061261 0.193605
v -0.037469 1.064199 0.193947
v -0.041439 1.063319 0.193318
v -0.039188 1.063928 0.193717
v -0.045033 1.060631 0.198792
v -0.034952 1.062320 0.205649
v -0.039922 1.061868 0.204284
v -0.036893 1.062146 0.205770
v -0.044349 1.058964 0.202749
v -0.034548 1.058788 0.214017
v -0.038192 1.058847 0.212190
v -0.036007 1.058803 0.213975
v -0.044184 1.056788 0.207564
v -0.035452 1.055226 0.218279
v -0.038669 1.054822 0.218092
v -0.036787 1.055031 0.218775
v -0.046039 1.055544 0.207977
v -0.036888 1.049939 0.220519
v -0.039739 1.051051 0.219590
v -0.037802 1.050134 0.221104
v -0.048714 1.056723 0.203241
v -0.047977 1.053142 0.208606
v -0.049390 1.054501 0.209451
v -0.048793 1.053634 0.209622
v -0.049783 1.057979 0.196443
v -0.049459 1.054622 0.195479
v -0.051224 1.056054 0.197174
v -0.050717 1.055293 0.196039
v -0.049740 1.058088 0.190153
v -0.049895 1.055236 0.183876
v -0.051652 1.056531 0.184796
v -0.051145 1.055773 0.183904
v -0.048863 1.057654 0.184152
v -0.047344 1.055234 0.171904
v -0.049266 1.055813 0.173636
v -0.048516 1.055260 0.171784
v -0.043412 1.059686 0.172542
v -0.040354 1.062886 0.179298
v -0.038308 1.064300 0.187451
v -0.036209 1.063927 0.196822
v -0.033687 1.061506 0.207427
v -0.034496 1.058025 0.214695
v -0.035085 1.053918 0.218679
v -0.039674 1.050368 0.217481
v -0.047847 1.053383 0.204340
v -0.048963 1.054568 0.192577
v -0.049099 1.055292 0.181540
v -0.045833 1.055785 0.170748
v -0.044404 1.057438 0.170118
v -0.041839 1.061638 0.175681
v -0.039278 1.063782 0.183265
v -0.037403 1.064335 0.191871
v -0.035163 1.062968 0.202468
v -0.033185 1.059663 0.211818
v -0.034715 1.056365 0.216811
v -0.035381 1.051022 0.219747
v -0.045778 1.052273 0.211015
v -0.048466 1.054052 0.198170
v -0.049215 1.054897 0.187006
v -0.047893 1.055362 0.175548
v -0.045032 1.058123 0.170073
v -0.043909 1.059460 0.171699
v -0.043912 1.060350 0.172921
v -0.045196 1.058952 0.171246
v -0.046190 1.057700 0.170469
v -0.045155 1.059725 0.172947
v -0.046231 1.058469 0.172331
v -0.047052 1.057800 0.175682
v -0.046269 1.059191 0.177549
v -0.047013 1.058678 0.182594
v -0.042403 1.062106 0.176353
v -0.041002 1.062821 0.178631
v -0.041098 1.063247 0.180139
v -0.042506 1.062484 0.177834
v -0.043874 1.061591 0.176185
v -0.042589 1.062764 0.179666
v -0.043851 1.061913 0.178056
v -0.045330 1.060650 0.179828
v -0.044391 1.061695 0.182251
v -0.045852 1.060430 0.185376
v -0.040101 1.063998 0.184356
v -0.039012 1.064261 0.186912
v -0.039403 1.064242 0.188844
v -0.040582 1.064011 0.186145
v -0.041693 1.063557 0.183803
v -0.041116 1.063795 0.188151
v -0.042265 1.063375 0.185898
v -0.043713 1.062317 0.185447
v -0.043676 1.062514 0.189335
v -0.045141 1.061331 0.189695
v -0.038230 1.064088 0.193806
v -0.036872 1.063921 0.196821
v -0.037175 1.063458 0.200168
v -0.038506 1.063664 0.196959
v -0.040258 1.063640 0.193556
v -0.039211 1.063065 0.199964
v -0.040860 1.063089 0.196191
v -0.043442 1.062364 0.193264
v -0.043155 1.062007 0.197509
v -0.045338 1.061169 0.194867
v -0.035740 1.062240 0.205836
v -0.034250 1.061488 0.208064
v -0.034328 1.060506 0.210541
v -0.036142 1.061341 0.208202
v -0.038295 1.062003 0.205224
v -0.037023 1.060456 0.209612
v -0.039223 1.061197 0.206446
v -0.042654 1.061352 0.201631
v -0.042009 1.060295 0.204854
v -0.044793 1.060300 0.199924
v -0.035239 1.058798 0.214065
v -0.035173 1.058063 0.215308
v -0.036083 1.057279 0.216575
v -0.036791 1.058097 0.215294
v -0.036862 1.058804 0.213257
v -0.038142 1.057248 0.216021
v -0.038830 1.058096 0.213751
v -0.041366 1.058939 0.207997
v -0.042014 1.057530 0.211025
v -0.044398 1.058491 0.203927
v -0.036052 1.055158 0.218607
v -0.035312 1.053812 0.219325
v -0.035147 1.052010 0.220671
v -0.036264 1.053537 0.219889
v -0.037583 1.054864 0.218630
v -0.036411 1.051879 0.220696
v -0.038136 1.053442 0.219204
v -0.041327 1.055523 0.213969
v -0.041190 1.053628 0.215512
v -0.044171 1.056111 0.208439
v -0.037205 1.049952 0.220977
v -0.039436 1.050016 0.218806
v -0.042931 1.050849 0.216903
v -0.040130 1.050202 0.219749
v -0.038340 1.050411 0.220692
v -0.043820 1.051566 0.216904
v -0.042383 1.051606 0.217997
v -0.043513 1.053323 0.214520
v -0.046722 1.054369 0.211412
v -0.046895 1.055849 0.206861
v -0.048463 1.053373 0.209155
v -0.048569 1.053640 0.205162
v -0.049554 1.054322 0.202153
v -0.049821 1.054264 0.205950
v -0.049014 1.054008 0.209728
v -0.050614 1.055039 0.202926
v -0.050465 1.055017 0.206353
v -0.049176 1.055508 0.207288
v -0.050352 1.056249 0.202554
v -0.049167 1.057005 0.201685
v -0.050100 1.054952 0.195693
v -0.049664 1.054827 0.192518
v -0.050465 1.055246 0.189512
v -0.050912 1.055477 0.192817
v -0.051070 1.055678 0.196598
v -0.051413 1.055971 0.189866
v -0.051410 1.056281 0.193811
v -0.050635 1.056987 0.197159
v -0.050852 1.057288 0.191834
v -0.049867 1.058141 0.194761
v -0.050525 1.055486 0.183797
v -0.049735 1.055423 0.181146
v -0.049794 1.055486 0.177776
v -0.050933 1.055866 0.181122
v -0.051477 1.056138 0.184220
v -0.050646 1.055966 0.178255
v -0.051437 1.056579 0.182189
v -0.050848 1.057318 0.187229
v -0.050349 1.057226 0.182832
v -0.049558 1.058033 0.188688
v -0.047897 1.055197 0.171640
v -0.046365 1.055652 0.170209
v -0.046139 1.056180 0.169084
v -0.047595 1.055533 0.170058
v -0.048902 1.055473 0.172477
v -0.047270 1.056096 0.169834
v -0.048441 1.055867 0.171885
v -0.049220 1.056746 0.178247
v -0.048001 1.056863 0.175700
v -0.048476 1.057597 0.182887
v -0.044916 1.057256 0.169459
v -0.046176 1.056927 0.169337
v -0.047156 1.056795 0.170859
v -0.047672 1.057933 0.181927
v -0.042510 1.061539 0.175092
v -0.043949 1.061070 0.174427
v -0.045085 1.060402 0.174949
v -0.046514 1.059557 0.184083
v -0.039880 1.063767 0.182683
v -0.041390 1.063505 0.181855
v -0.042900 1.062864 0.181720
v -0.045255 1.061058 0.187111
v -0.038132 1.064306 0.191519
v -0.039909 1.064040 0.190893
v -0.041885 1.063435 0.190632
v -0.045340 1.061322 0.192351
v -0.035748 1.062977 0.202951
v -0.037524 1.062784 0.203147
v -0.040582 1.062377 0.201904
v -0.045220 1.060873 0.197509
v -0.033729 1.059613 0.212382
v -0.035341 1.059580 0.212401
v -0.038444 1.059662 0.210244
v -0.044417 1.059434 0.201772
v -0.035351 1.056364 0.217358
v -0.037109 1.056264 0.217643
v -0.039419 1.056165 0.216595
v -0.044432 1.057449 0.206446
v -0.035210 1.050708 0.220874
v -0.036142 1.050739 0.221423
v -0.038181 1.051289 0.220165
v -0.045204 1.055493 0.208629
v -0.046077 1.052200 0.212285
v -0.046557 1.052460 0.213577
v -0.047692 1.053672 0.212524
v -0.048157 1.056471 0.204564
v -0.049186 1.054358 0.198410
v -0.050472 1.055037 0.199175
v -0.051072 1.055750 0.200358
v -0.049653 1.057691 0.198196
v -0.049887 1.055106 0.186693
v -0.051140 1.055684 0.186665
v -0.051645 1.056465 0.187424
v -0.049853 1.058146 0.191629
v -0.048405 1.055266 0.174961
v -0.049468 1.055369 0.174579
v -0.050111 1.056054 0.176223
v -0.049114 1.057831 0.185684
v -0.045183 1.056356 0.169539
v -0.044133 1.058452 0.170616
v -0.047048 1.055300 0.172185
v -0.042972 1.060706 0.173810
v -0.041305 1.062301 0.177124
v -0.040030 1.063392 0.181001
v -0.038990 1.064110 0.185049
v -0.038196 1.064391 0.189545
v -0.037070 1.064211 0.194054
v -0.036055 1.063574 0.199894
v -0.034573 1.062320 0.205353
v -0.033255 1.060605 0.210057
v -0.034151 1.058784 0.213786
v -0.034844 1.057271 0.216031
v -0.035102 1.055253 0.217979
v -0.034874 1.052219 0.219977
v -0.036886 1.050058 0.219899
v -0.042390 1.050827 0.215636
v -0.047650 1.053059 0.208046
v -0.048479 1.053826 0.201505
v -0.049053 1.054460 0.195442
v -0.049437 1.054818 0.189562
v -0.049520 1.055133 0.184072
v -0.048957 1.055419 0.178455
v -0.033362 1.059635 0.212130
v -0.039513 1.050182 0.218104
v -0.046047 1.055721 0.170475
v -0.034937 1.056373 0.217091
v -0.048159 1.053495 0.204772
v -0.040612 1.062867 0.179000
v -0.035201 1.050824 0.220383
v -0.049262 1.054675 0.192537
v -0.038600 1.064287 0.187207
v -0.045960 1.052258 0.211565
v -0.049375 1.055346 0.181356
v -0.042118 1.061606 0.175400
v -0.036469 1.063930 0.196805
v -0.048774 1.054181 0.198240
v -0.039518 1.063782 0.183002
v -0.033871 1.061516 0.207762
v -0.049500 1.054988 0.186859
v -0.037674 1.064338 0.191728
v -0.034783 1.058042 0.215027
v -0.048115 1.055315 0.175290
v -0.035368 1.062977 0.202696
v -0.035149 1.053872 0.219004
v -0.043611 1.059595 0.172136
v -0.044599 1.057358 0.169749
v -0.044508 1.059225 0.171366
v -0.045717 1.058677 0.171603
v -0.046667 1.058459 0.176510
v -0.041695 1.062686 0.178130
v -0.043177 1.062206 0.177819
v -0.044848 1.061234 0.180986
v -0.039732 1.064161 0.186497
v -0.041405 1.063713 0.185888
v -0.043663 1.062461 0.187367
v -0.037617 1.063821 0.196893
v -0.039540 1.063390 0.196745
v -0.043192 1.062198 0.195339
v -0.035025 1.061410 0.208263
v -0.037537 1.061253 0.207531
v -0.042135 1.060859 0.203395
v -0.035939 1.058087 0.215375
v -0.037646 1.058080 0.214705
v -0.041666 1.058276 0.209439
v -0.035702 1.053702 0.219660
v -0.036954 1.053362 0.219776
v -0.041076 1.054482 0.214969
v -0.039685 1.050009 0.219502
v -0.040779 1.050671 0.219293
v -0.045192 1.053789 0.213069
v -0.049215 1.053941 0.205582
v -0.050201 1.054642 0.206140
v -0.049967 1.055890 0.204987
v -0.050300 1.055142 0.192628
v -0.051255 1.055871 0.193254
v -0.050777 1.057215 0.194467
v -0.050336 1.055621 0.181003
v -0.051240 1.056198 0.181477
v -0.050679 1.057327 0.185128
v -0.046953 1.055569 0.169952
v -0.048017 1.055632 0.170712
v -0.048588 1.056698 0.176677
v -0.045518 1.057089 0.169279
v -0.046665 1.056802 0.169863
v -0.047511 1.057267 0.175473
v -0.043177 1.061354 0.174676
v -0.044527 1.060735 0.174514
v -0.045806 1.059940 0.178686
v -0.040584 1.063673 0.182224
v -0.042142 1.063206 0.181689
v -0.044021 1.062038 0.183715
v -0.038943 1.064190 0.191170
v -0.040834 1.063754 0.190702
v -0.043663 1.062468 0.191272
v -0.036503 1.062903 0.203163
v -0.038903 1.062585 0.202767
v -0.043080 1.061713 0.199656
v -0.034402 1.059587 0.212519
v -0.036669 1.059600 0.211522
v -0.041686 1.059627 0.206362
v -0.036134 1.056326 0.217619
v -0.038191 1.056205 0.217241
v -0.041934 1.056609 0.212600
v -0.035583 1.050681 0.221245
v -0.036819 1.050876 0.221077
v -0.041956 1.053230 0.215396
v -0.046399 1.052287 0.213070
v -0.046886 1.052915 0.213420
v -0.048194 1.055047 0.209325
v -0.049837 1.054697 0.198750
v -0.050857 1.055405 0.199763
v -0.050493 1.056634 0.199885
v -0.050519 1.055377 0.186633
v -0.051481 1.056063 0.186923
v -0.050875 1.057302 0.189400
v -0.048920 1.055271 0.174581
v -0.049804 1.055645 0.175146
v -0.049823 1.056998 0.180485
v -0.047956 1.057984 0.184700
v -0.046932 1.059077 0.185598
v -0.045940 1.060418 0.187790
v -0.045802 1.060903 0.191777
v -0.045986 1.060721 0.195849
v -0.045316 1.059717 0.199536
v -0.045170 1.058187 0.202979
v -0.045317 1.056340 0.206113
v -0.047573 1.056782 0.203430
v -0.049141 1.057734 0.198860
v -0.049612 1.058464 0.193527
v -0.048965 1.058184 0.188739
v -0.047367 1.058403 0.184614
v -0.046460 1.059791 0.186668
v -0.045623 1.060796 0.189563
v -0.045974 1.060878 0.193815
v -0.045733 1.060340 0.197909
v -0.045095 1.058967 0.200987
v -0.044988 1.057230 0.204900
v -0.046448 1.056257 0.205439
v -0.048456 1.057193 0.201444
v -0.049532 1.058311 0.196111
v -0.049396 1.058334 0.191115
v -0.048586 1.057939 0.186258
v -0.047125 1.058730 0.185023
v -0.046193 1.060130 0.187186
v -0.045668 1.060874 0.190675
v -0.045994 1.060823 0.194816
v -0.045511 1.060054 0.198793
v -0.045105 1.058584 0.201931
v -0.044994 1.056686 0.205740
v -0.047088 1.056514 0.204417
v -0.048840 1.057435 0.200208
v -0.049613 1.058446 0.194794
v -0.049193 1.058260 0.189937
v -0.048289 1.057897 0.185244
v -0.047653 1.058152 0.184515
v -0.046716 1.059430 0.186155
v -0.045729 1.060645 0.188571
v -0.045916 1.060903 0.192817
v -0.045908 1.060562 0.196901
v -0.045173 1.059347 0.200223
v -0.045146 1.057750 0.203960
v -0.045809 1.056202 0.206022
v -0.048019 1.056991 0.202500
v -0.049371 1.058054 0.197478
v -0.049537 1.058410 0.192302
v -0.048773 1.058075 0.187506
v -0.048028 1.059308 0.194984
v 0.001257 0.229548 0.140097
v 0.018419 0.220321 0.107137
v 0.137216 0.019660 0.233978
v 0.127885 0.024163 0.252137
v 0.012835 0.241286 0.173166
v 0.133797 0.036075 0.270355
v 0.168394 0.050623 0.267459
v 0.079529 0.246856 0.179363
v 0.177511 0.044210 0.246822
v 0.097576 0.237618 0.148453
v 0.172742 0.036474 0.228637
v 0.089329 0.226081 0.117444
v 0.168993 0.045802 0.267592
v 0.136911 0.030976 0.268074
v 0.177565 0.039964 0.248644
v 0.132903 0.021488 0.253582
v 0.173173 0.033020 0.232044
v 0.139956 0.017213 0.237069
v 0.151095 0.043349 0.268907
v 0.152952 0.038389 0.267833
v 0.135354 0.033526 0.269215
v 0.173279 0.042883 0.258118
v 0.093452 0.231849 0.132949
v 0.053874 0.223201 0.112290
v 0.156564 0.025117 0.234556
v 0.172952 0.047417 0.257140
v 0.168693 0.048213 0.267525
v 0.134907 0.026232 0.260828
v 0.132550 0.021911 0.243058
v 0.154979 0.028067 0.231308
v 0.172957 0.034747 0.230341
v 0.138586 0.018437 0.235524
v 0.155234 0.030726 0.251113
v 0.175369 0.036492 0.240344
v 0.088552 0.242237 0.163908
v 0.130394 0.022825 0.252859
v 0.130841 0.030119 0.261246
v 0.177538 0.042087 0.247733
v 0.136429 0.019350 0.245325
v 0.009838 0.224935 0.123617
v 0.007046 0.235417 0.156632
v 0.175126 0.040342 0.237730
v 0.046182 0.244071 0.176264
v 0.134490 0.020631 0.244191
v 0.154093 0.034557 0.259473
v 0.152024 0.040869 0.268370
v 0.132874 0.028175 0.261037
v 0.175248 0.038417 0.239037
v 0.155899 0.027921 0.242835
v 0.155771 0.026592 0.232932
v 0.173116 0.045150 0.257629
v 0.055344 0.157950 0.146563
v 0.100290 0.082031 0.194552
v 0.064333 0.142766 0.156161
v 0.073323 0.127583 0.165759
v 0.082312 0.112399 0.175357
v 0.091301 0.097215 0.184955
v 0.105355 0.189826 0.204965
v 0.142568 0.107653 0.241856
v 0.112798 0.173392 0.212344
v 0.120240 0.156957 0.219722
v 0.127683 0.140522 0.227100
v 0.135125 0.124088 0.234478
v 0.113604 0.170901 0.149804
v 0.148467 0.091654 0.196278
v 0.120576 0.155052 0.159098
v 0.127549 0.139202 0.168393
v 0.134522 0.123353 0.177688
v 0.141494 0.107503 0.186983
v 0.088421 0.088172 0.217219
v 0.040721 0.165539 0.175015
v 0.078881 0.103645 0.208778
v 0.069341 0.119119 0.200337
v 0.059801 0.134592 0.191897
v 0.050261 0.150066 0.183456
v 0.154357 0.100231 0.218329
v 0.120729 0.181597 0.176946
v 0.147632 0.116504 0.210053
v 0.140906 0.132777 0.201776
v 0.134180 0.149050 0.193499
v 0.127455 0.165324 0.185223
v 0.096782 0.098870 0.240616
v 0.049849 0.178492 0.202906
v 0.087396 0.114794 0.233074
v 0.078009 0.130718 0.225532
v 0.068622 0.146643 0.217990
v 0.059236 0.162567 0.210448
v 0.113041 0.185711 0.190959
v 0.148464 0.103942 0.230090
v 0.120125 0.169357 0.198785
v 0.127210 0.153004 0.206611
v 0.134295 0.136650 0.214437
v 0.141379 0.120296 0.222263
v 0.048059 0.161700 0.160819
v 0.094329 0.085147 0.205856
v 0.057313 0.146389 0.169826
v 0.066567 0.131078 0.178834
v 0.075821 0.115768 0.187841
v 0.085075 0.100457 0.196848
v 0.045294 0.171988 0.188953
v 0.092593 0.093548 0.228925
v 0.054754 0.156300 0.196948
v 0.064213 0.140612 0.204942
v 0.073673 0.124924 0.212936
v 0.083133 0.109236 0.220930
v 0.084336 0.164408 0.148150
v 0.124516 0.086860 0.195449
v 0.092372 0.148899 0.157609
v 0.100408 0.133389 0.167069
v 0.108444 0.117879 0.176529
v 0.116480 0.102369 0.185989
v 0.117156 0.176269 0.163359
v 0.151423 0.095922 0.207320
v 0.124009 0.160200 0.172151
v 0.130863 0.144130 0.180943
v 0.137716 0.128061 0.189735
v 0.144569 0.111991 0.198527
v 0.077488 0.184176 0.203909
v 0.119789 0.103245 0.241263
v 0.085948 0.167990 0.211380
v 0.094408 0.151803 0.218850
v 0.102869 0.135617 0.226321
v 0.111329 0.119431 0.233792
v -0.001257 0.229548 0.140097
v -0.018419 0.220321 0.107137
v -0.137216 0.019660 0.233978
v -0.127885 0.024163 0.252137
v -0.012835 0.241286 0.173166
v -0.133797 0.036075 0.270355
v -0.168394 0.050623 0.267459
v -0.079529 0.246856 0.179363
v -0.177511 0.044210 0.246822
v -0.097576 0.237618 0.148453
v -0.172742 0.036474 0.228637
v -0.089329 0.226081 0.117444
v -0.168993 0.045802 0.267592
v -0.136911 0.030976 0.268074
v -0.177565 0.039964 0.248644
v -0.132903 0.021488 0.253582
v -0.173173 0.033020 0.232044
v -0.139956 0.017213 0.237069
v -0.151095 0.043349 0.268907
v -0.152952 0.038389 0.267833
v -0.135354 0.033526 0.269215
v -0.173279 0.042883 0.258118
v -0.093452 0.231849 0.132949
v -0.053874 0.223201 0.112290
v -0.156564 0.025117 0.234556
v -0.172952 0.047417 0.257140
v -0.168693 0.048213 0.267525
v -0.134907 0.026232 0.260828
v -0.132550 0.021911 0.243058
v -0.154979 0.028067 0.231308
v -0.172957 0.034747 0.230340
v -0.138586 0.018437 0.235524
v -0.155234 0.030726 0.251113
v -0.175369 0.036492 0.240344
v -0.088552 0.242237 0.163908
v -0.130394 0.022825 0.252859
v -0.130841 0.030119 0.261246
v -0.177538 0.042087 0.247733
v -0.136429 0.019350 0.245325
v -0.009838 0.224935 0.123617
v -0.007046 0.235417 0.156632
v -0.175126 0.040342 0.237730
v -0.046182 0.244071 0.176264
v -0.134490 0.020631 0.244191
v -0.154093 0.034557 0.259473
v -0.152024 0.040869 0.268370
v -0.132874 0.028175 0.261037
v -0.175248 0.038417 0.239037
v -0.155899 0.027921 0.242834
v -0.155771 0.026592 0.232932
v -0.173116 0.045150 0.257629
v -0.055344 0.157950 0.146563
v -0.100290 0.082031 0.194552
v -0.064333 0.142766 0.156161
v -0.073323 0.127583 0.165759
v -0.082312 0.112399 0.175357
v -0.091301 0.097215 0.184954
v -0.105355 0.189826 0.204965
v -0.142568 0.107653 0.241856
v -0.112798 0.173392 0.212343
v -0.120240 0.156957 0.219722
v -0.127683 0.140522 0.227100
v -0.135125 0.124088 0.234478
v -0.113604 0.170901 0.149804
v -0.148467 0.091654 0.196278
v -0.120576 0.155052 0.159098
v -0.127549 0.139202 0.168393
v -0.134522 0.123353 0.177688
v -0.141494 0.107503 0.186983
v -0.088421 0.088172 0.217219
v -0.040721 0.165539 0.175015
v -0.078881 0.103645 0.208778
v -0.069341 0.119119 0.200337
v -0.059801 0.134592 0.191896
v -0.050261 0.150066 0.183456
v -0.154357 0.100231 0.218329
v -0.120729 0.181597 0.176946
v -0.147632 0.116504 0.210053
v -0.140906 0.132777 0.201776
v -0.134180 0.149050 0.193499
v -0.127455 0.165324 0.185223
v -0.096782 0.098870 0.240616
v -0.049849 0.178492 0.202906
v -0.087396 0.114794 0.233074
v -0.078009 0.130718 0.225532
v -0.068622 0.146643 0.217990
v -0.059236 0.162567 0.210448
v -0.113041 0.185711 0.190959
v -0.148464 0.103942 0.230090
v -0.120125 0.169357 0.198785
v -0.127210 0.153004 0.206611
v -0.134295 0.136650 0.214437
v -0.141379 0.120296 0.222263
v -0.048059 0.161699 0.160819
v -0.094329 0.085147 0.205856
v -0.057313 0.146389 0.169826
v -0.066567 0.131078 0.178834
v -0.075821 0.115768 0.187841
v -0.085075 0.100457 0.196848
v -0.045294 0.171988 0.188953
v -0.092593 0.093548 0.228924
v -0.054754 0.156300 0.196948
v -0.064213 0.140612 0.204942
v -0.073673 0.124924 0.212936
v -0.083133 0.109236 0.220930
v -0.084336 0.164408 0.148150
v -0.124516 0.086860 0.195449
v -0.092372 0.148899 0.157609
v -0.100408 0.133389 0.167069
v -0.108444 0.117879 0.176529
v -0.116480 0.102369 0.185989
v -0.117156 0.176269 0.163359
v -0.151423 0.095922 0.207320
v -0.124009 0.160200 0.172151
v -0.130863 0.144130 0.180943
v -0.137716 0.128061 0.189735
v -0.144569 0.111991 0.198527
v -0.077488 0.184176 0.203909
v -0.119789 0.103245 0.241263
v -0.085948 0.167989 0.211380
v -0.094408 0.151803 0.218850
v -0.102869 0.135617 0.226321
v -0.111329 0.119431 0.233792
vn -0.7315 0.6762 0.0879
vn -0.8204 0.5574 0.1276
vn -0.7878 0.6120 0.0701
vn -0.7897 0.6102 0.0632
vn -0.8956 -0.0055 -0.4448
vn -0.7356 0.2056 -0.6454
vn -0.7484 0.1927 -0.6346
vn -0.1587 0.2671 -0.9505
vn -0.5286 0.3722 -0.7629
vn -0.1363 0.3537 -0.9254
vn -0.7429 0.5287 -0.4106
vn -0.4224 0.5706 -0.7043
vn 0.7571 0.0290 -0.6527
vn 0.5744 0.1499 -0.8047
vn 0.7151 0.1747 -0.6768
vn 0.8843 0.1287 -0.4488
vn 0.4413 0.2035 -0.8740
vn 0.9085 0.3578 -0.2158
vn 0.9946 0.0919 -0.0488
vn 0.9803 0.0720 -0.1837
vn 0.9978 0.0411 -0.0517
vn 0.9887 0.0332 -0.1460
vn 0.9459 0.1458 -0.2897
vn 0.8989 0.0033 -0.4381
vn 1.0000 -0.0010 -0.0066
vn 0.9997 0.0057 -0.0220
vn 0.9994 0.0142 -0.0316
vn 0.9985 0.0166 0.0527
vn 0.9957 0.0399 0.0837
vn 0.9999 0.0136 0.0090
vn 0.9985 0.0161 0.0520
vn 0.9992 0.0392 -0.0022
vn 0.9988 0.0434 -0.0219
vn 0.9991 0.0329 0.0275
vn 0.9940 0.1074 0.0210
vn 0.2407 0.1703 0.9556
vn 0.2547 0.1679 0.9523
vn 0.2214 0.1735 0.9596
vn 0.2022 0.1820 0.9623
vn 0.1878 0.1788 0.9658
vn 0.2878 0.2123 0.9339
vn 0.3409 0.2294 0.9117
vn 0.3843 0.2431 0.8906
vn 0.9960 0.0538 -0.0712
vn 0.9987 0.0409 -0.0319
vn 0.9992 0.0360 -0.0171
vn 0.8788 0.1397 -0.4563
vn 0.9970 -0.0771 0.0095
vn 0.9994 -0.0345 0.0038
vn 0.9981 -0.0601 0.0114
vn 0.9993 -0.0340 0.0143
vn 1.0000 0.0032 0.0037
vn 0.9998 0.0091 0.0191
vn 0.9998 0.0089 0.0190
vn 0.9998 0.0082 0.0188
vn 0.9998 0.0073 0.0184
vn 0.3955 -0.7150 0.5765
vn -0.0007 -0.7984 0.6022
vn 0.0037 -0.7983 0.6022
vn 0.4181 -0.7057 0.5720
vn -0.0000 -0.7958 0.6055
vn -0.0000 -0.7958 0.6056
vn -0.0000 -0.7957 0.6057
vn 0.0080 -0.7983 0.6022
vn 0.5665 -0.7296 0.3830
vn 0.9994 0.0074 0.0342
vn 0.9997 -0.0068 0.0216
vn 0.9994 0.0180 0.0303
vn 0.9938 0.1040 0.0393
vn 0.9990 0.0324 0.0295
vn 0.9991 0.0373 0.0192
vn 0.9990 0.0294 0.0329
vn 0.9987 0.0292 0.0417
vn 0.9987 0.0215 0.0467
vn 0.9953 0.0789 0.0568
vn 0.5976 0.7945 0.1078
vn 0.8398 0.5394 0.0617
vn 0.7204 0.6791 0.1410
vn 0.7296 0.6686 0.1434
vn 0.9573 0.2829 0.0598
vn 0.8948 0.4271 0.1301
vn 0.7709 0.6365 0.0226
vn 0.9554 0.2940 0.0281
vn 0.9256 0.3780 -0.0201
vn 0.7371 0.6757 -0.0087
vn 0.7388 0.6580 0.1459
vn 0.5677 0.8029 0.1818
vn 0.4945 0.8558 0.1518
vn 0.7228 0.6666 -0.1825
vn 0.4571 0.8894 0.0037
vn 0.4197 0.9077 -0.0020
vn 0.3388 0.9336 0.1165
vn 0.3338 0.9373 0.1003
vn 0.2994 0.9541 -0.0082
vn -0.6863 0.7067 -0.1720
vn -0.6766 0.7178 -0.1644
vn -0.7163 0.6696 -0.1963
vn -0.7617 0.6438 0.0732
vn -0.7737 0.6334 0.0114
vn -0.7526 0.6181 -0.2272
vn -0.7734 0.6327 -0.0390
vn -0.9873 0.1270 -0.0952
vn -0.9979 -0.0142 -0.0636
vn -0.9767 0.1854 -0.1078
vn -0.9466 0.3199 -0.0400
vn -0.9174 0.3925 -0.0658
vn -0.9144 0.3771 -0.1473
vn -0.9285 0.3673 -0.0547
vn 0.0079 0.3445 -0.9388
vn 0.0366 -0.2096 -0.9771
vn 0.0369 -0.2000 -0.9791
vn 0.0242 0.1518 -0.9881
vn 0.1451 0.1501 -0.9780
vn 0.1416 0.1382 -0.9802
vn 0.1440 0.1497 -0.9782
vn 0.0389 -0.1906 -0.9809
vn 0.0875 0.2750 -0.9575
vn -0.8838 0.4488 -0.1324
vn -0.9441 0.3271 -0.0410
vn -0.9360 0.3387 -0.0961
vn -0.9323 0.3610 -0.0227
vn -0.9344 0.3544 -0.0365
vn -0.9248 0.3493 -0.1510
vn -0.6258 0.7574 -0.1864
vn -0.7171 0.6728 -0.1820
vn 0.9768 -0.1887 0.1009
vn 0.9749 -0.2149 0.0575
vn 0.9737 -0.2274 -0.0122
vn 0.9717 -0.2354 0.0175
vn 0.9977 0.0034 -0.0679
vn 0.9710 -0.2377 0.0264
vn 0.9688 -0.2431 0.0472
vn 0.9234 0.3832 -0.0214
vn 0.9769 -0.1607 0.1407
vn 0.9915 -0.0992 0.0843
vn 0.9749 -0.1754 0.1369
vn 0.9743 -0.1797 0.1360
vn 0.9989 -0.0370 0.0272
vn 0.8102 0.4391 -0.3882
vn 0.9573 0.2887 -0.0165
vn -0.0240 -0.5043 0.8632
vn -0.0343 -0.4526 0.8911
vn -0.0058 -0.4071 0.9134
vn -0.0343 -0.4525 0.8911
vn 0.0163 -0.3710 0.9285
vn 0.0228 -0.3603 0.9326
vn 0.0228 -0.3602 0.9326
vn -0.0097 -0.4791 0.8777
vn -0.0017 -0.4505 0.8928
vn -0.4027 0.8962 -0.1860
vn -0.5737 0.8057 -0.1472
vn -0.4515 0.8747 -0.1760
vn -0.7224 0.6838 -0.1027
vn 0.0927 0.4967 -0.8630
vn 0.1840 0.4648 -0.8661
vn 0.2571 0.4227 -0.8691
vn 0.1211 0.4661 -0.8764
vn 0.4439 0.4197 -0.7917
vn 0.4915 0.3910 -0.7781
vn 0.5282 0.1680 -0.8324
vn 0.3151 0.1452 -0.9379
vn 0.1474 0.1385 -0.9793
vn -0.0485 -0.5671 0.8222
vn -0.0989 -0.3750 0.9217
vn -0.1001 -0.3734 0.9222
vn -0.0343 -0.6211 0.7830
vn -0.1087 -0.3766 0.9200
vn -0.1085 -0.3747 0.9208
vn -0.1084 -0.3735 0.9213
vn -0.1018 -0.3721 0.9226
vn -0.0306 -0.6331 0.7735
vn 0.9725 0.0873 -0.2161
vn 0.9664 0.2040 -0.1564
vn 0.9663 0.2042 -0.1566
vn 0.9715 0.0588 -0.2295
vn 0.9667 0.2036 -0.1550
vn 0.9667 0.2037 -0.1549
vn 0.9811 0.1006 0.1654
vn 0.9805 0.0993 0.1698
vn 0.9950 -0.0581 0.0814
vn 0.1125 0.1563 -0.9813
vn 0.1152 0.1356 -0.9840
vn 0.1126 0.2716 -0.9558
vn 0.1103 0.2750 -0.9551
vn 0.1137 0.1446 -0.9829
vn 0.1158 0.2686 -0.9563
vn 0.1293 0.2714 -0.9537
vn 0.1296 0.2738 -0.9530
vn 0.1302 0.2780 -0.9517
vn 0.8785 -0.0145 0.4775
vn 0.9106 -0.1700 0.3768
vn 0.8668 -0.0239 0.4981
vn 0.8664 -0.0213 0.4990
vn 0.8775 -0.0118 0.4794
vn 0.9097 -0.1523 0.3863
vn 0.3450 0.9384 0.0216
vn 0.4284 0.8122 -0.3960
vn 0.3754 0.9268 0.0100
vn 0.3716 0.9279 0.0287
vn 0.3875 0.9150 0.1124
vn 0.3834 0.9142 0.1315
vn 0.1995 -0.1030 -0.9745
vn 0.1961 -0.1250 -0.9726
vn 0.3377 -0.0072 -0.9412
vn 0.1074 -0.1066 -0.9885
vn 0.1129 -0.1312 -0.9849
vn 0.1167 -0.1483 -0.9820
vn 0.1917 -0.1466 -0.9704
vn 0.3444 -0.0125 -0.9387
vn 0.2886 -0.9509 0.1122
vn 0.2887 -0.9508 0.1121
vn 0.2887 -0.9508 0.1120
vn 0.2886 -0.9509 0.1120
vn 0.2888 -0.9508 0.1121
vn 0.2889 -0.9508 0.1120
vn 0.2889 -0.9508 0.1119
vn 0.2887 -0.9508 0.1119
vn 0.2886 -0.9509 0.1119
vn 0.6614 0.2667 -0.7010
vn 0.6152 0.0124 -0.7883
vn 0.8965 0.0122 -0.4429
vn 0.3779 -0.2666 -0.8866
vn 0.4063 -0.2355 -0.8829
vn 0.4182 -0.2232 -0.8805
vn 0.4780 0.7404 -0.4726
vn 0.4789 0.7153 -0.5089
vn 0.5617 0.5383 -0.6282
vn 0.5566 0.5670 -0.6072
vn 0.4778 0.6890 -0.5449
vn 0.5633 0.5097 -0.6503
vn 0.2766 -0.0456 0.9599
vn 0.2919 -0.0230 0.9562
vn 0.1033 -0.2884 0.9519
vn 0.1023 -0.2884 0.9520
vn 0.3083 0.0015 0.9513
vn 0.1042 -0.2885 0.9518
vn 0.1053 -0.2924 0.9505
vn 0.1043 -0.2927 0.9505
vn 0.1035 -0.2929 0.9505
vn 0.3150 -0.9469 0.0639
vn 0.3162 -0.9440 0.0940
vn 0.3751 -0.9231 0.0842
vn 0.3615 -0.9311 0.0481
vn 0.3173 -0.9390 0.1327
vn 0.3755 -0.9184 0.1246
vn 0.4393 -0.8910 0.1148
vn 0.4324 -0.8991 0.0683
vn 0.4253 -0.9047 0.0255
vn 1.0000 0.0040 -0.0049
vn 1.0000 0.0079 -0.0037
vn 1.0000 0.0076 -0.0054
vn 0.9999 0.0118 -0.0043
vn 0.9999 0.0115 -0.0059
vn 0.3047 0.4801 0.8226
vn 0.3061 0.4945 0.8135
vn 0.3785 0.2558 0.8896
vn 0.3892 0.2327 0.8913
vn 0.3066 0.5073 0.8054
vn 0.3628 0.2786 0.8893
vn -0.0000 0.5023 -0.8647
vn -0.0000 0.5245 -0.8514
vn -0.0104 0.5255 -0.8507
vn -0.0147 0.5026 -0.8644
vn -0.0000 0.4891 -0.8723
vn -0.0036 0.4896 -0.8719
vn 0.0272 0.5240 -0.8513
vn 0.4419 0.8915 -0.0999
vn 0.4342 0.8935 0.1147
vn 0.4342 0.8935 0.1145
vn 0.4416 0.8898 -0.1147
vn 0.4210 0.8144 0.3995
vn 0.4208 0.8171 0.3939
vn 0.4206 0.8205 0.3872
vn 0.4342 0.8935 0.1143
vn 0.4412 0.8879 -0.1303
vn -0.8616 -0.4456 -0.2433
vn -0.8261 -0.5544 0.1013
vn -0.9218 -0.3474 0.1718
vn -0.9507 -0.2416 -0.1943
vn -0.8559 -0.5022 0.1236
vn -0.9213 -0.3487 0.1723
vn -0.9243 -0.3458 0.1613
vn -0.9246 -0.3448 0.1620
vn -0.9457 -0.2286 -0.2311
vn 0.9932 0.1139 0.0255
vn 0.9990 0.0226 0.0394
vn 0.9984 0.0163 0.0551
vn 0.9974 0.0013 -0.0716
vn 0.9974 0.0160 -0.0696
vn 0.9869 0.1360 0.0869
vn 0.9814 0.1790 0.0689
vn -0.8545 0.5070 0.1134
vn -0.8525 0.5062 0.1305
vn -0.7931 0.5577 0.2450
vn -0.7959 0.5488 0.2558
vn -0.7921 0.5640 0.2333
vn 0.0044 -0.3320 0.9433
vn 0.0098 -0.3330 0.9429
vn 0.0091 -0.3389 0.9408
vn 0.0042 -0.3386 0.9409
vn -0.0003 -0.4367 0.8996
vn -0.0009 -0.4414 0.8973
vn 0.0002 -0.4351 0.9004
vn 0.0078 -0.3445 0.9388
vn 0.0041 -0.3434 0.9392
vn 0.9720 -0.1983 0.1264
vn 0.9817 0.1482 0.1194
vn 0.9725 -0.1951 0.1274
vn 0.9568 0.2469 0.1534
vn -0.0210 -0.5370 0.8433
vn -0.0209 -0.5386 0.8423
vn -0.0205 -0.5355 0.8443
vn 0.4785 0.8101 -0.3389
vn 0.5520 0.8293 -0.0867
vn 0.8130 0.5785 -0.0670
vn 0.5897 0.6909 -0.4183
vn 0.5025 0.8602 -0.0872
vn 0.8277 0.5571 -0.0682
vn -0.0000 0.9727 0.2320
vn -0.0035 0.9729 0.2310
vn -0.0016 0.9729 0.2311
vn -0.0000 0.8421 0.5394
vn -0.0108 0.8171 0.5765
vn -0.0090 0.8849 0.4656
vn -0.0034 0.9732 0.2301
vn -0.0016 0.9731 0.2302
vn 0.3572 0.1947 -0.9135
vn 0.2802 0.2699 -0.9212
vn 0.2788 0.2704 -0.9215
vn 0.3791 0.1721 -0.9092
vn 0.2814 0.2689 -0.9212
vn -0.0000 0.2142 -0.9768
vn -0.0000 0.9658 0.2592
vn -0.0000 0.9680 0.2510
vn 0.0008 0.9685 0.2488
vn 0.0305 0.9945 0.1006
vn 0.0293 0.9943 0.1028
vn 0.0586 0.9944 0.0879
vn 0.0293 0.9964 0.0792
vn 0.0206 0.9940 0.1072
vn 0.0067 0.9974 0.0724
vn -0.0000 0.9975 0.0704
vn 0.2840 0.6290 -0.7237
vn 0.2838 0.6350 -0.7185
vn 0.2819 0.5988 -0.7497
vn 0.2815 0.5981 -0.7504
vn 0.2818 0.5996 -0.7491
vn 0.2594 0.5302 -0.8072
vn 0.2596 0.5296 -0.8075
vn 0.2577 0.5218 -0.8132
vn -0.0000 0.9954 0.0958
vn -0.0000 0.9996 -0.0296
vn 0.2014 0.9795 0.0041
vn 0.1653 0.9818 0.0935
vn -0.0000 0.9220 -0.3872
vn 0.2140 0.9129 -0.3475
vn 0.2147 0.9198 -0.3285
vn 0.1961 0.9799 0.0365
vn 0.1648 0.9811 0.1010
vn 0.2958 -0.9461 0.1320
vn 0.2893 -0.9480 0.1324
vn 0.2894 -0.9475 0.1363
vn 0.2956 -0.9456 0.1360
vn 0.2832 -0.9498 0.1328
vn 0.2831 -0.9493 0.1367
vn 0.2830 -0.9487 0.1408
vn 0.2897 -0.9468 0.1402
vn 0.2954 -0.9451 0.1396
vn 0.9955 0.0906 -0.0266
vn 0.9974 0.0709 -0.0097
vn 0.9962 -0.0387 0.0775
vn 0.9957 -0.0448 0.0805
vn 0.9620 -0.2273 -0.1513
vn 0.9990 -0.0335 0.0283
vn 0.9996 -0.0273 0.0037
vn 0.9965 -0.0392 0.0743
vn 0.9960 -0.0458 0.0762
vn -0.0000 -0.9630 0.2697
vn -0.0000 -0.9085 0.4179
vn -0.0000 -0.8587 0.5125
vn -0.0000 -0.8693 0.4943
vn 0.9812 -0.0006 0.1929
vn 0.9548 -0.0578 0.2917
vn 0.9766 -0.0646 0.2053
vn 0.9961 0.0094 0.0879
vn 0.7774 -0.3451 0.5259
vn 0.9245 -0.3002 0.2349
vn 0.9772 -0.2049 0.0563
vn 0.9971 -0.0424 -0.0632
vn 0.9992 0.0014 -0.0402
vn 0.9506 -0.0906 -0.2970
vn 0.9508 -0.0907 -0.2961
vn 0.9513 -0.0881 -0.2953
vn 0.9512 -0.0876 -0.2958
vn 0.9769 -0.2137 -0.0017
vn 0.9759 -0.2182 0.0091
vn 0.7558 -0.4846 0.4404
vn 0.7435 -0.4966 0.4479
vn 0.8180 -0.5538 0.1556
vn 0.9267 -0.3535 0.1276
vn 0.9303 -0.2399 0.2774
vn 0.8823 -0.3283 0.3371
vn 0.2771 0.6815 -0.6773
vn 0.2752 0.6715 -0.6880
vn 0.2598 0.8538 -0.4511
vn 0.2567 0.8744 -0.4117
vn 0.9138 0.3537 -0.1995
vn 0.9559 0.1448 -0.2555
vn 0.8881 0.0945 -0.4498
vn 0.8452 0.3106 -0.4350
vn 0.9511 0.0472 -0.3052
vn 0.8765 0.0071 -0.4813
vn 0.8204 -0.0237 -0.5713
vn 0.8332 0.0519 -0.5505
vn 0.7738 0.3343 -0.5380
vn -0.8384 0.5447 0.0222
vn -0.8385 0.5448 -0.0075
vn 0.6923 0.3456 -0.6334
vn 0.7342 0.1815 -0.6542
vn 0.6927 0.3588 -0.6257
vn 0.8983 0.2896 -0.3305
vn 0.9030 0.2784 -0.3273
vn 0.9099 0.1794 -0.3740
vn 0.3670 0.9074 0.2049
vn 0.3673 0.9068 0.2067
vn -0.7887 -0.2461 -0.5633
vn -0.7728 -0.2796 -0.5697
vn -0.8409 -0.1021 -0.5315
vn -0.8409 -0.1022 -0.5315
vn -0.8410 -0.1022 -0.5313
vn -0.8410 -0.1023 -0.5313
vn 0.2165 0.9724 -0.0864
vn 0.2165 0.9725 -0.0860
vn 0.2158 0.9726 -0.0860
vn 0.2159 0.9726 -0.0864
vn 0.1885 -0.4925 -0.8497
vn 0.1943 -0.4912 -0.8491
vn 0.1829 -0.4943 -0.8498
vn 0.1919 -0.5244 -0.8296
vn 0.1963 -0.5237 -0.8290
vn 0.2031 -0.5226 -0.8280
vn 0.2278 0.4582 -0.8592
vn 0.2260 0.4521 -0.8629
vn 0.2292 0.4645 -0.8554
vn 0.8928 0.2088 0.3991
vn 0.8538 0.3600 0.3760
vn 0.7237 0.3853 0.5725
vn 0.7406 0.2428 0.6265
vn 0.8515 0.3640 0.3773
vn 0.7357 0.3896 0.5540
vn 0.4919 0.4004 0.7731
vn 0.4894 0.3923 0.7789
vn 0.5118 0.2414 0.8245
vn 0.9027 -0.0000 0.4303
vn 0.9221 0.1001 0.3738
vn 0.7006 0.1847 0.6893
vn 0.7128 -0.0000 0.7013
vn 0.9027 0.2152 0.3727
vn 0.7128 0.3507 0.6074
vn 0.1560 0.9702 0.1855
vn -0.0000 0.9803 0.1977
vn 0.1555 0.9720 0.1759
vn 0.1668 0.9705 0.1743
vn 0.1660 0.9686 0.1852
vn -0.0000 0.9803 0.1973
vn 0.9887 -0.1151 -0.0958
vn 0.9160 -0.3913 -0.0887
vn 0.8915 -0.4013 -0.2103
vn 0.8993 -0.4306 0.0764
vn 0.9005 -0.4289 0.0719
vn 0.9160 -0.3913 -0.0888
vn 0.8857 -0.3998 -0.2361
vn 0.7671 -0.4141 -0.4901
vn 0.6312 -0.3821 -0.6749
vn 0.7609 -0.1791 -0.6237
vn 0.7506 -0.1862 -0.6340
vn 0.4492 -0.3252 -0.8322
vn 0.4451 -0.2359 -0.8639
vn 0.4318 -0.2036 -0.8787
vn 0.7453 -0.1543 -0.6487
vn 0.7401 -0.1933 -0.6441
vn 0.8156 -0.1431 -0.5606
vn 0.8277 -0.1864 -0.5293
vn 0.3345 0.6843 0.6480
vn 0.3343 0.6967 0.6347
vn 0.3340 0.6718 0.6612
vn -0.0000 0.8917 -0.4526
vn 0.1406 0.8710 -0.4708
vn 0.1260 0.7671 -0.6291
vn -0.0000 0.7795 -0.6264
vn 0.3607 0.7772 -0.5156
vn 0.2672 0.7134 -0.6478
vn 0.1589 0.6604 -0.7339
vn 0.1145 0.5721 -0.8121
vn -0.0000 0.5913 -0.8065
vn 0.9676 -0.1520 -0.2014
vn 0.9992 -0.0344 -0.0184
vn 0.9521 -0.1258 -0.2786
vn 0.9992 -0.0199 -0.0344
vn 0.9794 0.1766 -0.0981
vn 0.9801 0.1735 -0.0966
vn 0.9691 0.1068 -0.2222
vn 0.9194 0.1327 -0.3703
vn 0.9365 0.0431 -0.3481
vn 0.9753 0.0625 -0.2117
vn 0.9808 0.1703 -0.0952
vn 0.9453 -0.0469 -0.3229
vn 0.8732 0.4766 0.1021
vn 0.8984 0.4031 -0.1741
vn 0.8411 0.5119 0.1745
vn 0.9172 0.3566 0.1776
vn 0.9400 0.3144 0.1323
vn 0.9465 0.3149 -0.0702
vn 0.9305 -0.0249 0.3655
vn 0.8175 -0.0328 0.5750
vn 0.9565 0.0330 0.2899
vn 0.8494 0.0411 0.5262
vn 0.9732 0.0906 0.2115
vn 0.9829 0.0549 0.1758
vn 0.9924 0.0841 0.0894
vn 0.9832 0.1799 0.0317
vn 0.9760 0.1608 0.1471
vn 0.9900 0.0191 0.1397
vn 0.8978 0.0662 0.4354
vn 0.4849 -0.8682 0.1050
vn 0.4399 -0.8129 0.3817
vn 0.7336 -0.5818 0.3513
vn 0.7318 -0.5840 0.3514
vn 0.5289 -0.7595 0.3787
vn 0.9105 0.0883 0.4040
vn 0.3269 0.5218 -0.7880
vn 0.3458 0.3216 -0.8815
vn 0.5939 0.4129 -0.6905
vn 0.5299 0.4660 -0.7085
vn 0.2970 0.2072 -0.9321
vn 0.5570 0.2960 -0.7760
vn 0.5948 0.3680 -0.7147
vn 0.5412 -0.0826 -0.8368
vn 0.6168 0.2049 -0.7600
vn 0.5077 0.1724 -0.8441
vn 0.4070 0.1842 -0.8947
vn 0.1738 0.1398 -0.9748
vn 0.3011 0.1936 -0.9337
vn 0.1430 -0.1241 -0.9819
vn 0.3161 -0.0892 -0.9445
vn 0.9921 -0.0154 0.1243
vn 0.9919 -0.0156 0.1258
vn 0.9919 -0.0096 0.1268
vn 0.9920 -0.0088 0.1256
vn 0.9917 -0.0158 0.1274
vn 0.9917 -0.0097 0.1282
vn 0.9916 -0.0036 0.1289
vn 0.9918 -0.0035 0.1277
vn 0.9919 -0.0035 0.1267
vn 0.9767 0.1557 0.1476
vn 0.9695 0.1394 0.2017
vn 0.9172 0.1234 0.3789
vn 0.9094 0.2046 0.3620
vn 0.9772 0.1343 0.1646
vn 0.9410 0.0725 0.3304
vn 0.9862 0.1639 0.0249
vn 0.9828 0.1826 0.0287
vn 0.9826 0.1789 0.0502
vn 0.1265 0.4624 -0.8776
vn 0.1661 0.4555 -0.8746
vn 0.5091 0.4188 -0.7519
vn 0.9713 0.1166 0.2075
vn 0.9800 0.1406 0.1408
vn 0.9769 0.1424 0.1592
vn 0.9737 0.1520 0.1695
vn 0.9704 0.1609 0.1801
vn 0.9691 0.1354 0.2061
vn 0.8939 0.3908 0.2194
vn 0.8430 0.4424 0.3060
vn 0.8075 0.3462 0.4776
vn 0.8499 0.1780 0.4960
vn 0.9798 0.0649 0.1893
vn 0.9772 0.0692 0.2009
vn 0.8710 0.1656 0.4624
vn 0.9863 0.0415 0.1597
vn 0.9536 -0.2548 0.1602
vn 0.9764 0.0179 0.2154
vn 0.9845 -0.0124 0.1751
vn 0.9902 0.0212 0.1377
vn 0.9785 0.0367 0.2028
vn 0.8998 -0.2977 0.3190
vn 0.7299 -0.5862 0.3515
vn 0.7847 -0.6100 0.1098
vn 0.9574 -0.2882 -0.0198
vn 0.9935 0.0548 0.1000
vn 0.9948 0.0450 0.0912
vn 0.9960 0.0353 0.0824
vn 0.3672 0.8605 0.3531
vn 0.3168 0.8308 0.4576
vn 0.5968 0.6796 0.4266
vn 0.6678 0.6607 0.3427
vn 0.2942 0.6326 0.7164
vn 0.6165 0.4939 0.6132
vn 0.8422 0.4161 0.3428
vn -0.0000 0.9929 0.1190
vn 0.0241 0.9950 0.0966
vn 0.0436 0.9942 0.0980
vn -0.0000 0.9928 0.1201
vn 0.0296 0.9971 0.0698
vn 0.0525 0.9957 0.0758
vn 0.3497 0.9362 0.0362
vn 0.1126 0.9929 0.0385
vn -0.0000 0.9948 -0.1023
vn 0.8406 0.3555 0.4088
vn 0.7981 0.3512 0.4896
vn 0.6660 0.4014 0.6288
vn 0.7483 0.3916 0.5354
vn 0.5978 0.4046 0.6921
vn 0.3926 0.4323 0.8118
vn 0.4285 0.4344 0.7922
vn 0.4841 0.4219 0.7666
vn 0.9779 0.2023 0.0528
vn 0.9766 0.2087 0.0519
vn 0.7171 0.0989 0.6899
vn 0.6670 0.0338 0.7443
vn 0.4668 0.1063 0.8780
vn 0.4064 0.0397 0.9129
vn 0.9753 0.2210 0.0012
vn 0.9836 0.1646 0.0738
vn 0.9051 0.2810 0.3190
vn 0.9165 0.2961 0.2691
vn -0.9886 0.0691 -0.1339
vn -0.9890 0.0609 -0.1348
vn -0.9887 0.0597 -0.1378
vn -0.9883 0.0700 -0.1356
vn -0.9895 0.0479 -0.1363
vn -0.9890 0.0491 -0.1397
vn -0.9885 0.0502 -0.1428
vn -0.9882 0.0597 -0.1409
vn -0.9878 0.0715 -0.1385
vn -0.9271 0.3727 0.0405
vn -0.9261 0.3770 0.0152
vn -0.9197 0.3921 0.0206
vn -0.9205 0.3881 0.0452
vn 0.1972 -0.5315 -0.8238
vn 0.0926 -0.4923 -0.8655
vn 0.0687 -0.2619 -0.9626
vn 0.2728 -0.4309 -0.8602
vn -0.0000 -0.4707 -0.8823
vn 0.0652 -0.2551 -0.9647
vn -0.0000 -0.2149 -0.9766
vn 0.0455 -0.2207 -0.9743
vn 0.0576 -0.2490 -0.9668
vn -0.0000 -0.2436 -0.9699
vn -0.0000 -0.1864 -0.9825
vn 0.0254 -0.1924 -0.9810
vn -0.0000 -0.1429 -0.9897
vn 0.0065 -0.1459 -0.9893
vn 0.4229 -0.1046 -0.9001
vn 0.4226 -0.1710 -0.8900
vn -0.0000 -0.0990 -0.9951
vn -0.0000 0.1498 -0.9887
vn -0.0000 0.2431 -0.9700
vn 0.3922 0.3221 -0.8617
vn 0.4228 -0.0422 -0.9052
vn 0.2169 0.6561 -0.7229
vn -0.0000 0.5566 -0.8308
vn 0.0459 0.4503 -0.8917
vn -0.0000 0.3378 -0.9412
vn 0.0909 0.3364 -0.9373
vn 0.9911 0.0875 -0.1003
vn 0.9970 -0.0174 -0.0759
vn 0.9968 -0.0097 -0.0790
vn 0.9910 0.0891 -0.0995
vn 0.9556 -0.0420 -0.2918
vn 0.9670 0.2340 -0.1010
vn 0.9955 0.0883 -0.0347
vn 0.9943 0.1001 -0.0365
vn 0.7813 0.4035 -0.4761
vn 0.8346 0.2396 -0.4960
vn 0.9227 0.2270 -0.3116
vn 0.9155 0.3010 -0.2669
vn 0.8758 0.0313 -0.4817
vn 0.9501 0.1045 -0.2940
vn 0.9625 0.2675 -0.0454
vn 0.9584 0.2829 -0.0381
vn 0.8191 -0.5252 0.2305
vn 0.6316 -0.5563 0.5400
vn 0.3869 -0.8061 0.4477
vn 0.4890 -0.8531 0.1822
vn 0.8753 -0.3514 -0.3322
vn 0.8920 -0.2232 -0.3930
vn 0.8757 -0.1526 -0.4581
vn 0.1425 -0.9885 -0.0506
vn 0.1183 -0.9929 -0.0082
vn 0.1186 -0.9929 -0.0050
vn 0.1534 -0.9851 -0.0773
vn 0.0830 -0.9953 0.0493
vn 0.0876 -0.9953 0.0424
vn -0.0000 -0.9994 0.0339
vn -0.0000 -1.0000 -0.0017
vn -0.0000 -0.9907 -0.1357
vn 0.0449 -0.9383 0.3430
vn 0.0547 -0.9946 0.0886
vn -0.0000 -0.9504 0.3110
vn -0.0000 -0.9956 0.0941
vn 0.4609 -0.5595 -0.6889
vn 0.6337 -0.5811 -0.5107
vn 0.4111 -0.7890 -0.4566
vn 0.3000 -0.6586 -0.6901
vn -0.0000 -0.9638 -0.2665
vn 0.1288 -0.9558 -0.2643
vn 0.1558 -0.9658 -0.2075
vn -0.0000 -0.8409 -0.5412
vn 0.1394 -0.8557 -0.4984
vn 0.5359 -0.8018 -0.2644
vn 0.1821 -0.9718 -0.1498
vn 0.0391 -0.8177 0.5744
vn 0.0466 -0.8406 0.5396
vn 0.2368 -0.6618 0.7113
vn 0.1637 -0.5467 0.8212
vn 0.0752 -0.5645 0.8220
vn 0.0541 -0.8621 0.5038
vn -0.0000 -0.8634 0.5046
vn 0.2510 -0.3327 0.9090
vn 0.0756 -0.1655 0.9833
vn 0.3789 -0.1672 0.9102
vn 0.0724 -0.1094 0.9914
vn -0.0000 -0.0892 0.9960
vn -0.0000 -0.1264 0.9920
vn -0.0000 -0.1274 0.9918
vn 0.6553 -0.0375 0.7544
vn 0.5548 -0.2500 0.7935
vn 0.3887 -0.0411 0.9205
vn 0.1206 0.0161 0.9926
vn 0.0873 -0.0474 0.9951
vn -0.0000 -0.0026 1.0000
vn -0.0000 -0.0529 0.9986
vn 0.9077 -0.0649 -0.4146
vn 0.9277 0.0864 -0.3631
vn 0.9892 0.1455 0.0172
vn 0.9958 0.0868 -0.0291
vn 0.1963 0.3789 0.9044
vn 0.2061 0.3692 0.9062
vn -0.0000 0.3921 0.9199
vn -0.0000 0.3831 0.9237
vn -0.0000 0.2133 0.9770
vn 0.2072 0.2267 0.9517
vn 0.1708 0.0792 0.9821
vn -0.0000 0.0476 0.9989
vn 0.9542 0.2989 -0.0087
vn 0.9405 0.2992 0.1613
vn 0.9341 0.3051 0.1853
vn 0.1624 0.4058 0.8994
vn 0.1817 0.3884 0.9034
vn 0.4986 0.4104 0.7635
vn -0.0000 0.4169 0.9089
vn -0.0000 0.4020 0.9156
vn 0.7076 0.5349 -0.4618
vn 0.9066 0.3803 -0.1830
vn 0.1315 0.4226 0.8967
vn 0.1414 0.4230 0.8950
vn -0.0000 0.4332 0.9013
vn -0.0000 0.4338 0.9010
vn 0.9238 0.3127 0.2211
vn 0.8504 0.3673 0.3767
vn 0.0344 -0.9992 0.0216
vn 0.0845 -0.9299 0.3579
vn -0.0000 -0.9999 -0.0118
vn -0.0000 -0.9335 0.3585
vn 0.0834 -0.9300 0.3579
vn -0.0234 -0.9478 -0.3180
vn -0.0233 -0.9481 -0.3172
vn -0.0222 -0.9481 -0.3172
vn -0.0221 -0.9479 -0.3179
vn -0.0000 -0.9486 -0.3166
vn 0.8138 -0.0971 -0.5729
vn 0.8697 -0.0789 -0.4872
vn 0.8117 -0.4910 -0.3164
vn 0.4668 0.5345 -0.7045
vn 0.6189 0.3888 -0.6825
vn 0.4395 0.8355 -0.3298
vn 0.4400 0.8329 -0.3356
vn 0.4407 0.8302 -0.3413
vn 0.8821 -0.1907 -0.4307
vn 0.9864 0.0030 -0.1646
vn 0.4901 -0.3535 -0.7968
vn 0.6702 -0.3167 -0.6712
vn 0.7239 -0.0421 -0.6886
vn 0.5041 -0.2022 -0.8396
vn 0.6968 -0.1573 -0.6998
vn 0.5314 -0.0625 -0.8448
vn 0.7267 0.0115 -0.6868
vn 0.1386 -0.3665 -0.9201
vn 0.2873 -0.3666 -0.8849
vn 0.1299 -0.2787 -0.9515
vn 0.2733 -0.2606 -0.9260
vn 0.9828 0.1571 0.0972
vn 0.9381 0.2598 -0.2290
vn 0.9738 0.1133 0.1972
vn 0.7837 0.3390 -0.5205
vn 0.2997 -0.1471 -0.9426
vn 0.1444 -0.1878 -0.9715
vn 0.0758 0.4949 -0.8657
vn 0.4343 0.8568 0.2780
vn 0.7703 0.5865 0.2502
vn 0.9708 0.0920 0.2217
vn -0.0000 0.9383 0.3458
vn 0.0071 0.9380 0.3464
vn 0.0046 0.9693 0.2459
vn 0.0024 0.9698 0.2437
vn 0.0023 0.9690 0.2469
vn 0.0023 0.9693 0.2457
vn 0.6110 0.2723 0.7433
vn 0.6331 0.2659 0.7270
vn 0.3231 0.3285 0.8875
vn 0.3705 0.3225 0.8710
vn 0.0051 0.8966 0.4428
vn 0.0031 0.6699 0.7424
vn -0.0000 0.8963 0.4434
vn -0.0000 0.6702 0.7422
vn 0.0030 -0.1414 -0.9900
vn -0.0132 -0.3658 -0.9306
vn -0.0000 -0.1343 -0.9909
vn -0.0000 -0.3659 -0.9307
vn -0.0000 -0.2849 -0.9585
vn -0.0140 -0.2845 -0.9586
vn -0.0000 0.9701 0.2428
vn -0.0146 -0.2010 -0.9795
vn -0.0000 -0.2010 -0.9796
vn -0.0000 0.1482 -0.9890
vn -0.0161 0.1485 -0.9888
vn -0.0000 0.4525 -0.8918
vn 0.0055 0.3486 0.9372
vn 0.0083 0.3486 0.9372
vn -0.0000 0.3499 0.9368
vn -0.0000 0.3500 0.9368
vn 0.0377 0.0926 -0.9950
vn 0.0631 0.1365 -0.9886
vn -0.0000 0.1334 -0.9911
vn -0.0000 0.1055 -0.9944
vn 0.4125 0.1115 -0.9041
vn 0.4118 0.1031 -0.9054
vn 0.0613 0.1809 -0.9816
vn 0.1228 0.4854 -0.8656
vn -0.0000 0.4423 -0.8969
vn -0.0000 0.1640 -0.9865
vn 0.1805 0.7343 -0.6544
vn 0.1800 0.7329 -0.6561
vn -0.0000 0.7482 -0.6635
vn 0.7562 -0.0461 -0.6527
vn 0.7493 -0.1151 -0.6522
vn 0.6841 0.3803 -0.6224
vn 0.7647 0.0242 -0.6439
vn 0.9801 0.1920 -0.0496
vn 0.9759 0.2124 -0.0495
vn 0.9029 0.4297 -0.0109
vn 0.8816 0.4718 -0.0141
vn 0.4505 0.6744 -0.5850
vn 0.5923 0.6075 -0.5293
vn 0.7676 0.6409 0.0090
vn 0.7475 0.6642 0.0070
vn 0.8043 0.5488 -0.2277
vn 0.5615 0.7848 -0.2623
vn 0.4965 0.8680 -0.0000
vn 0.4582 0.7752 -0.4350
vn 0.7313 0.5032 -0.4605
vn 0.1537 0.9744 -0.1639
vn 0.1465 0.9440 -0.2956
vn -0.0000 0.9582 -0.2859
vn 0.1657 0.9857 -0.0301
vn 0.7944 -0.5918 -0.1370
vn 0.7951 -0.5909 -0.1370
vn 0.0530 0.3241 -0.9445
vn 0.0011 0.2081 -0.9781
vn 0.0326 0.2791 -0.9597
vn -0.0000 0.2081 -0.9781
vn -0.0000 0.2319 -0.9727
vn 0.0640 0.3482 -0.9352
vn 0.0003 -0.6963 0.7177
vn 0.0056 -0.7265 0.6871
vn 0.0028 -0.7107 0.7035
vn -0.0000 -0.7265 0.6871
vn -0.0000 -0.6945 0.7195
vn 0.4118 -0.4496 0.7926
vn -0.0145 0.5464 0.8374
vn -0.0147 0.5438 0.8391
vn -0.0109 0.5813 0.8136
vn -0.0000 0.6176 0.7865
vn -0.0071 0.6176 0.7865
vn 0.9027 0.4303 -0.0000
vn 0.9221 0.3737 -0.1001
vn 0.7006 0.6893 -0.1847
vn 0.7128 0.7013 -0.0000
vn 0.9027 0.3727 -0.2152
vn 0.7128 0.6074 -0.3507
vn 0.9027 -0.2152 0.3727
vn 0.9221 -0.2736 0.2736
vn 1.0000 -0.0000 -0.0000
vn 0.9221 -0.1001 0.3738
vn 0.9027 -0.3727 0.2152
vn 0.9221 -0.3738 0.1001
vn 0.9027 -0.4303 -0.0000
vn 0.9221 -0.3738 -0.1002
vn 0.9027 -0.3727 -0.2152
vn 0.7128 -0.3507 0.6074
vn 0.7005 -0.5046 0.5046
vn 0.7006 -0.5046 0.5046
vn 0.7128 -0.6074 0.3507
vn 0.9221 0.2736 -0.2736
vn 0.7006 0.5046 -0.5046
vn 0.9027 0.2152 -0.3727
vn 0.7128 0.3507 -0.6074
vn 0.7005 0.5046 -0.5046
vn 0.9027 0.3727 0.2152
vn 0.9221 0.2736 0.2736
vn 0.9221 -0.2736 -0.2736
vn 0.9027 -0.2152 -0.3727
vn 0.9221 -0.1001 -0.3738
vn 0.9027 -0.0000 -0.4303
vn 0.7128 -0.7013 -0.0000
vn 0.7006 -0.6893 -0.1847
vn 0.7128 -0.6074 -0.3507
vn 0.7006 -0.6893 0.1847
vn 0.9221 0.3737 0.1001
vn 0.9221 0.1001 -0.3738
vn 0.7128 -0.0000 -0.7013
vn 0.7006 0.1847 -0.6893
vn 0.7006 0.6893 0.1847
vn 0.7128 0.6074 0.3507
vn 0.7006 -0.5046 -0.5046
vn 0.7005 -0.5046 -0.5046
vn 0.7128 -0.3507 -0.6074
vn 0.7006 -0.1847 -0.6893
vn 0.7541 0.3925 0.5266
vn 0.7006 -0.1847 0.6893
vn 0.7006 0.5046 0.5046
vn -0.0000 -0.6548 -0.7558
vn 0.1260 -0.6959 -0.7070
vn 0.8997 -0.3295 0.2862
vn 0.8989 -0.3298 0.2884
vn 0.8979 -0.3387 0.2810
vn 0.8968 -0.3402 0.2830
vn 0.1231 -0.9902 0.0661
vn 0.1896 -0.9342 -0.3023
vn 0.1896 -0.9340 -0.3029
vn 0.1062 -0.9835 0.1464
vn 0.1982 -0.9199 -0.3384
vn 0.1992 -0.9137 -0.3542
vn 0.2004 -0.9060 -0.3727
vn 0.1898 -0.9338 -0.3034
vn 0.1895 -0.9338 -0.3036
vn -0.7078 -0.4120 -0.5738
vn -0.6819 -0.4505 -0.5763
vn -0.7148 -0.4166 -0.5617
vn -0.6871 -0.4552 -0.5662
vn -0.7007 -0.6447 -0.3057
vn -0.6998 -0.6462 -0.3043
vn 0.0346 -0.8683 0.4949
vn 0.0127 -0.8203 0.5718
vn -0.0232 -0.7654 0.6431
vn -0.0053 -0.7649 0.6441
vn -0.6868 -0.7267 0.0099
vn -0.6867 -0.7269 0.0044
vn -0.7022 -0.7118 0.0130
vn -0.6979 -0.7160 0.0184
vn 0.9633 0.0326 0.2664
vn 0.2352 -0.9008 -0.3651
vn 0.2366 -0.8847 -0.4016
vn 0.2223 -0.8879 -0.4028
vn 0.2175 -0.9028 -0.3710
vn 0.2377 -0.8686 -0.4349
vn 0.2210 -0.8727 -0.4353
vn 0.1330 0.0022 -0.9911
vn 0.1327 0.0021 -0.9911
vn 0.1332 0.0002 -0.9911
vn 0.1334 0.0004 -0.9911
vn 0.1336 -0.0016 -0.9910
vn 0.1338 -0.0016 -0.9910
vn -0.0156 0.4798 -0.8772
vn -0.0000 0.4799 -0.8773
vn 0.7135 0.2333 -0.6606
vn -0.3402 -0.1926 0.9204
vn -0.3401 -0.1926 0.9204
vn -0.3401 -0.1927 0.9204
vn 0.0118 -0.9361 0.3517
vn 0.0118 -0.9361 0.3516
vn 0.0117 -0.9361 0.3516
vn 0.0117 -0.9361 0.3517
vn -0.2099 0.9697 0.1253
vn -0.2099 0.9696 0.1254
vn -0.2099 0.9697 0.1254
vn -0.2100 0.9696 0.1254
vn -0.2098 0.9697 0.1254
vn -0.2097 0.9697 0.1254
vn 0.3401 0.1926 -0.9204
vn 0.3402 0.1926 -0.9204
vn 0.3402 0.1927 -0.9204
vn 0.2097 -0.9697 -0.1254
vn 0.2098 -0.9697 -0.1254
vn 0.2099 -0.9697 -0.1254
vn 0.2100 -0.9696 -0.1254
vn 0.2099 -0.9696 -0.1254
vn 0.2099 -0.9697 -0.1253
vn -0.3518 0.7434 0.5688
vn -0.3519 0.7434 0.5688
vn 0.1896 0.6517 -0.7344
vn 0.1896 0.6516 -0.7344
vn 0.1897 0.6516 -0.7344
vn 0.1896 0.6516 -0.7345
vn 0.3519 -0.7434 -0.5688
vn 0.3518 -0.7434 -0.5688
vn -0.1898 -0.6517 0.7344
vn -0.1897 -0.6516 0.7344
vn -0.1897 -0.6517 0.7344
vn -0.1896 -0.6516 0.7344
vn -0.1896 -0.6517 0.7344
vn -0.0118 0.9361 -0.3516
vn -0.0116 0.9361 -0.3516
vn -0.0117 0.9361 -0.3516
vn -0.0115 0.9361 -0.3516
vn -0.0118 0.9361 -0.3517
vn 0.3995 -0.3180 -0.8598
vn -0.3996 0.3180 0.8598
vn -0.3995 0.3180 0.8598
vn 0.6133 0.4610 -0.6413
vn 0.6133 0.4610 -0.6414
vn 0.6651 0.2356 -0.7087
vn 0.8279 0.4214 -0.3700
vn 0.8887 0.2427 -0.3890
vn 0.9071 0.0559 -0.4173
vn 0.7132 -0.0003 -0.7010
vn 0.9529 0.3021 0.0256
vn 0.9770 0.2128 -0.0102
vn 0.9545 0.2427 0.1735
vn 0.9654 0.1852 0.1836
vn 0.9783 0.1327 0.1593
vn 0.9933 0.1157 0.0015
vn 0.4459 0.8147 -0.3708
vn 0.5260 0.6597 -0.5368
vn 0.6953 0.7016 -0.1556
vn 0.7823 0.5672 -0.2575
vn 0.8853 0.4451 0.1349
vn 0.9194 0.3885 0.0610
vn 0.9145 0.3270 0.2381
vn 0.9360 0.2748 0.2199
vn 0.2559 0.9660 0.0383
vn 0.3400 0.9224 -0.1832
vn 0.3399 0.9224 -0.1832
vn 0.5447 0.8215 0.1685
vn 0.6399 0.7683 0.0132
vn 0.8084 0.5062 0.3003
vn 0.8424 0.4973 0.2075
vn 0.8692 0.3631 0.3356
vn 0.8968 0.3303 0.2946
vn 0.0940 0.8743 0.4762
vn 0.1569 0.9534 0.2575
vn 0.4165 0.7489 0.5154
vn 0.4997 0.7921 0.3505
vn 0.7430 0.4692 0.4772
vn 0.7665 0.5102 0.3901
vn 0.8306 0.3412 0.4400
vn 0.8581 0.3368 0.3876
vn 0.0038 0.5643 0.8256
vn 0.0257 0.7445 0.6672
vn 0.0257 0.7444 0.6672
vn 0.3450 0.5033 0.7923
vn 0.3994 0.6321 0.6640
vn 0.7066 0.3439 0.6185
vn 0.7122 0.4236 0.5598
vn 0.8091 0.2673 0.5233
vn 0.8304 0.2927 0.4741
vn 0.0094 0.1190 0.9929
vn -0.0183 0.3514 0.9360
vn 0.3494 0.1504 0.9248
vn 0.3657 0.3313 0.8698
vn 0.7088 0.1639 0.6861
vn 0.6940 0.2608 0.6711
vn 0.8104 0.1611 0.5632
vn 0.8211 0.2097 0.5309
vn 0.1092 -0.3423 0.9332
vn 0.0365 -0.1204 0.9921
vn 0.4285 -0.2151 0.8776
vn 0.4076 -0.0298 0.9127
vn 0.7492 -0.0226 0.6620
vn 0.7167 0.0654 0.6943
vn 0.8343 0.0511 0.5490
vn 0.8327 0.1101 0.5427
vn 0.2766 -0.6960 0.6626
vn 0.1756 -0.5444 0.8202
vn 0.5612 -0.4953 0.6632
vn 0.5141 -0.3543 0.7811
vn 0.8168 -0.1655 0.5526
vn 0.7743 -0.1103 0.6231
vn 0.8742 -0.0332 0.4845
vn 0.8620 0.0205 0.5064
vn 0.4667 -0.8473 0.2536
vn 0.3616 -0.8072 0.4666
vn 0.7118 -0.6151 0.3391
vn 0.6565 -0.5554 0.5105
vn 0.8937 -0.2267 0.3873
vn 0.8513 -0.2191 0.4767
vn 0.9195 -0.0693 0.3869
vn 0.9013 -0.0350 0.4318
vn 0.6285 -0.7557 -0.1843
vn 0.6285 -0.7556 -0.1843
vn 0.5447 -0.8382 0.0259
vn 0.8400 -0.5425 -0.0079
vn 0.7966 -0.5792 0.1732
vn 0.9591 -0.1896 0.2103
vn 0.9272 -0.2320 0.2941
vn 0.9581 -0.0474 0.2825
vn 0.9400 -0.0415 0.3387
vn 0.7187 -0.4456 -0.5337
vn 0.6759 -0.6292 -0.3838
vn 0.6758 -0.6292 -0.3838
vn 0.9115 -0.2969 -0.2847
vn 0.8970 -0.4192 -0.1404
vn 0.9955 -0.0643 0.0691
vn 0.9815 -0.1454 0.1244
vn 0.9796 0.0265 0.1992
vn 0.9677 0.0026 0.2522
vn 0.7199 -0.2362 -0.6527
vn 0.9307 -0.1184 -0.3462
vn 0.9998 0.0174 0.0130
vn 0.9770 0.0856 0.1954
vn 0.9166 0.1505 0.3703
vn 0.2674 0.4237 0.8654
vn 0.2524 0.3212 0.9128
vn 0.2648 0.3190 0.9100
vn 0.2806 0.4188 0.8636
vn 0.2574 0.2284 0.9389
vn 0.2633 0.2245 0.9382
vn 0.3756 0.2173 0.9009
vn 0.3801 0.3034 0.8738
vn 0.3880 0.3998 0.8304
vn 0.3823 -0.3738 0.8450
vn 0.3996 -0.4792 0.7815
vn 0.3989 -0.4780 0.7825
vn 0.3825 -0.3756 0.8442
vn 0.4116 -0.5866 0.6975
vn 0.4119 -0.5943 0.6907
vn 0.4923 -0.5501 0.6746
vn 0.4819 -0.4378 0.7590
vn 0.4625 -0.3460 0.8163
vn 0.2728 -0.2640 -0.9251
vn 0.2733 -0.1504 -0.9501
vn 0.2733 -0.1509 -0.9500
vn 0.2728 -0.2633 -0.9253
vn 0.2810 -0.0335 -0.9591
vn 0.2806 -0.0376 -0.9591
vn 0.4246 -0.0205 -0.9052
vn 0.4163 -0.1339 -0.8993
vn 0.4133 -0.2432 -0.8775
vn 0.2530 0.0631 0.9654
vn 0.2811 0.0004 0.9597
vn 0.2900 -0.0014 0.9570
vn 0.2709 0.0594 0.9608
vn 0.3029 -0.0626 0.9509
vn 0.3041 -0.0635 0.9505
vn 0.3935 -0.0492 0.9180
vn 0.3896 0.0083 0.9210
vn 0.3844 0.0629 0.9210
vn 0.4107 -0.7871 0.4602
vn 0.3830 -0.8751 0.2959
vn 0.3799 -0.8740 0.3029
vn 0.4100 -0.7952 0.4467
vn 0.3463 -0.9181 0.1929
vn 0.3433 -0.9225 0.1763
vn 0.4545 -0.8678 0.2006
vn 0.4817 -0.8136 0.3256
vn 0.4967 -0.7412 0.4516
vn 0.3831 0.6398 -0.6662
vn 0.3980 0.6948 -0.5990
vn 0.4160 0.6913 -0.5908
vn 0.3991 0.6290 -0.6672
vn 0.4159 0.7689 -0.4855
vn 0.4226 0.7567 -0.4987
vn 0.5401 0.7141 -0.4454
vn 0.5466 0.6591 -0.5165
vn 0.5189 0.6137 -0.5951
vn 0.3331 -0.1956 0.9224
vn 0.3529 -0.2699 0.8959
vn 0.3531 -0.2717 0.8953
vn 0.3337 -0.1964 0.9220
vn 0.4395 -0.2486 0.8631
vn 0.4186 -0.1771 0.8907
vn 0.2928 -0.9527 -0.0812
vn 0.2456 -0.9335 -0.2613
vn 0.2425 -0.9356 -0.2567
vn 0.2891 -0.9516 -0.1046
vn 0.2180 -0.8952 -0.3888
vn 0.2173 -0.8875 -0.4064
vn 0.3947 -0.8455 -0.3597
vn 0.4023 -0.8922 -0.2051
vn 0.4206 -0.9047 -0.0676
vn 0.4359 0.8684 -0.2363
vn 0.4337 0.8938 -0.1140
vn 0.4352 0.8932 -0.1134
vn 0.4363 0.8619 -0.2585
vn 0.4318 0.8997 0.0642
vn 0.4339 0.8999 0.0437
vn 0.5275 0.8474 0.0604
vn 0.5360 0.8406 -0.0775
vn 0.5315 0.8181 -0.2196
vn 0.4147 -0.7045 0.5760
vn 0.4141 -0.7034 0.5777
vn 0.5007 -0.6510 0.5706
vn 0.2584 -0.7171 -0.6473
vn 0.2454 -0.5848 -0.7731
vn 0.2450 -0.5869 -0.7717
vn 0.2583 -0.7061 -0.6593
vn 0.2378 -0.4876 -0.8400
vn 0.2379 -0.4855 -0.8413
vn 0.4027 -0.4615 -0.7905
vn 0.4081 -0.5615 -0.7199
vn 0.4152 -0.6723 -0.6129
vn 0.3395 0.4669 -0.8166
vn 0.3567 0.5559 -0.7508
vn 0.3621 0.5593 -0.7456
vn 0.3387 0.4543 -0.8239
vn 0.4803 0.5550 -0.6792
vn 0.4610 0.4475 -0.7663
vn 0.4054 0.8479 0.3417
vn 0.3830 0.8008 0.4606
vn 0.3837 0.8009 0.4596
vn 0.4066 0.8507 0.3332
vn 0.3630 0.7410 0.5650
vn 0.3642 0.7413 0.5638
vn 0.4472 0.7052 0.5502
vn 0.4697 0.7584 0.4519
vn 0.4897 0.8067 0.3309
vn 0.3159 -0.9477 0.0449
vn 0.3148 -0.9480 0.0466
vn 0.4387 -0.8951 0.0789
vn 0.4249 0.8120 -0.4002
vn 0.4260 0.8120 -0.3990
vn 0.5325 0.7700 -0.3515
vn 0.3225 0.5966 0.7349
vn 0.2948 0.5068 0.8101
vn 0.3014 0.5065 0.8078
vn 0.3238 0.5945 0.7360
vn 0.3982 0.4817 0.7807
vn 0.4102 0.5661 0.7150
vn 0.2290 -0.8148 -0.5326
vn 0.2312 -0.8113 -0.5370
vn 0.4041 -0.7704 -0.4932
vn 0.4199 0.8856 0.1983
vn 0.4206 0.8854 0.1979
vn 0.5130 0.8336 0.2048
vn 0.2466 0.1275 0.9607
vn 0.2592 0.1275 0.9574
vn 0.3786 0.1288 0.9166
vn 0.2521 -0.3772 -0.8912
vn 0.2521 -0.3740 -0.8925
vn 0.4061 -0.3481 -0.8449
vn 0.3380 0.6699 0.6610
vn 0.3394 0.6701 0.6601
vn 0.4277 0.6364 0.6419
vn 0.3115 -0.1135 0.9434
vn 0.3124 -0.1143 0.9430
vn 0.4025 -0.0980 0.9102
vn 0.3269 0.2227 -0.9184
vn 0.3292 0.3445 -0.8792
vn 0.3293 0.3443 -0.8792
vn 0.3263 0.2132 -0.9209
vn 0.4593 0.3431 -0.8194
vn 0.4564 0.2197 -0.8622
vn 0.3023 0.0737 -0.9504
vn 0.3013 0.0773 -0.9504
vn 0.4417 0.0952 -0.8921
vn 0.5797 0.3357 -0.7425
vn 0.5832 0.2259 -0.7803
vn 0.5823 0.4358 -0.6863
vn 0.7389 0.3949 -0.5459
vn 0.7501 0.3091 -0.5846
vn 0.7495 0.2185 -0.6249
vn 0.8795 0.2658 -0.3948
vn 0.8876 0.1996 -0.4151
vn 0.8719 0.3350 -0.3572
vn 0.9445 0.2670 -0.1913
vn 0.9558 0.2118 -0.2037
vn 0.9586 0.1694 -0.2290
vn 0.9892 0.1464 -0.0040
vn 0.9921 0.1252 -0.0049
vn 0.9838 0.1793 0.0077
vn 0.9854 0.1288 0.1113
vn 0.9880 0.1074 0.1111
vn 0.9901 0.0983 0.1005
vn 0.6839 0.6123 -0.3967
vn 0.6387 0.5980 -0.4842
vn 0.7056 0.6234 -0.3371
vn 0.8055 0.5506 -0.2189
vn 0.7643 0.5838 -0.2739
vn 0.7337 0.5744 -0.3629
vn 0.8268 0.5454 -0.1377
vn 0.8271 0.5133 -0.2289
vn 0.8610 0.5012 -0.0863
vn 0.8876 0.4594 0.0350
vn 0.8788 0.4770 -0.0085
vn 0.9053 0.4158 -0.0872
vn 0.9246 0.3692 0.0932
vn 0.9540 0.2944 0.0557
vn 0.9078 0.3929 0.1468
vn 0.9236 0.2933 0.2468
vn 0.9563 0.2029 0.2105
vn 0.9689 0.1951 0.1523
vn 0.6987 0.7154 -0.0049
vn 0.6948 0.7077 -0.1276
vn 0.6887 0.7194 0.0905
vn 0.8195 0.5600 0.1217
vn 0.8231 0.5637 0.0684
vn 0.8257 0.5634 -0.0276
vn 0.8958 0.4259 0.1271
vn 0.8976 0.4354 0.0683
vn 0.8957 0.4131 0.1644
vn 0.9185 0.3422 0.1981
vn 0.9165 0.3601 0.1742
vn 0.9111 0.3867 0.1424
vn 0.9224 0.3129 0.2264
vn 0.9182 0.3356 0.2104
vn 0.9283 0.3000 0.2195
vn 0.9409 0.2447 0.2340
vn 0.9553 0.1562 0.2509
vn 0.9291 0.2644 0.2585
vn 0.5815 0.6928 0.4266
vn 0.6207 0.7185 0.3140
vn 0.5599 0.6386 0.5280
vn 0.7333 0.4969 0.4641
vn 0.7623 0.5333 0.3666
vn 0.7859 0.5536 0.2756
vn 0.8907 0.3427 0.2986
vn 0.8962 0.3647 0.2528
vn 0.8754 0.3222 0.3604
vn 0.8950 0.3113 0.3195
vn 0.9053 0.3161 0.2837
vn 0.9104 0.3223 0.2595
vn 0.9201 0.2971 0.2552
vn 0.9234 0.2904 0.2509
vn 0.9120 0.3016 0.2781
vn 0.9352 0.2669 0.2326
vn 0.9676 0.1604 0.1951
vn 0.9406 0.2480 0.2320
vn 0.5144 0.4483 0.7310
vn 0.5387 0.5145 0.6672
vn 0.4995 0.3713 0.7827
vn 0.6412 0.3284 0.6936
vn 0.6749 0.3966 0.6222
vn 0.7067 0.4272 0.5639
vn 0.8091 0.3471 0.4743
vn 0.8371 0.3370 0.4309
vn 0.7792 0.2865 0.5575
vn 0.8447 0.2743 0.4597
vn 0.8501 0.3467 0.3965
vn 0.8649 0.3364 0.3724
vn 0.8871 0.3151 0.3373
vn 0.8911 0.3264 0.3153
vn 0.8995 0.2303 0.3713
vn 0.9345 0.1761 0.3094
vn 0.9557 0.1633 0.2449
vn 0.9248 0.2853 0.2517
vn 0.4940 0.1275 0.8600
vn 0.4946 0.2059 0.8444
vn 0.4954 0.0696 0.8659
vn 0.6367 0.0784 0.7671
vn 0.6373 0.1239 0.7606
vn 0.6329 0.1854 0.7517
vn 0.7585 0.1176 0.6410
vn 0.7580 0.1591 0.6326
vn 0.7574 0.0881 0.6470
vn 0.8461 0.0926 0.5249
vn 0.8486 0.1085 0.5178
vn 0.8419 0.1325 0.5231
vn 0.9168 0.0971 0.3874
vn 0.9159 0.0993 0.3890
vn 0.9169 0.0929 0.3881
vn 0.9432 0.0913 0.3193
vn 0.9436 0.0865 0.3195
vn 0.9410 0.0821 0.3284
vn 0.5055 -0.0758 0.8595
vn 0.5013 -0.0304 0.8648
vn 0.5185 -0.1504 0.8417
vn 0.6470 -0.1052 0.7552
vn 0.6452 -0.0359 0.7632
vn 0.6410 -0.0012 0.7676
vn 0.7532 0.0047 0.6578
vn 0.7551 0.0288 0.6550
vn 0.7585 -0.0553 0.6493
vn 0.8435 -0.0099 0.5370
vn 0.8428 0.0491 0.5360
vn 0.8425 0.0581 0.5356
vn 0.9103 0.0951 0.4029
vn 0.9145 0.0916 0.3940
vn 0.9159 0.0375 0.3997
vn 0.9457 0.0613 0.3191
vn 0.9414 0.1027 0.3214
vn 0.9390 0.1052 0.3274
vn 0.5614 -0.3923 0.7286
vn 0.5509 -0.3072 0.7760
vn 0.5776 -0.4912 0.6520
vn 0.6913 -0.4007 0.6013
vn 0.6832 -0.3099 0.6612
vn 0.6672 -0.2435 0.7040
vn 0.7857 -0.2236 0.5768
vn 0.7774 -0.1678 0.6062
vn 0.8028 -0.2815 0.5257
vn 0.8758 -0.1777 0.4487
vn 0.8718 -0.1293 0.4725
vn 0.8585 -0.1017 0.5027
vn 0.9340 -0.0345 0.3556
vn 0.9301 -0.0244 0.3665
vn 0.9385 -0.0475 0.3420
vn 0.9559 0.0099 0.2934
vn 0.9580 0.0169 0.2863
vn 0.9579 0.0083 0.2870
vn 0.5774 -0.7395 0.3460
vn 0.5871 -0.6682 0.4570
vn 0.5681 -0.7896 0.2319
vn 0.7154 -0.6516 0.2524
vn 0.7187 -0.5978 0.3552
vn 0.7092 -0.5494 0.4417
vn 0.8321 -0.4337 0.3458
vn 0.8247 -0.3891 0.4105
vn 0.8468 -0.4575 0.2714
vn 0.9147 -0.3012 0.2694
vn 0.9078 -0.2684 0.3222
vn 0.8942 -0.2523 0.3697
vn 0.9534 -0.0947 0.2864
vn 0.9478 -0.0794 0.3087
vn 0.9601 -0.1015 0.2607
vn 0.9659 -0.0144 0.2587
vn 0.9629 -0.0026 0.2700
vn 0.9583 -0.0032 0.2858
vn 0.5531 -0.8186 -0.1545
vn 0.5537 -0.8324 -0.0217
vn 0.5652 -0.7706 -0.2944
vn 0.7490 -0.6318 -0.1995
vn 0.7451 -0.6634 -0.0684
vn 0.7280 -0.6848 0.0330
vn 0.8851 -0.4646 0.0280
vn 0.8753 -0.4704 0.1122
vn 0.8988 -0.4338 -0.0627
vn 0.9597 -0.2796 0.0292
vn 0.9521 -0.2877 0.1038
vn 0.9382 -0.3095 0.1549
vn 0.9806 -0.0972 0.1703
vn 0.9736 -0.1061 0.2021
vn 0.9860 -0.0832 0.1445
vn 0.9818 -0.0046 0.1897
vn 0.9788 -0.0043 0.2049
vn 0.9749 -0.0208 0.2216
vn 0.5593 -0.5160 -0.6487
vn 0.5657 -0.6187 -0.5451
vn 0.5597 -0.4189 -0.7150
vn 0.7549 -0.3374 -0.5624
vn 0.7642 -0.4142 -0.4945
vn 0.7589 -0.5041 -0.4123
vn 0.9106 -0.2846 -0.2996
vn 0.9132 -0.3400 -0.2247
vn 0.9095 -0.2233 -0.3507
vn 0.9755 -0.1277 -0.1792
vn 0.9780 -0.1658 -0.1266
vn 0.9730 -0.2132 -0.0882
vn 0.9980 -0.0368 0.0508
vn 0.9950 -0.0579 0.0816
vn 0.9994 -0.0130 0.0314
vn 0.9919 0.0393 0.1210
vn 0.9896 0.0289 0.1412
vn 0.9884 0.0085 0.1514
vn 0.5493 -0.1091 -0.8285
vn 0.5491 -0.2149 -0.8076
vn 0.5631 0.0022 -0.8264
vn 0.7475 0.0295 -0.6636
vn 0.7512 -0.0637 -0.6570
vn 0.7474 -0.1604 -0.6447
vn 0.8990 -0.0173 -0.4375
vn 0.9047 -0.0874 -0.4169
vn 0.8968 0.0578 -0.4387
vn 0.9675 0.0721 -0.2424
vn 0.9737 0.0228 -0.2267
vn 0.9733 -0.0292 -0.2275
vn 0.9979 0.0643 -0.0046
vn 0.9993 0.0369 0.0016
vn 0.9964 0.0843 -0.0026
vn 0.9909 0.0871 0.1022
vn 0.9906 0.0817 0.1096
vn 0.9924 0.0681 0.1023
vn 0.5721 0.1132 -0.8123
vn 0.7545 0.1287 -0.6436
vn 0.8904 0.1326 -0.4353
vn 0.9663 0.1235 -0.2258
vn 0.9946 0.1040 -0.0054
vn 0.9899 0.0902 0.1094
vn 0.5949 0.5481 -0.5879
vn 0.7312 0.5072 -0.4562
vn 0.8500 0.4271 -0.3084
vn 0.9340 0.3262 -0.1458
vn 0.9757 0.2185 0.0193
vn 0.9798 0.1493 0.1329
vn 0.6999 0.6656 -0.2590
vn 0.8262 0.5442 -0.1457
vn 0.8879 0.4598 -0.0178
vn 0.9014 0.4231 0.0920
vn 0.9093 0.3648 0.2001
vn 0.9470 0.1735 0.2703
vn 0.6608 0.7235 0.1998
vn 0.8083 0.5551 0.1964
vn 0.8956 0.3893 0.2154
vn 0.9139 0.3317 0.2342
vn 0.9263 0.2902 0.2402
vn 0.9640 0.1522 0.2181
vn 0.5505 0.5716 0.6084
vn 0.7269 0.4434 0.5245
vn 0.8555 0.3211 0.4062
vn 0.8801 0.3185 0.3521
vn 0.9023 0.3191 0.2900
vn 0.9653 0.1693 0.1987
vn 0.4935 0.2823 0.8226
vn 0.6354 0.2460 0.7319
vn 0.7604 0.2083 0.6152
vn 0.8455 0.1728 0.5053
vn 0.9104 0.1186 0.3963
vn 0.9432 0.0864 0.3208
vn 0.4969 0.0217 0.8675
vn 0.6415 0.0402 0.7661
vn 0.7553 0.0578 0.6528
vn 0.8458 0.0741 0.5283
vn 0.9167 0.0882 0.3897
vn 0.9424 0.0964 0.3202
vn 0.5307 -0.2200 0.8185
vn 0.6596 -0.1660 0.7331
vn 0.7644 -0.1121 0.6349
vn 0.8549 -0.0610 0.5153
vn 0.9238 -0.0174 0.3826
vn 0.9559 0.0215 0.2930
vn 0.5817 -0.5896 0.5604
vn 0.7077 -0.4736 0.5243
vn 0.8120 -0.3432 0.4721
vn 0.8898 -0.2057 0.4074
vn 0.9415 -0.0637 0.3309
vn 0.9573 0.0119 0.2888
vn 0.5542 -0.8246 0.1132
vn 0.7261 -0.6685 0.1606
vn 0.8582 -0.4749 0.1948
vn 0.9297 -0.2975 0.2172
vn 0.9658 -0.1095 0.2350
vn 0.9700 -0.0109 0.2429
vn 0.5616 -0.7076 -0.4289
vn 0.7623 -0.5730 -0.3010
vn 0.9060 -0.3954 -0.1510
vn 0.9708 -0.2389 -0.0210
vn 0.9905 -0.0753 0.1152
vn 0.9838 0.0053 0.1790
vn 0.5494 -0.3170 -0.7731
vn 0.7556 -0.2477 -0.6063
vn 0.9051 -0.1575 -0.3950
vn 0.9775 -0.0740 -0.1974
vn 0.9999 0.0106 0.0115
vn 0.9914 0.0551 0.1185
vn 0.9676 0.0927 0.2348
vn -0.0000 0.4957 -0.8685
vn -0.0000 0.9931 0.1175
vn -0.0000 -0.0000 1.0000
vn 0.9260 0.2986 0.2311
vn 0.9197 0.3061 0.2459
vn 0.9721 0.1763 0.1545
vn 0.9721 0.1793 0.1513
vn 0.9137 0.3050 0.2686
vn 0.9707 0.1669 0.1729
vn 0.9936 0.0580 0.0966
vn 0.9946 0.0678 0.0781
vn 0.9950 0.0670 0.0739
vn 0.8994 0.3627 0.2438
vn 0.7895 0.5281 0.3127
vn 0.7986 0.5069 0.3244
vn 0.8977 0.3452 0.2740
vn 0.5567 0.7319 0.3930
vn 0.5535 0.7376 0.3869
vn 0.5573 0.6096 0.5638
vn 0.7913 0.3741 0.4837
vn 0.8728 0.2523 0.4179
vn -0.0191 0.9654 0.2602
vn -0.0187 0.9654 0.2601
vn -0.0228 0.9602 0.2782
vn -0.0231 0.9602 0.2785
vn -0.0158 0.9980 0.0617
vn -0.0277 0.9957 0.0885
vn -0.0000 0.9945 0.1047
vn -0.0000 0.9575 0.2885
vn -0.0000 0.9575 0.2884
vn 0.1776 0.7797 0.6005
vn 0.1503 0.9022 0.4043
vn 0.0564 0.9147 0.4001
vn 0.0821 0.7969 0.5985
vn 0.1536 0.8890 0.4314
vn 0.0601 0.9014 0.4287
vn 0.0572 0.9020 0.4279
vn 0.0535 0.9145 0.4010
vn 0.0746 0.7957 0.6011
vn 0.2425 0.8811 0.4061
vn 0.2415 0.8699 0.4301
vn 0.2692 0.7522 0.6014
vn 0.9786 0.1093 0.1744
vn 0.9849 0.1342 0.1093
vn 0.9758 0.1840 0.1185
vn 0.9706 0.1569 0.1827
vn 0.9722 0.2031 -0.1168
vn 0.9602 0.2614 -0.0986
vn 0.9483 0.3013 -0.0992
vn 0.9716 0.2021 0.1228
vn 0.9685 0.1731 0.1789
vn -0.0000 -0.8972 0.4417
vn 0.0632 -0.9084 0.4133
vn 0.0615 -0.7618 0.6449
vn -0.0000 -0.7392 0.6735
vn 0.1727 -0.9452 0.2771
vn 0.1444 -0.7427 0.6538
vn 0.1504 -0.7570 0.6359
vn 0.1399 -0.4560 0.8789
vn 0.0553 -0.4710 0.8804
vn -0.0000 -0.4587 0.8886
vn 0.3258 -0.2538 0.9107
vn 0.3295 -0.2131 0.9198
vn 0.2358 0.2083 0.9492
vn 0.1994 0.2843 0.9378
vn 0.4512 -0.0537 0.8908
vn 0.2872 0.3683 0.8842
vn 0.1779 0.3733 0.9105
vn 0.2087 0.2489 0.9458
vn 0.1356 0.1791 0.9744
vn 0.1701 0.0079 0.9854
vn 0.1738 -0.0048 0.9848
vn 0.0952 -0.0691 0.9931
vn 0.1059 -0.0276 0.9940
vn 0.1374 0.1708 0.9757
vn 0.1398 -0.4154 0.8988
vn 0.1737 -0.0048 0.9848
vn 0.2226 -0.3876 0.8945
vn 0.1774 -0.0175 0.9840
vn 0.2336 0.1417 0.9619
vn 0.1774 -0.0176 0.9840
vn 0.2364 0.1418 0.9612
vn 0.5611 0.8001 -0.2122
vn 0.4614 0.8871 0.0159
vn 0.6522 0.7314 0.1992
vn 0.7653 0.6400 0.0690
vn 0.3809 0.9125 0.1490
vn 0.4964 0.7994 0.3384
vn 0.5168 0.7472 0.4179
vn 0.6669 0.6765 0.3123
vn 0.7917 0.5825 0.1840
vn 0.4628 0.7157 0.5230
vn 0.6376 0.6287 0.4453
vn 0.6626 0.6167 0.4250
vn 0.4862 0.7039 0.5178
vn 0.7747 0.5276 0.3485
vn 0.7884 0.5262 0.3187
vn 0.0180 -0.9443 -0.3287
vn 0.0210 -0.9497 -0.3125
vn 0.0218 -0.9497 -0.3125
vn 0.0184 -0.9440 -0.3295
vn 0.0750 -0.9504 -0.3018
vn 0.0798 -0.9501 -0.3016
vn 0.0799 -0.9965 -0.0227
vn 0.0223 -0.9993 -0.0286
vn 0.0189 -0.9990 -0.0396
vn 0.1795 0.2027 0.9626
vn 0.2621 0.1627 0.9512
vn 0.2589 0.1639 0.9519
vn 0.1940 0.1965 0.9611
vn 0.4127 0.0246 0.9105
vn 0.4060 0.0305 0.9134
vn 0.4177 0.0191 0.9084
vn 0.2557 0.1652 0.9525
vn 0.2082 0.1904 0.9594
vn 0.4777 -0.7321 -0.4856
vn 0.5787 -0.6580 -0.4818
vn 0.5889 -0.6657 -0.4584
vn 0.5441 -0.6951 -0.4699
vn 0.7804 -0.4982 -0.3778
vn 0.7831 -0.5137 -0.3505
vn 0.7758 -0.5217 -0.3549
vn 0.2607 -0.3068 0.9154
vn 0.2559 -0.3154 0.9138
vn 0.2747 -0.2875 0.9175
vn 0.2755 -0.2878 0.9172
vn 0.3897 -0.2884 0.8746
vn 0.4210 -0.2603 0.8689
vn 0.4386 -0.2395 0.8662
vn 0.2963 -0.2713 0.9157
vn 0.2976 -0.2725 0.9150
vn 0.4075 -0.2958 0.8640
vn 0.4149 -0.2849 0.8641
vn 0.3955 -0.3130 0.8635
vn 0.3957 -0.3123 0.8636
vn 0.4220 -0.2746 0.8640
vn 0.3952 -0.3137 0.8633
vn 0.3263 -0.4191 0.8473
vn 0.3161 -0.4335 0.8439
vn 0.2984 -0.4581 0.8373
vn 0.5477 -0.6740 -0.4958
vn 0.4053 -0.7102 -0.5757
vn 0.5589 -0.6393 -0.5281
vn 0.6637 -0.5807 -0.4715
vn 0.3977 -0.7168 -0.5727
vn 0.4508 -0.6943 -0.5610
vn 0.5219 -0.6711 -0.5266
vn 0.6464 -0.6169 -0.4490
vn 0.8505 -0.4484 -0.2750
vn 0.8943 -0.0895 0.4385
vn 0.9619 -0.0091 0.2733
vn 0.9779 0.0155 0.2084
vn 0.9703 -0.0096 0.2417
vn 0.9751 0.0152 0.2214
vn 0.9834 0.0413 0.1766
vn 0.9884 0.1199 -0.0933
vn 0.9892 0.0374 0.1415
vn 0.9799 0.0147 0.1990
vn 0.9882 0.0409 0.1478
vn 0.9882 0.0484 0.1454
vn 0.9915 0.1182 -0.0551
vn 0.9889 0.1265 -0.0784
vn 0.5087 -0.6733 -0.5365
vn 0.6556 -0.6043 -0.4529
vn 0.6687 -0.5989 -0.4405
vn 0.5062 -0.6813 -0.5288
vn 0.6475 -0.6144 -0.4509
vn 0.8375 -0.4685 -0.2812
vn 0.8482 -0.4563 -0.2689
vn 0.6817 -0.5934 -0.4280
vn 0.2670 0.7738 0.5744
vn 0.2630 0.7829 0.5639
vn 0.4459 0.7240 0.5264
vn 0.2669 0.7711 0.5781
vn 0.2630 0.7830 0.5637
vn 0.2639 0.7813 0.5655
vn 0.2647 0.7810 0.5656
vn 0.4349 0.7271 0.5312
vn 0.3088 0.7132 0.6292
vn 0.2917 0.6984 0.6536
vn 0.4031 0.6574 0.6367
vn 0.4406 0.6625 0.6057
vn 0.2848 0.6821 0.6736
vn 0.3772 0.6498 0.6599
vn 0.5586 0.5599 0.6119
vn 0.5885 0.5599 0.5833
vn 0.6260 0.5564 0.5464
vn 0.9821 0.0482 0.1818
vn 0.9917 0.0734 0.1053
vn 0.9914 0.0839 0.1007
vn 0.9830 0.0591 0.1736
vn 0.9814 0.1363 -0.1350
vn 0.9808 0.1449 -0.1307
vn 0.2787 0.5824 0.7636
vn 0.5336 0.4263 0.7304
vn 0.1920 0.6126 0.7667
vn 0.1755 0.6177 0.7666
vn 0.2788 0.5825 0.7635
vn 0.5082 0.4452 0.7372
vn 0.1032 -0.9436 -0.3146
vn 0.1093 -0.9561 -0.2719
vn 0.0669 -0.9605 -0.2702
vn 0.0650 -0.9492 -0.3080
vn 0.1196 -0.9784 -0.1683
vn 0.0739 -0.9846 -0.1583
vn -0.0000 -0.9910 -0.1338
vn -0.0000 -0.9691 -0.2465
vn -0.0000 -0.9580 -0.2868
vn 0.0768 -0.9497 0.3035
vn 0.1072 -0.9331 0.3431
vn 0.0963 -0.8827 0.4600
vn 0.0961 -0.8823 0.4609
vn 0.3404 -0.8529 0.3959
vn 0.2786 -0.8001 0.5312
vn 0.2618 -0.8095 0.5255
vn 0.0959 -0.8827 0.4601
vn 0.0958 -0.8823 0.4607
vn 0.9345 0.1978 -0.2959
vn 0.9225 0.1910 -0.3354
vn 0.9464 0.1927 -0.2591
vn 0.9465 0.1942 -0.2576
vn 0.9351 0.1983 -0.2938
vn 0.9226 0.1927 -0.3341
vn 0.0181 -0.9617 0.2734
vn 0.0148 -0.9452 0.3262
vn 0.0164 -0.9806 0.1952
vn 0.0203 -0.9805 0.1953
vn -0.0000 -0.9446 0.3283
vn -0.0000 -0.9806 0.1958
vn -0.0000 -0.9750 0.2223
vn 0.0161 -0.9747 0.2230
vn 0.0194 -0.9741 0.2253
vn 0.0622 -0.2519 -0.9657
vn 0.0564 -0.4420 -0.8952
vn 0.0483 -0.4305 -0.9013
vn 0.0514 -0.2422 -0.9689
vn 0.0571 -0.4848 -0.8727
vn 0.0479 -0.4749 -0.8787
vn 0.0207 -0.4678 -0.8836
vn 0.0195 -0.4220 -0.9064
vn 0.0189 -0.2275 -0.9736
vn 0.0689 0.2130 -0.9746
vn 0.0521 0.2172 -0.9747
vn 0.0483 0.4631 -0.8850
vn 0.0656 0.4633 -0.8838
vn 0.0133 0.2254 -0.9742
vn 0.0093 0.4636 -0.8860
vn 0.0097 0.4175 -0.9086
vn 0.0489 0.4175 -0.9074
vn 0.0661 0.4177 -0.9062
vn 0.0515 0.8021 0.5949
vn 0.0449 0.9130 0.4056
vn 0.0391 0.9113 0.4099
vn 0.0379 0.8003 0.5985
vn 0.0489 0.9010 0.4311
vn 0.0433 0.8999 0.4339
vn -0.0000 0.9004 0.4351
vn -0.0000 0.9108 0.4128
vn -0.0000 0.7963 0.6049
vn 0.8125 -0.4975 -0.3038
vn 0.6484 -0.6276 -0.4309
vn 0.6394 -0.6397 -0.4266
vn 0.6449 -0.6360 -0.4238
vn 0.5274 -0.6890 -0.4971
vn 0.5295 -0.6962 -0.4847
vn 0.5363 -0.6953 -0.4784
vn 0.6482 -0.6355 -0.4194
vn 0.6503 -0.6323 -0.4211
vn 0.8055 -0.5093 -0.3031
vn 0.8064 -0.5071 -0.3042
vn 0.2845 0.6065 -0.7424
vn 0.2806 0.6127 -0.7388
vn 0.3051 0.5648 -0.7668
vn 0.3052 0.5642 -0.7672
vn 0.4127 0.6256 -0.6620
vn 0.4423 0.5644 -0.6970
vn 0.4453 0.5526 -0.7045
vn 0.3080 0.5525 -0.7745
vn 0.3089 0.5502 -0.7758
vn 0.6828 0.5524 0.4782
vn 0.6588 0.5552 0.5077
vn 0.8043 0.4199 0.4204
vn 0.8187 0.4187 0.3930
vn 0.7818 0.4229 0.4583
vn 0.8922 0.2821 0.3527
vn 0.8982 0.2894 0.3309
vn 0.9055 0.2919 0.3079
vn 0.2087 0.2421 0.9475
vn 0.1961 0.2468 0.9490
vn 0.2628 0.2175 0.9400
vn 0.2609 0.2180 0.9404
vn 0.1934 0.1741 0.9655
vn 0.2548 0.1387 0.9570
vn 0.3997 0.0262 0.9163
vn 0.4248 0.0978 0.9000
vn 0.4367 0.0885 0.8952
vn 0.5313 -0.1794 0.8280
vn 0.4923 -0.1151 0.8628
vn 0.4154 -0.2093 0.8853
vn 0.4118 -0.2583 0.8739
vn 0.3431 -0.0695 0.9367
vn 0.3408 -0.0654 0.9379
vn 0.4222 -0.2229 0.8787
vn 0.4156 -0.2653 0.8700
vn 0.0680 -0.9688 0.2383
vn 0.1108 -0.9628 0.2464
vn 0.1146 -0.9686 0.2204
vn 0.0695 -0.9755 0.2087
vn 0.3866 -0.8753 0.2903
vn 0.3709 -0.8850 0.2813
vn -0.0141 0.9690 0.2466
vn -0.0033 0.9987 0.0518
vn -0.0143 0.9690 0.2468
vn -0.0157 0.9717 0.2356
vn -0.0155 0.9718 0.2352
vn -0.0014 0.9993 0.0360
vn 0.1274 0.2688 0.9547
vn 0.1265 0.1974 0.9721
vn 0.1293 0.2689 0.9544
vn 0.1125 0.2636 0.9580
vn 0.1090 0.2637 0.9584
vn 0.1086 0.1888 0.9760
vn 0.6530 0.5333 -0.5377
vn 0.8948 0.4095 -0.1781
vn 0.9115 0.2858 -0.2958
vn 0.6788 0.3561 -0.6422
vn 0.9291 0.3675 -0.0404
vn 0.9579 0.2580 -0.1259
vn 0.9699 0.1745 -0.1699
vn 0.9093 0.2377 -0.3415
vn 0.6983 0.3488 -0.6251
vn 0.9613 0.0113 0.2753
vn 0.9598 -0.0436 0.2772
vn 0.9304 -0.1951 0.3102
vn 0.9593 -0.0859 0.2688
vn 0.9202 -0.2585 0.2939
vn 0.8744 -0.3576 0.3280
vn 0.6086 -0.7719 0.1840
vn 0.8288 -0.5279 0.1856
vn 0.9102 -0.3843 0.1545
vn 0.9748 0.0491 0.2176
vn 0.9459 0.1185 0.3020
vn 0.9659 0.0470 0.2546
vn 0.9810 -0.0187 0.1930
vn 0.8563 0.2915 0.4262
vn 0.9586 0.0872 0.2712
vn 0.9686 0.0508 0.2433
vn 0.9806 0.0071 0.1959
vn 0.9872 -0.1499 0.0551
vn 0.1348 -0.9476 -0.2895
vn 0.1375 -0.9475 -0.2888
vn 0.4085 -0.8536 -0.3234
vn 0.4706 -0.8185 -0.3296
vn 0.4723 -0.8804 -0.0417
vn 0.1301 -0.9915 -0.0081
vn 0.6257 0.3334 -0.7053
vn 0.5844 0.3238 -0.7440
vn 0.7343 0.2931 -0.6122
vn 0.7781 0.2924 -0.5559
vn 0.5509 0.2916 -0.7820
vn 0.6910 0.2721 -0.6697
vn 0.6922 0.2723 -0.6683
vn 0.7377 0.2901 -0.6096
vn 0.7817 0.2915 -0.5514
vn 0.0323 0.9203 -0.3898
vn 0.0144 0.9868 -0.1614
vn 0.0220 0.9816 -0.1899
vn 0.0441 0.9080 -0.4166
vn 0.0012 0.9998 0.0176
vn 0.0867 0.9961 0.0137
vn 0.1238 0.9749 -0.1852
vn 0.1620 0.8927 -0.4204
vn 0.0361 -0.8086 0.5872
vn 0.0737 -0.7218 0.6881
vn 0.0777 -0.7205 0.6891
vn 0.0421 -0.7501 0.6600
vn 0.1954 -0.6327 0.7493
vn 0.1743 -0.6494 0.7402
vn 0.1504 -0.6065 0.7807
vn 0.0726 -0.6672 0.7413
vn 0.0449 -0.6981 0.7146
vn 0.9323 -0.0547 -0.3575
vn 0.9697 -0.1339 -0.2042
vn 0.9177 -0.2742 -0.2873
vn 0.8793 -0.2220 -0.4215
vn 0.9720 -0.1612 -0.1710
vn 0.9182 -0.3034 -0.2545
vn 0.7732 -0.4832 -0.4108
vn 0.7657 -0.4137 -0.4924
vn 0.3175 0.5736 -0.7551
vn 0.3001 0.7464 -0.5941
vn 0.6278 0.6906 -0.3591
vn 0.1973 0.5853 -0.7864
vn 0.1833 0.7627 -0.6202
vn 0.2710 0.8799 -0.3902
vn 0.1428 -0.9827 0.1181
vn 0.2006 -0.9725 0.1188
vn 0.2192 -0.9335 0.2838
vn 0.1535 -0.9463 0.2845
vn 0.2417 -0.9646 0.1053
vn 0.2771 -0.9116 0.3038
vn 0.2729 -0.9359 0.2228
vn 0.2127 -0.9535 0.2135
vn 0.1013 -0.9797 0.1727
vn 0.7192 0.0095 -0.6947
vn 0.7250 0.0230 -0.6884
vn 0.7990 0.2969 -0.5230
vn 0.7994 0.2943 -0.5237
vn 0.6237 0.1025 -0.7749
vn 0.6455 0.3449 -0.6814
vn 0.0467 -0.5181 -0.8540
vn 0.0201 -0.5141 -0.8575
vn 0.0559 -0.5259 -0.8487
vn 0.0546 -0.5249 -0.8494
vn 0.0468 -0.5179 -0.8541
vn 0.0176 -0.5139 -0.8577
vn 0.2594 0.6601 -0.7050
vn 0.3471 0.6963 -0.6283
vn 0.2621 0.6564 -0.7075
vn 0.1324 0.7659 -0.6292
vn 0.1452 0.7574 -0.6366
vn 0.2297 0.7986 -0.5563
vn 0.2269 -0.5478 0.8053
vn 0.2295 -0.5449 0.8065
vn 0.1448 -0.6280 0.7646
vn 0.1529 -0.6200 0.7695
vn 0.1762 -0.5978 0.7821
vn 0.2321 -0.5421 0.8076
vn 0.9097 0.2990 0.2883
vn 0.8224 0.4292 0.3734
vn 0.8267 0.4349 0.3570
vn 0.7023 0.5582 0.4419
vn 0.6930 0.5594 0.4548
vn 0.8427 -0.0421 0.5367
vn 0.8340 -0.0137 0.5516
vn 0.8342 -0.0139 0.5513
vn 0.8421 -0.0405 0.5377
vn 0.8417 -0.0459 0.5380
vn 0.8420 -0.0483 0.5373
vn 0.9198 0.0166 0.3921
vn 0.9126 0.0575 0.4047
vn 0.9208 0.0547 0.3863
vn -0.0000 0.1595 0.9872
vn 0.0203 0.1689 0.9854
vn 0.0230 0.1688 0.9854
vn 0.0176 0.1689 0.9855
vn 0.0511 0.1854 0.9813
vn 0.0547 0.1855 0.9811
vn 0.0580 0.1856 0.9809
vn 0.1626 0.3584 0.9193
vn 0.2229 0.3329 0.9163
vn 0.1748 0.6161 0.7680
vn 0.2178 0.4311 0.8756
vn 0.2025 0.2436 0.9485
vn 0.2308 0.1415 0.9627
vn 0.8080 -0.1081 0.5792
vn 0.8007 -0.1301 0.5848
vn 0.8013 -0.1300 0.5840
vn 0.8066 -0.1107 0.5806
vn 0.8002 -0.1407 0.5830
vn 0.7976 -0.1498 0.5843
vn 0.8972 -0.0742 0.4353
vn 0.8977 -0.0603 0.4365
vn 0.5037 -0.2724 0.8198
vn 0.5121 -0.2597 0.8187
vn 0.4942 -0.2888 0.8200
vn 0.4939 -0.2879 0.8205
vn 0.3709 -0.3185 0.8723
vn 0.3315 -0.4184 0.8456
vn 0.3884 -0.4354 0.8121
vn 0.4936 -0.2870 0.8209
vn 0.3544 -0.4771 0.8043
vn 0.0101 0.8773 -0.4798
vn 0.0615 0.8763 -0.4778
vn 0.0498 0.8789 -0.4744
vn -0.0097 0.8805 -0.4739
vn 0.2237 0.8064 -0.5474
vn 0.2185 0.8091 -0.5456
vn 0.2204 0.8075 -0.5472
vn 0.0380 0.8814 -0.4709
vn -0.0278 0.8832 -0.4683
vn 0.4736 -0.7314 -0.4907
vn 0.5981 -0.6691 -0.4411
vn 0.6154 -0.6674 -0.4193
vn 0.4834 -0.7345 -0.4762
vn 0.7687 -0.5408 -0.3415
vn 0.7796 -0.5405 -0.3164
vn 0.7964 -0.5220 -0.3055
vn 0.6338 -0.6513 -0.4173
vn 0.5011 -0.7200 -0.4801
vn 0.7763 -0.4317 0.4594
vn 0.8437 -0.4191 0.3355
vn 0.9539 -0.0376 0.2976
vn 0.8866 -0.1071 0.4499
vn 0.8817 -0.3815 0.2776
vn 0.9743 -0.0018 0.2251
vn 0.3190 0.8252 0.4661
vn 0.3043 0.7935 0.5270
vn 0.2228 0.9159 0.3340
vn 0.2091 0.9240 0.3203
vn 0.3219 0.8194 0.4744
vn 0.3065 0.7830 0.5413
vn 0.5667 -0.2076 0.7974
vn 0.5702 -0.2041 0.7957
vn 0.5576 -0.2269 0.7985
vn 0.5436 -0.2285 0.8076
vn 0.5295 -0.2301 0.8165
vn 0.1698 0.1044 0.9799
vn 0.1858 0.0956 0.9779
vn 0.1253 0.1245 0.9843
vn 0.1238 0.1238 0.9846
vn 0.1070 0.1130 0.9878
vn 0.1031 0.1124 0.9883
vn 0.1397 -0.4156 0.8988
vn 0.0388 -0.0204 0.9990
vn 0.0556 -0.4140 0.9086
vn 0.0145 0.4176 0.9085
vn 0.0400 -0.0468 0.9981
vn -0.0000 0.0223 0.9998
vn -0.0000 -0.3865 0.9223
vn 0.3226 0.3682 -0.8720
vn 0.2048 0.3728 -0.9050
vn 0.3282 0.4106 -0.8507
vn 0.2101 0.4167 -0.8844
vn 0.4824 0.6636 0.5718
vn 0.3390 0.7226 0.6025
vn 0.5173 0.6613 0.5432
vn 0.3695 0.7271 0.5786
vn 0.2720 0.6672 0.6934
vn 0.3606 0.6375 0.6808
vn 0.2580 0.6789 0.6874
vn 0.3495 0.6486 0.6762
vn 0.5326 0.5645 0.6306
vn 0.5443 0.5502 0.6333
vn 0.1631 -0.9268 -0.3384
vn 0.1420 -0.9054 -0.4001
vn 0.1654 -0.8948 -0.4147
vn 0.1834 -0.9182 -0.3512
vn 0.1407 -0.9060 -0.3992
vn 0.1661 -0.8946 -0.4149
vn 0.2525 -0.8348 -0.4893
vn 0.2466 -0.8393 -0.4846
vn 0.3418 -0.8531 -0.3942
vn 0.1880 -0.3045 -0.9338
vn 0.2424 -0.2153 -0.9460
vn 0.1098 -0.4264 -0.8978
vn 0.1068 -0.4213 -0.9006
vn 0.3157 -0.3185 -0.8938
vn 0.1185 -0.5189 -0.8466
vn 0.0693 -0.5322 -0.8438
vn 0.0562 -0.4453 -0.8936
vn 0.1037 -0.4162 -0.9034
vn 0.0355 -0.4574 -0.8886
vn 0.3274 0.5172 0.7907
vn 0.2496 0.5927 0.7658
vn 0.5334 0.2717 0.8010
vn 0.5791 0.3686 0.7271
vn 0.3344 0.5954 0.7305
vn 0.2657 0.6338 0.7264
vn 0.0213 -0.8969 0.4417
vn 0.0213 -0.8979 0.4396
vn 0.0210 -0.8978 0.4400
vn 0.0207 -0.8969 0.4418
vn 0.0213 -0.8986 0.4382
vn 0.0214 -0.8988 0.4378
vn 0.0412 -0.7913 0.6101
vn 0.0187 -0.8207 0.5710
vn 0.0150 -0.7823 0.6227
vn 0.2232 0.9610 -0.1635
vn 0.1676 0.9854 0.0290
vn 0.0352 -0.6730 0.7388
vn 0.0130 -0.6574 0.7534
vn 0.0181 -0.6905 0.7231
vn 0.0072 -0.6513 0.7588
vn 0.0084 -0.6522 0.7580
vn 0.0134 -0.7012 0.7129
vn 0.1014 -0.5705 0.8150
vn 0.0777 -0.6145 0.7851
vn 0.0704 -0.6130 0.7869
vn 0.0416 -0.6620 0.7483
vn 0.0631 -0.6115 0.7887
vn 0.1097 -0.5538 0.8254
vn 0.4379 -0.2544 0.8623
vn 0.4390 -0.2555 0.8614
vn 0.4594 -0.2336 0.8569
vn 0.4614 -0.2342 0.8557
vn 0.4632 -0.2369 0.8540
vn 0.4403 -0.2566 0.8604
vn 0.1104 -0.0793 0.9907
vn 0.0422 -0.1181 0.9921
vn -0.0000 0.4720 0.8816
vn -0.0000 -0.1093 0.9940
vn -0.0000 -0.1092 0.9940
vn -0.0000 -0.7311 0.6822
vn 0.0082 -0.7383 0.6744
vn 0.0074 -0.7380 0.6748
vn -0.0000 -0.7312 0.6822
vn 0.0286 -0.7794 0.6258
vn 0.0151 -0.7418 0.6705
vn 0.0054 -0.6885 0.7252
vn -0.0000 -0.6794 0.7338
vn 0.0854 0.2215 -0.9714
vn 0.0802 -0.0345 -0.9962
vn 0.0663 -0.0536 -0.9964
vn 0.1983 0.2359 -0.9513
vn 0.1796 -0.0161 -0.9836
vn 0.1576 -0.2351 -0.9591
vn 0.0726 -0.2491 -0.9658
vn 0.9739 -0.2174 -0.0661
vn 0.9745 -0.2172 -0.0559
vn 0.9163 -0.3609 -0.1736
vn 0.9117 -0.3682 -0.1824
vn 0.9759 -0.2120 -0.0510
vn 0.9184 -0.3567 -0.1714
vn 0.8014 -0.5147 -0.3047
vn 0.0545 0.1555 0.9863
vn 0.0571 0.2444 0.9680
vn 0.0232 0.2282 0.9733
vn 0.0183 0.1402 0.9900
vn 0.0594 0.2445 0.9678
vn 0.0251 0.2282 0.9733
vn -0.0000 0.2182 0.9759
vn -0.0000 0.1325 0.9912
vn 0.0496 0.0666 0.9965
vn 0.0518 0.0668 0.9964
vn 0.0146 0.0510 0.9986
vn 0.0140 0.0510 0.9986
vn -0.0000 0.0439 0.9990
vn 0.6317 0.1544 -0.7597
vn 0.3070 0.2244 -0.9249
vn 0.3243 0.4529 -0.8305
vn 0.6706 0.3483 -0.6550
vn 0.2053 0.4604 -0.8636
vn 0.4633 0.4704 -0.7510
vn 0.5969 0.4655 -0.6534
vn 0.6200 0.3979 -0.6762
vn 0.4828 0.4030 -0.7775
vn 0.5958 0.4689 -0.6521
vn 0.6201 0.3976 -0.6763
vn 0.6340 0.3253 -0.7016
vn 0.6335 0.3285 -0.7005
vn 0.4954 0.3352 -0.8014
vn 0.9301 0.0736 0.3599
vn 0.9277 0.0497 0.3700
vn 0.9623 0.1529 0.2251
vn 0.9632 0.1645 0.2127
vn 0.9611 0.1386 0.2388
vn 0.9659 0.1883 0.1777
vn 0.9661 0.1944 0.1699
vn 0.0804 -0.9957 -0.0465
vn -0.0000 -0.9996 -0.0289
vn 0.1285 -0.9901 -0.0571
vn 0.0875 -0.9871 0.1338
vn -0.0000 -0.9870 0.1606
vn 0.9957 -0.0655 0.0647
vn 0.9956 -0.0621 0.0705
vn 0.9967 -0.0638 0.0501
vn 0.9900 0.0474 0.1327
vn 0.9879 0.0428 0.1489
vn 0.9856 0.0345 0.1654
vn 0.0519 0.8879 0.4570
vn 0.0456 0.8879 0.4577
vn 0.0319 0.9696 0.2426
vn 0.0283 0.9718 0.2339
vn -0.0000 0.9702 0.2424
vn -0.0000 0.8888 0.4584
vn 0.0051 0.6159 -0.7878
vn 0.0425 0.6146 -0.7877
vn 0.0493 0.3708 -0.9274
vn 0.0103 0.3702 -0.9289
vn 0.0592 0.6099 -0.7903
vn 0.0668 0.3707 -0.9264
vn 0.3534 0.2662 -0.8968
vn 0.3538 0.2655 -0.8969
vn 0.3699 0.2629 -0.8911
vn 0.3693 0.2640 -0.8910
vn 0.5065 0.2629 -0.8212
vn 0.5233 0.2585 -0.8120
vn 0.3896 0.3020 -0.8701
vn 0.3892 0.3014 -0.8704
vn 0.0935 -0.9273 -0.3625
vn 0.0913 -0.9277 -0.3619
vn 0.0624 -0.9378 -0.3415
vn 0.0626 -0.9376 -0.3419
vn -0.0000 -0.9434 -0.3317
vn 0.3380 -0.8931 -0.2967
vn 0.1950 -0.9385 -0.2849
vn 0.4379 -0.8876 -0.1429
vn 0.2164 -0.9617 -0.1682
vn 0.1822 -0.9672 -0.1770
vn 0.1663 -0.9451 -0.2813
vn 0.5937 -0.2591 0.7619
vn 0.5791 -0.3021 0.7572
vn 0.5789 -0.2977 0.7591
vn 0.5909 -0.2500 0.7670
vn 0.5398 -0.2495 0.8040
vn 0.5389 -0.2470 0.8054
vn 0.5380 -0.2447 0.8067
vn 0.5786 -0.2934 0.7610
vn 0.5892 -0.2434 0.7705
vn 0.1281 -0.9344 -0.3323
vn 0.1372 -0.9488 -0.2847
vn 0.1393 -0.9604 -0.2413
vn 0.4988 -0.2102 0.8408
vn 0.5007 -0.2174 0.8379
vn 0.4971 -0.2029 0.8436
vn 0.5295 -0.2039 0.8234
vn 0.5302 -0.2091 0.8217
vn 0.5310 -0.2130 0.8201
vn 0.1403 0.4187 0.8972
vn 0.0970 0.3450 0.9336
vn 0.2183 0.4362 0.8730
vn 0.1824 0.4887 0.8531
vn 0.6087 -0.6047 -0.5136
vn 0.5340 -0.5735 -0.6212
vn 0.5348 -0.5554 -0.6368
vn 0.4967 -0.6838 -0.5345
vn 0.4262 -0.6531 -0.6260
vn 0.3300 -0.5826 -0.7428
vn 0.3626 -0.5156 -0.7763
vn 0.5353 -0.5369 -0.6520
vn 0.5212 -0.2756 -0.8077
vn 0.6995 -0.3625 -0.6159
vn 0.3250 -0.7563 -0.5678
vn 0.3136 -0.7248 -0.6135
vn 0.3257 -0.7680 -0.5514
vn 0.3151 -0.7291 -0.6075
vn 0.2352 -0.6656 -0.7083
vn 0.2290 -0.6620 -0.7137
vn 0.3719 -0.7778 -0.5067
vn 0.3153 -0.8005 -0.5098
vn 0.3310 -0.7902 -0.5158
vn 0.3757 -0.7654 -0.5225
vn 0.3153 -0.8004 -0.5098
vn 0.3465 -0.7796 -0.5216
vn 0.5189 -0.7155 -0.4678
vn 0.6722 -0.6251 -0.3968
vn 0.6220 -0.6393 -0.4521
vn 0.5681 -0.6499 -0.5049
vn 0.2279 0.3334 0.9148
vn 0.9666 0.0414 0.2528
vn 0.9803 -0.0112 0.1973
vn 0.9823 -0.0149 0.1866
vn 0.9894 -0.1164 0.0870
vn 0.9886 -0.1398 0.0566
vn 0.5198 -0.7052 -0.4821
vn 0.3835 -0.7532 -0.5345
vn 0.3496 -0.7720 -0.5309
vn 0.4119 -0.7421 -0.5287
vn 0.4117 -0.7422 -0.5288
vn 0.3832 -0.7527 -0.5354
vn 0.3496 -0.7718 -0.5312
vn 0.0890 0.9954 0.0353
vn 0.0056 0.9990 0.0443
vn 0.0065 0.9990 0.0442
vn 0.0901 0.9953 0.0351
vn 0.0066 0.9993 0.0365
vn 0.0074 0.9993 0.0363
vn 0.0333 0.9674 0.2510
vn 0.0323 0.9660 0.2566
vn 0.1263 0.9585 0.2556
vn 0.3457 0.2681 -0.8992
vn 0.5005 0.2667 -0.8236
vn 0.3456 0.2683 -0.8992
vn 0.3383 0.3374 -0.8785
vn 0.3387 0.3329 -0.8800
vn 0.4654 -0.7194 -0.5156
vn 0.3262 -0.7696 -0.5490
vn 0.3238 -0.7675 -0.5533
vn 0.4099 -0.7367 -0.5378
vn 0.3263 -0.7696 -0.5488
vn 0.0932 -0.5605 -0.8229
vn 0.0655 -0.5369 -0.8411
vn 0.0647 -0.5381 -0.8404
vn 0.0991 -0.5640 -0.8198
vn 0.0649 -0.4961 -0.8658
vn 0.1114 -0.5133 -0.8510
vn 0.1697 0.6861 0.7074
vn 0.1701 0.6898 0.7037
vn 0.1756 0.7169 0.6747
vn 0.1754 0.7163 0.6753
vn 0.2596 0.6943 0.6712
vn 0.2615 0.6895 0.6754
vn 0.1751 0.7129 0.6790
vn 0.1753 0.7131 0.6788
vn 0.3416 0.6666 0.6625
vn 0.3443 0.6615 0.6662
vn 0.5311 0.5787 0.6189
vn 0.5273 0.5773 0.6234
vn 0.3447 -0.7114 -0.6124
vn 0.3448 -0.7114 -0.6124
vn 0.3426 -0.7179 -0.6060
vn 0.3433 -0.7162 -0.6077
vn 0.4204 -0.7774 -0.4678
vn 0.3171 -0.7709 -0.5525
vn 0.3200 -0.7656 -0.5581
vn 0.6847 -0.3947 0.6127
vn 0.4480 -0.6812 0.5790
vn 0.4482 -0.6810 0.5791
vn 0.6511 -0.4476 0.6130
vn 0.5284 -0.7171 0.4545
vn 0.1804 0.6910 0.6999
vn 0.1642 0.7030 0.6920
vn 0.1919 0.7080 0.6796
vn 0.1921 0.7054 0.6823
vn 0.1790 0.6909 0.7005
vn 0.1638 0.7042 0.6908
vn 0.5643 -0.2469 -0.7878
vn 0.4711 -0.1234 -0.8734
vn 0.5698 -0.2407 -0.7857
vn 0.4147 -0.3920 -0.8212
vn 0.3580 -0.4420 -0.8225
vn 0.4104 -0.7399 -0.5331
vn 0.3958 -0.7330 -0.5533
vn 0.3963 -0.7346 -0.5507
vn 0.4109 -0.7402 -0.5323
vn 0.6416 0.3307 -0.6921
vn 0.6451 0.3300 -0.6892
vn 0.6664 0.3406 -0.6632
vn 0.6661 0.3443 -0.6616
vn 0.6482 0.3290 -0.6868
vn 0.6666 0.3370 -0.6649
vn 0.6070 0.0995 -0.7884
vn 0.6048 0.0939 -0.7908
vn 0.5988 0.0781 -0.7971
vn -0.0111 0.8653 -0.5011
vn 0.0497 0.8646 -0.5000
vn 0.0126 0.8193 -0.5732
vn -0.0450 0.8123 -0.5815
vn 0.0023 0.8195 -0.5731
vn -0.0617 0.8151 -0.5760
vn 0.8591 0.3056 0.4106
vn 0.7486 0.4338 0.5015
vn 0.7191 0.4436 0.5349
vn 0.2442 0.0593 0.9679
vn 0.2453 0.0593 0.9676
vn 0.0810 -0.6155 -0.7839
vn 0.0708 -0.6178 -0.7831
vn 0.1262 -0.6055 -0.7857
vn 0.1265 -0.6055 -0.7858
vn 0.5306 -0.1126 0.8401
vn 0.5167 -0.0965 0.8507
vn 0.5428 -0.1297 0.8298
vn 0.5613 -0.1831 0.8071
vn 0.5521 -0.1696 0.8163
vn 0.5414 -0.1551 0.8263
vn 0.5112 0.3398 -0.7895
vn 0.5116 0.3358 -0.7909
vn 0.5173 0.2667 -0.8132
vn 0.5120 0.3318 -0.7923
vn 0.5172 0.2667 -0.8132
vn 0.5229 0.2613 -0.8114
vn 0.5225 0.2630 -0.8110
vn 0.5222 0.2644 -0.8108
vn -0.0000 0.9448 -0.3278
vn -0.0000 0.9960 -0.0899
vn -0.0309 0.9940 -0.1046
vn -0.0328 0.9386 -0.3435
vn -0.0118 0.9915 -0.1293
vn -0.0058 0.9291 -0.3699
vn -0.0066 -0.5137 -0.8579
vn -0.0081 -0.4685 -0.8834
vn -0.0067 -0.5139 -0.8578
vn -0.0000 -0.5162 -0.8565
vn -0.0000 -0.4723 -0.8814
vn 0.2820 -0.9490 0.1411
vn 0.2395 -0.9697 -0.0487
vn 0.4716 -0.8812 -0.0331
vn 0.1951 -0.9758 -0.0987
vn 0.1694 0.7491 0.6404
vn 0.1804 0.7302 0.6589
vn 0.1792 0.7301 0.6594
vn 0.1696 0.7503 0.6390
vn 0.5006 0.6407 -0.5821
vn 0.5689 0.5510 -0.6105
vn 0.4794 0.6644 -0.5734
vn 0.5686 0.5520 -0.6099
vn 0.5707 0.5443 -0.6148
vn 0.5729 0.5403 -0.6163
vn 0.8024 0.5574 -0.2130
vn 0.6867 0.7120 -0.1465
vn 0.6851 0.7138 -0.1450
vn 0.7893 0.5785 -0.2057
vn 0.4639 0.8834 -0.0672
vn 0.4507 0.8904 -0.0632
vn 0.5182 0.8356 0.1823
vn 0.7605 0.6446 0.0778
vn 0.8640 0.5034 0.0106
vn 0.8959 0.3885 0.2152
vn 0.9665 0.2232 0.1269
vn 0.9417 0.3304 -0.0641
vn 0.9659 0.1968 0.1684
vn 0.9668 0.2218 0.1269
vn 0.9424 0.3280 -0.0654
vn 0.1505 0.8762 0.4578
vn 0.0593 0.8875 0.4570
vn 0.0588 0.8884 0.4552
vn -0.0000 0.6303 -0.7764
vn -0.0321 0.6251 -0.7799
vn -0.0287 0.3684 -0.9292
vn -0.0000 0.3680 -0.9298
vn -0.0295 0.4169 -0.9085
vn -0.0000 0.4178 -0.9085
vn 0.8620 -0.0529 0.5041
vn 0.8717 -0.0170 0.4898
vn 0.8720 -0.0196 0.4890
vn 0.8626 -0.0536 0.5030
vn 0.2483 -0.6990 0.6707
vn 0.2352 -0.7009 0.6733
vn 0.2735 -0.7803 0.5625
vn 0.2357 -0.7019 0.6721
vn 0.9624 -0.0029 0.2715
vn 0.9620 -0.0159 0.2726
vn 0.1090 -0.9560 0.2725
vn 0.0649 -0.9618 0.2658
vn 0.3790 -0.8768 0.2959
vn 0.9920 0.1172 -0.0465
vn 0.9512 0.1931 -0.2405
vn 0.9358 -0.3520 -0.0199
vn 0.9270 -0.2142 -0.3078
vn 0.9079 -0.2772 -0.3146
vn 0.9512 0.1944 -0.2398
vn 0.9660 0.0201 0.2577
vn 0.9637 0.0107 0.2666
vn 0.9811 0.0369 0.1899
vn 0.9164 -0.0317 0.3990
vn 0.9069 -0.0387 0.4196
vn 0.9692 0.0306 0.2446
vn 0.9202 -0.0296 0.3903
vn 0.9668 0.0803 0.2427
vn 0.0149 -0.9680 0.2506
vn 0.0179 -0.9668 0.2551
vn -0.0000 -0.9687 0.2482
vn -0.0000 -0.9981 -0.0624
vn 0.0155 -0.9984 -0.0538
vn 0.0073 0.9999 0.0107
vn 0.0082 1.0000 -0.0026
vn 0.0087 1.0000 -0.0030
vn 0.0080 0.9999 0.0102
vn -0.0000 1.0000 -0.0093
vn -0.0000 1.0000 -0.0094
vn 0.9351 0.3093 0.1729
vn 0.9286 0.2983 0.2208
vn 0.9707 0.1871 0.1510
vn 0.9733 0.2063 0.1004
vn 0.9951 0.0686 0.0714
vn 0.9955 0.0908 0.0266
vn 0.2326 0.7821 0.5782
vn 0.2174 0.7859 0.5789
vn 0.2172 0.7859 0.5789
vn 0.2260 0.7842 0.5778
vn 0.2096 0.7724 0.5995
vn 0.2101 0.7735 0.5980
vn 0.3911 0.7341 0.5551
vn 0.2345 0.7826 0.5767
vn 0.3994 0.7331 0.5505
vn 0.2334 0.7822 0.5776
vn 0.8813 -0.1052 0.4606
vn 0.8694 0.2685 0.4148
vn 0.6947 0.4634 0.5501
vn 0.7261 0.2302 0.6479
vn 0.8664 0.2719 0.4188
vn 0.6868 0.4680 0.5562
vn 0.2523 0.7813 0.5708
vn 0.2524 0.7813 0.5708
vn 0.2587 0.7805 0.5692
vn 0.2504 0.7813 0.5717
vn 0.2519 0.7811 0.5713
vn 0.4177 0.7307 0.5400
vn 0.4241 0.7294 0.5368
vn 0.2650 0.7796 0.5675
vn 0.7264 0.5480 0.4148
vn 0.5852 0.6514 0.4830
vn 0.5781 0.6548 0.4869
vn 0.7409 0.5400 0.3992
vn 0.5918 0.6498 0.4770
vn 0.5711 0.6582 0.4906
vn 0.5621 0.6606 0.4977
vn 0.2322 0.7819 0.5786
vn 0.2323 0.7818 0.5786
vn 0.2418 0.7815 0.5752
vn 0.4077 0.7321 0.5457
vn 0.2513 0.7810 0.5718
vn 0.5530 0.6630 0.5047
vn 0.5474 0.6631 0.5106
vn 0.0769 0.5965 -0.7989
vn 0.0843 0.3702 -0.9251
vn 0.0837 0.4172 -0.9050
vn 0.6211 -0.1751 0.7639
vn 0.6218 -0.1782 0.7626
vn 0.5985 -0.1776 0.7812
vn 0.5966 -0.1742 0.7834
vn 0.5096 -0.2146 0.8332
vn 0.4755 -0.2166 0.8526
vn 0.3811 -0.2789 -0.8815
vn 0.3084 -0.3663 -0.8779
vn 0.4841 -0.1562 -0.8610
vn 0.4932 -0.1430 -0.8581
vn 0.2475 -0.4311 -0.8677
vn 0.4744 -0.1681 -0.8641
vn 0.9389 0.3182 0.1313
vn 0.8870 0.4106 0.2112
vn 0.8781 0.4069 0.2517
vn 0.8788 0.4713 0.0751
vn 0.3314 0.3962 -0.8563
vn 0.3315 0.3962 -0.8563
vn 0.3190 0.4731 -0.8212
vn 0.3196 0.4696 -0.8230
vn 0.3601 -0.8175 0.4495
vn 0.3674 -0.6081 0.7037
vn 0.3645 -0.6013 0.7110
vn 0.6216 -0.5797 0.5268
vn 0.5609 -0.3235 0.7621
vn 0.3615 -0.5945 0.7182
vn 0.8792 0.3714 -0.2984
vn 0.8681 0.4169 -0.2693
vn 0.8686 0.4168 -0.2679
vn 0.8785 0.3740 -0.2973
vn 0.8729 0.4163 -0.2547
vn 0.8728 0.4170 -0.2537
vn 0.9424 0.3270 -0.0712
vn 0.3323 -0.7706 -0.5438
vn 0.3324 -0.7703 -0.5442
vn 0.4692 -0.7246 -0.5049
vn 0.3372 -0.7770 -0.5316
vn 0.3372 -0.7768 -0.5318
vn -0.0460 0.8779 -0.4767
vn -0.0555 0.8870 -0.4585
vn -0.0571 0.8870 -0.4582
vn -0.0479 0.8780 -0.4762
vn -0.0527 0.8978 -0.4373
vn -0.0570 0.8976 -0.4370
vn -0.0746 0.8524 -0.5175
vn -0.0694 0.8405 -0.5373
vn -0.0580 0.8319 -0.5518
vn 0.6860 0.0006 0.7276
vn 0.6958 -0.0061 0.7182
vn 0.7930 -0.3510 0.4979
vn 0.7055 -0.0127 0.7086
vn 0.8587 0.2818 0.4280
vn 0.6868 0.4665 0.5574
vn 0.8526 0.2832 0.4391
vn 0.6946 0.4534 0.5585
vn 0.5267 0.5738 0.6271
vn 0.8517 0.2834 0.4408
vn 0.7047 0.4381 0.5581
vn 0.2018 -0.4170 0.8862
vn 0.1550 -0.4957 0.8545
vn 0.1572 -0.4929 0.8558
vn 0.2005 -0.4195 0.8853
vn 0.2149 -0.5316 0.8193
vn 0.9747 -0.1904 -0.1169
vn 0.9719 -0.2035 -0.1185
vn 0.9041 -0.3596 -0.2309
vn 0.9151 -0.3374 -0.2209
vn 0.9694 -0.2215 -0.1060
vn 0.8969 -0.3825 -0.2219
vn 0.7730 -0.5265 -0.3539
vn 0.7893 0.5378 0.2962
vn 0.5449 0.7381 0.3980
vn -0.0333 0.8268 -0.5616
vn -0.0005 0.8145 -0.5801
vn -0.0000 0.8356 -0.5493
vn 0.3454 -0.7203 -0.6016
vn 0.3547 -0.7248 -0.5906
vn 0.3460 -0.7206 -0.6009
vn 0.3553 -0.7263 -0.5884
vn 0.8418 0.4264 0.3310
vn 0.8590 0.4092 0.3078
vn 0.3207 -0.9357 0.1468
vn 0.5550 -0.8120 0.1810
vn 0.2611 -0.9544 0.1448
vn 0.3380 -0.9104 0.2386
vn 0.5829 -0.7652 0.2732
vn 0.1773 -0.9829 -0.0499
vn 0.1696 -0.9769 -0.1303
vn 0.8823 0.0130 -0.4705
vn 0.8216 -0.1621 -0.5465
vn 0.5893 -0.0915 -0.8027
vn 0.2407 -0.3424 0.9082
vn 0.2407 -0.3425 0.9081
vn 0.0078 -0.4577 -0.8891
vn 0.0064 -0.4537 -0.8911
vn 0.0115 -0.5438 -0.8391
vn 0.0090 -0.5115 -0.8592
vn 0.0058 -0.4154 -0.9096
vn 0.0047 -0.4134 -0.9106
vn 0.5842 -0.7961 -0.1575
vn 0.6740 -0.7386 -0.0144
vn 0.7918 -0.5836 -0.1802
vn 0.8632 -0.5045 -0.0201
vn 0.9746 -0.2230 -0.0199
vn 0.9693 -0.2415 -0.0472
vn 0.9879 -0.1459 0.0526
vn 0.9592 -0.2729 -0.0741
vn 0.9565 -0.2797 -0.0823
vn 0.9610 -0.2663 -0.0742
vn 0.9538 -0.2865 -0.0905
vn 0.9529 -0.2896 -0.0904
vn 0.8023 -0.5073 -0.3147
vn 0.9185 -0.3606 -0.1622
vn 0.9365 -0.3271 -0.1264
vn 0.9207 -0.3543 -0.1635
vn 0.9809 -0.1941 -0.0141
vn 0.9829 -0.1835 0.0143
vn 0.9519 -0.2927 -0.0903
vn 0.0582 0.8882 0.4557
vn 0.0344 0.9687 0.2460
vn 0.0546 0.9015 0.4294
vn 0.7423 0.2360 0.6272
vn 0.8181 0.1263 0.5610
vn 0.7406 0.2380 0.6284
vn 0.8195 0.1238 0.5595
vn -0.0721 0.8676 -0.4921
vn -0.0679 0.8561 -0.5123
vn -0.0654 0.8562 -0.5125
vn -0.0671 0.8677 -0.4925
vn -0.0572 0.8469 -0.5286
vn -0.0548 0.8468 -0.5291
vn -0.0524 0.8467 -0.5295
vn -0.0630 0.8563 -0.5127
vn -0.0607 0.8677 -0.4933
vn -0.0000 0.2188 -0.9758
vn -0.0255 0.2236 -0.9743
vn -0.0201 -0.0318 -0.9993
vn -0.0000 -0.0371 -0.9993
vn 0.0163 -0.0291 -0.9994
vn -0.0150 -0.2316 -0.9727
vn -0.0000 -0.2395 -0.9709
vn 0.9768 -0.2090 -0.0466
vn 0.9229 -0.3481 -0.1647
vn 0.9210 -0.3514 -0.1679
vn 0.9192 -0.3547 -0.1710
vn 0.9705 -0.2268 -0.0818
vn 0.9025 -0.3833 -0.1966
vn 0.9306 0.0914 0.3545
vn 0.8724 0.0083 0.4888
vn 0.8726 0.0072 0.4884
vn 0.0507 0.9139 0.4027
vn 0.0647 0.8019 0.5940
vn 0.7222 -0.6915 -0.0181
vn 0.7428 -0.5822 -0.3307
vn 0.7406 -0.5844 -0.3316
vn 0.6434 -0.6405 -0.4193
vn 0.0770 0.6507 0.7554
vn 0.0906 0.6394 0.7635
vn 0.0563 0.6581 0.7508
vn 0.0552 0.6582 0.7508
vn 0.0778 0.6512 0.7549
vn 0.0892 0.6400 0.7632
vn 0.0193 -0.8457 0.5333
vn 0.0216 -0.8995 0.4364
vn 0.0217 -0.8994 0.4365
vn 0.0136 -0.8562 0.5165
vn 0.0217 -0.8995 0.4364
vn 0.9837 0.1257 -0.1282
vn 0.9154 0.1791 -0.3606
vn 0.9113 0.1892 -0.3657
vn 0.9154 0.1797 -0.3602
vn 0.9113 0.1891 -0.3658
vn 0.9141 0.1961 -0.3550
vn 0.9090 0.2593 -0.3264
vn 0.9141 0.1955 -0.3551
vn 0.9090 0.2594 -0.3263
vn 0.0528 -0.0438 -0.9976
vn 0.9614 0.1503 0.2303
vn 0.9651 0.1547 0.2113
vn 0.9663 0.1141 0.2308
vn 0.3849 -0.2480 0.8890
vn 0.3416 -0.2511 0.9057
vn 0.3858 -0.2501 0.8881
vn 0.3433 -0.2547 0.9040
vn 0.1730 0.9847 0.0209
vn 0.1723 0.9848 0.0210
vn 0.2106 0.9466 0.2441
vn 0.0111 -0.5381 -0.8428
vn 0.0077 -0.4913 -0.8709
vn 0.0062 -0.4914 -0.8709
vn 0.0088 -0.5381 -0.8428
vn -0.0000 -0.4641 -0.8858
vn 0.0046 -0.4913 -0.8710
vn 0.0066 -0.5381 -0.8429
vn 0.7912 -0.1708 0.5873
vn 0.7911 -0.1707 0.5874
vn 0.5660 0.2906 -0.7715
vn 0.5652 0.2917 -0.7717
vn 0.5389 0.2586 -0.8017
vn 0.5396 0.2558 -0.8021
vn 0.5642 0.2923 -0.7722
vn 0.5380 0.2614 -0.8014
vn 0.0644 -0.4519 -0.8897
vn 0.1183 -0.4660 -0.8768
vn 0.1025 0.2146 0.9713
vn 0.1075 0.2144 0.9708
vn 0.0888 0.2018 0.9754
vn 0.0866 0.2013 0.9757
vn 0.1128 0.2141 0.9703
vn 0.0909 0.2021 0.9751
vn 0.4916 -0.7132 -0.4996
vn 0.5770 -0.6650 -0.4742
vn 0.8458 -0.0848 0.5267
vn 0.8458 -0.0848 0.5268
vn 0.8410 -0.0840 0.5344
vn 0.8405 -0.0830 0.5355
vn 0.1515 -0.9677 -0.2014
vn 0.2013 -0.9692 0.1422
vn 0.0640 -0.9889 0.1340
vn 0.9084 0.1846 -0.3752
vn 0.9643 0.0957 -0.2471
vn 0.9938 0.0054 -0.1113
vn 0.9976 -0.0222 -0.0659
vn 0.9930 0.1137 -0.0334
vn 0.8709 0.4227 -0.2508
vn 0.8710 0.4220 -0.2515
vn 0.2328 -0.2533 -0.9390
vn 0.1726 -0.4725 -0.8643
vn 0.1504 -0.5307 -0.8341
vn 0.7801 -0.5554 0.2882
vn 0.7848 -0.4962 0.3713
vn 0.5830 -0.7242 0.3683
vn 0.6298 -0.1827 0.7549
vn 0.5219 -0.2174 0.8248
vn 0.6298 -0.1826 0.7550
vn 0.6249 -0.1628 0.7636
vn 0.6244 -0.1610 0.7643
vn 0.5234 -0.1979 0.8288
vn 0.9840 -0.0141 0.1776
vn 0.9905 -0.0700 0.1185
vn 0.9914 -0.0230 0.1290
vn 0.5020 0.4030 -0.7652
vn 0.5020 0.4028 -0.7653
vn 0.5019 0.4032 -0.7652
vn 0.4848 0.4723 -0.7361
vn 0.4845 0.4732 -0.7358
vn 0.4842 0.4741 -0.7354
vn 0.9991 -0.0416 -0.0001
vn 0.9985 -0.0514 0.0182
vn 0.9991 -0.0425 -0.0080
vn 0.6453 0.2511 -0.7215
vn 0.6449 0.2524 -0.7214
vn 0.6403 0.2577 -0.7236
vn 0.6403 0.2578 -0.7236
vn 0.9817 0.0471 0.1845
vn 0.9908 -0.0162 0.1346
vn 0.9633 0.1170 0.2417
vn 0.9954 -0.0623 0.0733
vn 0.9918 0.0627 0.1118
vn 0.2857 0.7535 0.5921
vn 0.2873 0.7599 0.5831
vn 0.7485 -0.6309 0.2044
vn 0.7579 -0.6199 0.2032
vn -0.0774 0.8792 -0.4701
vn -0.0680 0.8791 -0.4717
vn -0.0585 0.8789 -0.4734
vn 0.9693 0.0503 0.2408
vn 0.9666 0.0487 0.2515
vn 0.9251 -0.2975 0.2359
vn 0.3378 -0.7844 -0.5202
vn 0.9975 -0.0604 0.0369
vn 0.9920 0.0503 0.1159
vn 0.0871 -0.9470 0.3091
vn -0.0000 -0.9425 0.3342
vn 0.0821 -0.9470 0.3106
vn -0.0004 -0.9431 0.3324
vn 0.0359 0.6508 0.7584
vn -0.0000 0.6432 0.7657
vn 0.0348 0.6508 0.7585
vn 0.2405 0.8579 0.4540
vn 0.9360 0.1695 0.3085
vn 0.2700 -0.5692 0.7766
vn 0.2708 -0.5685 0.7769
vn 0.0202 0.9738 0.2265
vn 0.0351 0.9722 0.2316
vn -0.0168 0.9744 0.2243
vn -0.0174 0.9742 0.2250
vn 0.9628 0.1706 0.2097
vn 0.0907 0.2561 0.9624
vn 0.0902 0.1745 0.9805
vn 0.0917 0.2563 0.9622
vn 0.0130 -0.8922 0.4514
vn -0.0000 -0.8899 0.4562
vn 0.0130 -0.8946 0.4466
vn 0.0129 -0.8947 0.4466
vn 0.0128 -0.8921 0.4516
vn -0.0000 -0.8899 0.4561
vn 0.1391 0.1624 0.9769
vn 0.1775 -0.0310 0.9836
vn 0.1759 -0.0256 0.9841
vn 0.1742 -0.0202 0.9845
vn 0.1196 -0.9176 -0.3791
vn 0.1204 -0.9175 -0.3790
vn 0.0094 -0.7207 0.6932
vn 0.0045 -0.7084 0.7058
vn 0.0057 -0.7089 0.7052
vn 0.0110 -0.7211 0.6928
vn -0.0000 -0.7004 0.7137
vn -0.0000 -0.7004 0.7138
vn -0.0000 -0.7003 0.7138
vn 0.0070 -0.7094 0.7048
vn 0.6184 -0.7282 0.2954
vn 0.6186 -0.7280 0.2956
vn 0.6097 -0.7304 0.3080
vn 0.9879 0.0353 0.1513
vn 0.9880 0.0343 0.1508
vn 0.5206 -0.7647 -0.3799
vn 0.4986 -0.7984 -0.3375
vn 0.6396 -0.6639 -0.3875
vn 0.4750 -0.8295 -0.2939
vn 0.0952 0.9711 0.2187
vn 0.0831 0.9722 0.2187
vn 0.8783 -0.4153 -0.2369
vn 0.7430 -0.5470 -0.3857
vn 0.0031 -0.6342 0.7732
vn 0.0035 -0.6351 0.7724
vn -0.0000 -0.6233 0.7820
vn 0.5227 -0.6806 -0.5133
vn 0.6572 -0.6154 -0.4352
vn 0.6483 -0.6199 -0.4421
vn 0.6392 -0.6244 -0.4488
vn 0.0247 -0.9802 0.1965
vn 0.0242 -0.9802 0.1965
vn 0.0227 -0.9736 0.2272
vn 0.5403 -0.1951 0.8186
vn 0.5399 -0.1935 0.8192
vn 0.5427 -0.2118 0.8128
vn 0.5426 -0.2112 0.8130
vn 0.5395 -0.1916 0.8199
vn 0.5429 -0.2124 0.8125
vn 0.0078 0.9894 -0.1447
vn 0.0209 0.9264 -0.3761
vn 0.4048 -0.2486 0.8800
vn 0.4050 -0.2491 0.8797
vn 0.4067 -0.2354 0.8827
vn 0.4065 -0.2345 0.8830
vn -0.0000 -0.4251 -0.9051
vn -0.0094 -0.4222 -0.9065
vn -0.0000 0.8374 -0.5465
vn -0.0000 0.8374 -0.5466
vn -0.0436 0.8397 -0.5412
vn -0.0451 0.8398 -0.5410
vn -0.0421 0.8396 -0.5415
vn 0.5990 -0.7341 0.3198
vn 0.1697 0.6620 0.7301
vn 0.1686 0.6604 0.7317
vn 0.4196 0.1703 -0.8916
vn 0.4590 0.3751 -0.8054
vn 0.4594 0.3740 -0.8057
vn 0.4251 0.1912 -0.8847
vn 0.4409 0.3546 -0.8246
vn 0.4433 0.3569 -0.8223
vn 0.4672 0.5552 -0.6881
vn 0.4694 0.5510 -0.6900
vn 0.4668 0.5621 -0.6828
vn 0.4660 0.5639 -0.6818
vn 0.4711 0.5473 -0.6917
vn 0.4676 0.5603 -0.6837
vn 0.4316 0.6161 -0.6589
vn 0.4182 0.6332 -0.6513
vn 0.4034 0.6512 -0.6428
vn 0.3303 -0.8858 0.3261
vn -0.0000 -0.8900 0.4560
vn 0.0644 -0.8999 0.4312
vn 0.0633 -0.7362 0.6738
vn -0.0000 -0.7176 0.6965
vn 0.1499 -0.7310 0.6657
vn 0.0071 0.9997 0.0246
vn 0.0077 0.9997 0.0242
vn -0.0000 -0.9306 -0.3661
vn 0.0145 -0.9357 -0.3524
vn 0.0148 -0.9356 -0.3528
vn -0.0000 -0.9306 -0.3660
vn 0.9583 0.0573 0.2800
vn 0.9508 0.0867 0.2974
vn 0.0418 -0.7117 0.7012
vn 0.0159 -0.7249 0.6887
vn 0.0160 -0.7249 0.6887
vn 0.0486 -0.7081 0.7044
vn 0.0114 -0.5679 -0.8230
vn 0.0143 -0.5687 -0.8224
vn 0.0086 -0.5668 -0.8238
vn 0.0498 -0.5672 -0.8221
vn 0.0675 -0.5596 -0.8260
vn 0.0830 -0.5541 -0.8283
vn 0.1224 -0.5396 -0.8330
vn 0.1190 -0.5464 -0.8290
vn 0.1154 -0.5532 -0.8250
vn 0.6197 -0.2024 0.7583
vn 0.6568 -0.2414 0.7144
vn 0.6563 -0.2444 0.7138
vn 0.6199 -0.2029 0.7580
vn 0.6670 -0.1952 0.7190
vn 0.6692 -0.2028 0.7149
vn 0.5672 -0.2686 0.7785
vn 0.5568 -0.3119 0.7698
vn 0.5226 -0.2530 0.8142
vn 0.1320 -0.5870 -0.7987
vn 0.1346 -0.5871 -0.7982
vn 0.3648 0.0048 -0.9311
vn 0.3605 0.0008 -0.9328
vn -0.0000 -0.3208 -0.9472
vn 0.0032 -0.3537 -0.9354
vn 0.0038 -0.3549 -0.9349
vn -0.0000 -0.3208 -0.9471
vn 0.0060 -0.4621 -0.8868
vn -0.0000 -0.4335 -0.9012
vn 0.9671 0.2201 0.1275
vn 0.0887 0.0909 0.9919
vn 0.0875 0.0898 0.9921
vn 0.9681 0.1599 0.1930
vn 0.0625 0.7830 -0.6189
vn 0.0469 0.8032 -0.5939
vn 0.0952 0.3498 0.9320
vn 0.0958 0.3499 0.9319
vn 0.1411 0.4178 0.8975
vn 0.0953 0.3498 0.9320
vn 0.1001 0.3858 0.9171
vn 0.0837 0.3812 0.9207
vn 0.0408 0.3910 0.9195
vn 0.0481 0.3897 0.9197
vn 0.1859 0.4825 0.8559
vn 0.1858 0.4825 0.8560
vn 0.1872 0.7641 0.6174
vn 0.1862 0.7639 0.6179
vn 0.6114 0.6399 0.4655
vn 0.7548 0.5316 0.3842
vn 0.2568 0.6866 0.6802
vn 0.3453 0.6569 0.6702
vn 0.8934 0.3247 -0.3105
vn 0.8934 0.3250 -0.3103
vn 0.0153 -0.7222 0.6915
vn 0.0221 -0.7656 0.6429
vn 0.1670 0.7113 0.6827
vn 0.1665 0.7107 0.6835
vn 0.1036 0.6360 0.7647
vn 0.1031 0.6358 0.7649
vn 0.0231 0.9074 -0.4196
vn 0.0827 0.9018 -0.4241
vn 0.0795 0.9024 -0.4234
vn 0.0119 0.9088 -0.4171
vn 0.2543 0.8364 -0.4855
vn 0.2621 0.8324 -0.4883
vn 0.5363 0.6663 0.5181
vn 0.0830 0.4630 -0.8825
vn 0.8688 0.4008 0.2906
vn 0.8499 0.5232 -0.0623
vn -0.0667 0.7781 -0.6245
vn -0.0530 0.7717 -0.6338
vn -0.0459 0.8247 -0.5637
vn -0.0675 0.7782 -0.6243
vn -0.0534 0.7718 -0.6337
vn -0.0000 0.7699 -0.6381
vn -0.0000 0.7699 -0.6382
vn -0.0000 0.8247 -0.5656
vn 0.6616 0.2456 -0.7085
vn 0.6625 0.2437 -0.7083
vn -0.0800 0.7866 -0.6123
vn -0.0884 0.7988 -0.5951
vn -0.0881 0.7977 -0.5965
vn -0.0807 0.7863 -0.6126
vn 0.5961 -0.6611 -0.4556
vn 0.9608 0.1284 0.2457
vn 0.0001 -0.9854 0.1705
vn 0.0635 -0.9859 0.1550
vn 0.0208 -0.9660 0.2578
vn 0.3749 -0.7267 -0.5756
vn 0.3765 -0.7269 -0.5743
vn 0.4284 0.7231 -0.5418
vn 0.4238 0.7277 -0.5393
vn 0.3962 -0.2258 0.8900
vn 0.3957 -0.2252 0.8903
vn 0.5065 -0.1858 0.8420
vn 0.4092 -0.3068 0.8593
vn 0.4103 -0.3112 0.8572
vn 0.8262 -0.0870 0.5566
vn 0.8248 -0.0858 0.5589
vn -0.0990 0.8105 -0.5773
vn -0.0961 0.8113 -0.5767
vn -0.0785 0.8639 -0.4976
vn 0.0359 -0.8367 0.5465
vn 0.0212 -0.8071 0.5901
vn 0.0323 0.8099 -0.5857
vn 0.5570 -0.2356 0.7964
vn 0.6658 -0.1719 0.7261
vn 0.6188 -0.1015 0.7790
vn 0.6652 -0.1700 0.7271
vn 0.6081 -0.0880 0.7889
vn 0.3698 0.7006 -0.6102
vn 0.3780 0.6917 -0.6154
vn 0.3608 0.7094 -0.6055
vn 0.9209 -0.3236 -0.2173
vn 0.9750 -0.1860 -0.1215
vn 0.9628 -0.2597 -0.0744
vn 0.2761 -0.0189 -0.9609
vn -0.0297 0.4642 -0.8852
vn -0.0000 0.4656 -0.8850
vn 0.3094 0.5402 -0.7826
vn 0.3093 0.5400 -0.7828
vn 0.4478 0.5416 -0.7114
vn 0.5631 -0.0237 0.8261
vn 0.5668 -0.0279 0.8234
vn 0.4695 0.5402 -0.6984
vn 0.4697 0.5408 -0.6978
vn 0.4692 0.5397 -0.6990
vn 0.6005 0.3249 -0.7307
vn 0.6034 0.3216 -0.7297
vn 0.6059 0.3183 -0.7291
vn 0.4350 -0.2843 0.8544
vn 0.4354 -0.2884 0.8528
vn 0.4591 -0.3291 0.8252
vn 0.4574 -0.3235 0.8283
vn 0.5758 0.5299 -0.6226
vn 0.5762 0.5300 -0.6222
vn 0.0096 0.4398 0.8980
vn -0.0000 0.4812 0.8766
vn 0.0085 0.4442 0.8959
vn -0.0000 0.4811 0.8767
vn 0.4141 0.3399 -0.8444
vn 0.4125 0.3407 -0.8448
vn 0.6087 -0.1437 0.7803
vn 0.6092 -0.1449 0.7797
vn 0.0711 -0.6920 0.7184
vn 0.0784 -0.6882 0.7213
vn 0.0858 -0.6846 0.7239
vn 0.4485 -0.3727 0.8124
vn 0.4485 -0.3743 0.8116
vn 0.0118 -0.5993 -0.8004
vn 0.0084 -0.5615 -0.8275
vn 0.0128 -0.5988 -0.8008
vn 0.0093 -0.5611 -0.8277
vn -0.0000 -0.5389 -0.8424
vn 0.9988 -0.0462 -0.0177
vn -0.0379 0.8713 -0.4893
vn -0.0368 0.8712 -0.4896
vn -0.0000 0.8689 -0.4950
vn -0.0000 0.8689 -0.4949
vn 0.1264 0.2218 0.9669
vn 0.1300 0.2214 0.9665
vn 0.1228 0.2220 0.9673
vn -0.0565 0.9080 -0.4152
vn -0.0500 0.9081 -0.4158
vn 0.9745 0.2194 0.0480
vn 0.5804 -0.2146 0.7855
vn 0.5809 -0.2158 0.7849
vn 0.5814 -0.2169 0.7842
vn 0.0150 -0.6218 -0.7831
vn 0.0163 -0.6221 -0.7827
vn 0.7672 -0.6088 0.2020
vn 0.9486 0.0976 0.3011
vn 0.9481 0.1053 0.2999
vn 0.9477 0.1130 0.2986
vn 0.5259 -0.1792 0.8315
vn 0.5266 -0.1811 0.8306
vn 0.5252 -0.1773 0.8323
vn 0.0635 -0.9858 0.1551
vn -0.0001 -0.9852 0.1714
vn 0.0635 -0.9858 0.1552
vn -0.0000 -0.9852 0.1713
vn 0.7315 0.6762 0.0879
vn 0.8204 0.5574 0.1276
vn 0.7878 0.6120 0.0701
vn 0.7897 0.6102 0.0632
vn 0.8956 -0.0055 -0.4448
vn 0.7356 0.2056 -0.6454
vn 0.7484 0.1927 -0.6346
vn 0.1587 0.2671 -0.9505
vn 0.1363 0.3537 -0.9254
vn 0.5286 0.3722 -0.7629
vn 0.7429 0.5287 -0.4106
vn 0.4224 0.5706 -0.7043
vn -0.7571 0.0290 -0.6527
vn -0.8843 0.1287 -0.4488
vn -0.7151 0.1747 -0.6768
vn -0.5744 0.1499 -0.8047
vn -0.4413 0.2035 -0.8740
vn -0.9085 0.3578 -0.2158
vn -0.9803 0.0720 -0.1837
vn -0.9946 0.0919 -0.0488
vn -0.9978 0.0411 -0.0517
vn -0.9887 0.0332 -0.1460
vn -0.9459 0.1458 -0.2897
vn -0.9997 0.0057 -0.0220
vn -1.0000 -0.0010 -0.0066
vn -0.8989 0.0033 -0.4381
vn -0.9994 0.0142 -0.0316
vn -0.9999 0.0136 0.0090
vn -0.9957 0.0399 0.0837
vn -0.9985 0.0166 0.0527
vn -0.9985 0.0161 0.0520
vn -0.9992 0.0392 -0.0022
vn -0.9991 0.0329 0.0275
vn -0.9988 0.0434 -0.0219
vn -0.9940 0.1074 0.0210
vn -0.2407 0.1703 0.9556
vn -0.2214 0.1735 0.9596
vn -0.2547 0.1679 0.9523
vn -0.2022 0.1820 0.9623
vn -0.1878 0.1788 0.9658
vn -0.2878 0.2123 0.9339
vn -0.3409 0.2294 0.9117
vn -0.3843 0.2431 0.8906
vn -0.9960 0.0538 -0.0712
vn -0.9987 0.0409 -0.0319
vn -0.9992 0.0360 -0.0171
vn -0.8788 0.1397 -0.4563
vn -0.9994 -0.0345 0.0038
vn -0.9970 -0.0771 0.0095
vn -0.9981 -0.0601 0.0114
vn -0.9993 -0.0340 0.0143
vn -1.0000 0.0032 0.0037
vn -0.9998 0.0091 0.0191
vn -0.9998 0.0089 0.0190
vn -0.9998 0.0082 0.0188
vn -0.9998 0.0073 0.0184
vn -0.3955 -0.7150 0.5765
vn -0.4182 -0.7057 0.5720
vn -0.0037 -0.7983 0.6022
vn 0.0007 -0.7984 0.6022
vn -0.0080 -0.7983 0.6022
vn -0.5666 -0.7296 0.3830
vn -0.9997 -0.0068 0.0216
vn -0.9994 0.0074 0.0342
vn -0.9994 0.0180 0.0303
vn -0.9938 0.1040 0.0393
vn -0.9990 0.0294 0.0329
vn -0.9991 0.0373 0.0192
vn -0.9990 0.0324 0.0295
vn -0.9987 0.0292 0.0417
vn -0.9953 0.0789 0.0568
vn -0.9987 0.0215 0.0467
vn -0.5976 0.7945 0.1078
vn -0.7296 0.6686 0.1434
vn -0.7204 0.6791 0.1410
vn -0.8398 0.5394 0.0617
vn -0.9573 0.2829 0.0598
vn -0.8948 0.4271 0.1301
vn -0.7709 0.6365 0.0226
vn -0.7371 0.6757 -0.0087
vn -0.9256 0.3780 -0.0201
vn -0.9554 0.2940 0.0281
vn -0.5677 0.8029 0.1818
vn -0.7388 0.6580 0.1459
vn -0.4945 0.8558 0.1518
vn -0.7228 0.6666 -0.1825
vn -0.4197 0.9077 -0.0020
vn -0.4571 0.8894 0.0037
vn -0.3388 0.9336 0.1165
vn -0.2994 0.9541 -0.0082
vn -0.3338 0.9373 0.1003
vn 0.6863 0.7067 -0.1720
vn 0.7163 0.6696 -0.1963
vn 0.6766 0.7178 -0.1644
vn 0.7617 0.6438 0.0732
vn 0.7526 0.6181 -0.2272
vn 0.7737 0.6334 0.0114
vn 0.7734 0.6327 -0.0390
vn 0.9873 0.1270 -0.0952
vn 0.9767 0.1854 -0.1078
vn 0.9979 -0.0142 -0.0636
vn 0.9466 0.3199 -0.0400
vn 0.9144 0.3771 -0.1473
vn 0.9174 0.3925 -0.0658
vn 0.9285 0.3673 -0.0547
vn -0.0079 0.3445 -0.9388
vn -0.0242 0.1518 -0.9881
vn -0.0369 -0.2000 -0.9791
vn -0.0366 -0.2096 -0.9771
vn -0.1416 0.1382 -0.9802
vn -0.1451 0.1501 -0.9780
vn -0.0389 -0.1906 -0.9809
vn -0.1440 0.1497 -0.9782
vn -0.0875 0.2750 -0.9575
vn 0.8838 0.4488 -0.1324
vn 0.9360 0.3387 -0.0961
vn 0.9441 0.3271 -0.0410
vn 0.9323 0.3610 -0.0227
vn 0.9344 0.3544 -0.0365
vn 0.9248 0.3493 -0.1510
vn 0.6258 0.7574 -0.1864
vn 0.7171 0.6728 -0.1820
vn -0.9768 -0.1887 0.1009
vn -0.9717 -0.2354 0.0175
vn -0.9737 -0.2274 -0.0122
vn -0.9749 -0.2149 0.0575
vn -0.9977 0.0034 -0.0679
vn -0.9710 -0.2377 0.0264
vn -0.9688 -0.2431 0.0472
vn -0.9234 0.3832 -0.0214
vn -0.9915 -0.0992 0.0843
vn -0.9769 -0.1607 0.1407
vn -0.9749 -0.1754 0.1369
vn -0.9743 -0.1797 0.1360
vn -0.9989 -0.0370 0.0272
vn -0.8102 0.4392 -0.3882
vn -0.9573 0.2887 -0.0165
vn 0.0240 -0.5043 0.8632
vn 0.0058 -0.4071 0.9134
vn 0.0343 -0.4525 0.8911
vn -0.0163 -0.3710 0.9285
vn -0.0228 -0.3603 0.9326
vn 0.0097 -0.4791 0.8777
vn 0.0017 -0.4505 0.8928
vn 0.5737 0.8057 -0.1472
vn 0.4027 0.8962 -0.1860
vn 0.4515 0.8747 -0.1760
vn 0.7224 0.6838 -0.1027
vn 0.7225 0.6837 -0.1027
vn -0.0927 0.4967 -0.8630
vn -0.1211 0.4661 -0.8764
vn -0.2571 0.4227 -0.8691
vn -0.1840 0.4648 -0.8661
vn -0.4915 0.3910 -0.7781
vn -0.4439 0.4197 -0.7917
vn -0.3151 0.1452 -0.9379
vn -0.5282 0.1680 -0.8324
vn -0.1474 0.1385 -0.9793
vn 0.0485 -0.5671 0.8222
vn 0.0343 -0.6211 0.7830
vn 0.1001 -0.3734 0.9222
vn 0.0989 -0.3750 0.9217
vn 0.1085 -0.3747 0.9208
vn 0.1087 -0.3766 0.9200
vn 0.1018 -0.3721 0.9226
vn 0.1084 -0.3735 0.9213
vn 0.0306 -0.6331 0.7735
vn -0.9725 0.0873 -0.2161
vn -0.9715 0.0588 -0.2295
vn -0.9663 0.2042 -0.1566
vn -0.9664 0.2040 -0.1564
vn -0.9667 0.2037 -0.1549
vn -0.9667 0.2036 -0.1550
vn -0.9805 0.0993 0.1698
vn -0.9811 0.1006 0.1654
vn -0.9950 -0.0581 0.0814
vn -0.1125 0.1563 -0.9813
vn -0.1103 0.2750 -0.9551
vn -0.1126 0.2716 -0.9558
vn -0.1152 0.1356 -0.9840
vn -0.1158 0.2686 -0.9563
vn -0.1137 0.1446 -0.9829
vn -0.1296 0.2738 -0.9530
vn -0.1293 0.2714 -0.9537
vn -0.1302 0.2780 -0.9517
vn -0.9106 -0.1700 0.3768
vn -0.8785 -0.0145 0.4775
vn -0.8668 -0.0239 0.4981
vn -0.8775 -0.0118 0.4794
vn -0.8664 -0.0213 0.4990
vn -0.9097 -0.1523 0.3863
vn -0.3450 0.9384 0.0216
vn -0.3716 0.9279 0.0287
vn -0.3754 0.9268 0.0100
vn -0.4284 0.8122 -0.3960
vn -0.3875 0.9150 0.1124
vn -0.3834 0.9142 0.1315
vn -0.3377 -0.0072 -0.9412
vn -0.1961 -0.1250 -0.9726
vn -0.1995 -0.1030 -0.9745
vn -0.1129 -0.1312 -0.9849
vn -0.1074 -0.1066 -0.9885
vn -0.1917 -0.1466 -0.9704
vn -0.1167 -0.1483 -0.9820
vn -0.3444 -0.0125 -0.9387
vn -0.2886 -0.9509 0.1122
vn -0.2886 -0.9509 0.1120
vn -0.2887 -0.9508 0.1120
vn -0.2887 -0.9508 0.1121
vn -0.2889 -0.9508 0.1120
vn -0.2888 -0.9508 0.1121
vn -0.2887 -0.9508 0.1119
vn -0.2889 -0.9508 0.1119
vn -0.2886 -0.9509 0.1119
vn -0.6152 0.0124 -0.7883
vn -0.6614 0.2667 -0.7010
vn -0.8965 0.0122 -0.4429
vn -0.4063 -0.2355 -0.8829
vn -0.3779 -0.2666 -0.8866
vn -0.4182 -0.2232 -0.8805
vn -0.4780 0.7404 -0.4726
vn -0.5566 0.5670 -0.6072
vn -0.5617 0.5383 -0.6282
vn -0.4789 0.7153 -0.5089
vn -0.5633 0.5097 -0.6503
vn -0.4778 0.6890 -0.5449
vn -0.2766 -0.0456 0.9599
vn -0.1023 -0.2884 0.9520
vn -0.1033 -0.2884 0.9519
vn -0.2919 -0.0230 0.9562
vn -0.1042 -0.2885 0.9518
vn -0.3083 0.0015 0.9513
vn -0.1043 -0.2927 0.9505
vn -0.1053 -0.2924 0.9505
vn -0.1035 -0.2929 0.9505
vn -0.3150 -0.9469 0.0639
vn -0.3615 -0.9311 0.0481
vn -0.3751 -0.9231 0.0842
vn -0.3162 -0.9440 0.0940
vn -0.3755 -0.9184 0.1246
vn -0.3173 -0.9390 0.1327
vn -0.4324 -0.8991 0.0683
vn -0.4393 -0.8910 0.1148
vn -0.4253 -0.9047 0.0255
vn -1.0000 0.0040 -0.0049
vn -1.0000 0.0076 -0.0054
vn -1.0000 0.0079 -0.0037
vn -0.9999 0.0118 -0.0043
vn -0.9999 0.0115 -0.0059
vn -0.3047 0.4801 0.8226
vn -0.3893 0.2327 0.8913
vn -0.3785 0.2558 0.8896
vn -0.3061 0.4945 0.8135
vn -0.3628 0.2786 0.8893
vn -0.3066 0.5073 0.8054
vn 0.0147 0.5026 -0.8644
vn 0.0104 0.5255 -0.8507
vn 0.0036 0.4896 -0.8719
vn -0.0272 0.5240 -0.8513
vn -0.4419 0.8915 -0.0999
vn -0.4416 0.8898 -0.1147
vn -0.4342 0.8935 0.1145
vn -0.4342 0.8935 0.1147
vn -0.4208 0.8171 0.3939
vn -0.4210 0.8144 0.3995
vn -0.4342 0.8935 0.1143
vn -0.4206 0.8205 0.3872
vn -0.4412 0.8879 -0.1303
vn 0.8616 -0.4456 -0.2433
vn 0.9507 -0.2416 -0.1943
vn 0.9218 -0.3474 0.1718
vn 0.8261 -0.5544 0.1013
vn 0.9213 -0.3487 0.1723
vn 0.8559 -0.5022 0.1236
vn 0.9246 -0.3448 0.1620
vn 0.9243 -0.3458 0.1613
vn 0.9457 -0.2286 -0.2311
vn -0.9990 0.0226 0.0394
vn -0.9932 0.1139 0.0255
vn -0.9984 0.0163 0.0551
vn -0.9974 0.0013 -0.0716
vn -0.9974 0.0160 -0.0696
vn -0.9869 0.1360 0.0869
vn -0.9814 0.1790 0.0689
vn 0.8545 0.5070 0.1134
vn 0.7959 0.5488 0.2558
vn 0.7931 0.5577 0.2450
vn 0.8525 0.5062 0.1305
vn 0.7921 0.5640 0.2333
vn -0.0044 -0.3320 0.9433
vn -0.0042 -0.3386 0.9409
vn -0.0091 -0.3389 0.9408
vn -0.0098 -0.3330 0.9429
vn 0.0009 -0.4414 0.8973
vn 0.0003 -0.4367 0.8996
vn -0.0078 -0.3445 0.9388
vn -0.0002 -0.4351 0.9004
vn -0.0041 -0.3434 0.9392
vn -0.9817 0.1482 0.1194
vn -0.9720 -0.1983 0.1264
vn -0.9725 -0.1951 0.1274
vn -0.9568 0.2469 0.1534
vn 0.0209 -0.5386 0.8423
vn 0.0210 -0.5370 0.8433
vn 0.0205 -0.5355 0.8443
vn -0.4785 0.8101 -0.3389
vn -0.5897 0.6909 -0.4183
vn -0.8130 0.5785 -0.0670
vn -0.5520 0.8293 -0.0867
vn -0.8277 0.5571 -0.0682
vn -0.5025 0.8602 -0.0872
vn 0.0016 0.9729 0.2311
vn 0.0035 0.9729 0.2310
vn 0.0108 0.8171 0.5765
vn 0.0034 0.9732 0.2301
vn 0.0090 0.8849 0.4656
vn 0.0016 0.9731 0.2302
vn -0.2788 0.2704 -0.9215
vn -0.2802 0.2699 -0.9212
vn -0.3572 0.1947 -0.9135
vn -0.2814 0.2689 -0.9212
vn -0.3791 0.1721 -0.9092
vn -0.0008 0.9685 0.2488
vn -0.0305 0.9945 0.1006
vn -0.0293 0.9964 0.0792
vn -0.0586 0.9944 0.0879
vn -0.0293 0.9943 0.1028
vn -0.0206 0.9940 0.1072
vn -0.0067 0.9974 0.0724
vn -0.2840 0.6290 -0.7237
vn -0.2815 0.5981 -0.7504
vn -0.2819 0.5988 -0.7497
vn -0.2838 0.6350 -0.7185
vn -0.2818 0.5996 -0.7491
vn -0.2596 0.5296 -0.8075
vn -0.2594 0.5302 -0.8072
vn -0.2577 0.5218 -0.8132
vn -0.1653 0.9818 0.0935
vn -0.2014 0.9795 0.0041
vn -0.2140 0.9129 -0.3475
vn -0.1961 0.9799 0.0365
vn -0.2147 0.9198 -0.3285
vn -0.1648 0.9811 0.1010
vn -0.2958 -0.9461 0.1320
vn -0.2956 -0.9456 0.1360
vn -0.2894 -0.9475 0.1363
vn -0.2893 -0.9480 0.1324
vn -0.2831 -0.9493 0.1367
vn -0.2832 -0.9498 0.1328
vn -0.2897 -0.9468 0.1402
vn -0.2830 -0.9487 0.1408
vn -0.2954 -0.9451 0.1396
vn -0.9955 0.0906 -0.0266
vn -0.9957 -0.0448 0.0805
vn -0.9962 -0.0387 0.0775
vn -0.9974 0.0709 -0.0097
vn -0.9990 -0.0335 0.0283
vn -0.9620 -0.2273 -0.1513
vn -0.9965 -0.0392 0.0743
vn -0.9996 -0.0273 0.0037
vn -0.9960 -0.0458 0.0762
vn -0.9812 -0.0006 0.1929
vn -0.9961 0.0094 0.0879
vn -0.9766 -0.0646 0.2053
vn -0.9548 -0.0578 0.2917
vn -0.9245 -0.3002 0.2349
vn -0.7774 -0.3451 0.5259
vn -0.9971 -0.0424 -0.0632
vn -0.9772 -0.2049 0.0563
vn -0.9992 0.0014 -0.0402
vn -0.9506 -0.0906 -0.2970
vn -0.9512 -0.0876 -0.2958
vn -0.9513 -0.0881 -0.2953
vn -0.9508 -0.0907 -0.2961
vn -0.9769 -0.2137 -0.0017
vn -0.9759 -0.2182 0.0091
vn -0.7435 -0.4966 0.4479
vn -0.7558 -0.4846 0.4404
vn -0.8180 -0.5538 0.1556
vn -0.9303 -0.2398 0.2774
vn -0.9267 -0.3535 0.1276
vn -0.8823 -0.3283 0.3371
vn -0.2752 0.6716 -0.6879
vn -0.2771 0.6815 -0.6773
vn -0.2567 0.8744 -0.4117
vn -0.2598 0.8538 -0.4511
vn -0.9138 0.3537 -0.1995
vn -0.8452 0.3106 -0.4350
vn -0.8881 0.0945 -0.4498
vn -0.9559 0.1448 -0.2555
vn -0.8765 0.0071 -0.4813
vn -0.9511 0.0472 -0.3052
vn -0.8332 0.0519 -0.5505
vn -0.8204 -0.0237 -0.5713
vn -0.7738 0.3343 -0.5380
vn 0.8385 0.5448 -0.0075
vn 0.8384 0.5447 0.0222
vn -0.7342 0.1815 -0.6542
vn -0.6923 0.3456 -0.6334
vn -0.6927 0.3588 -0.6257
vn -0.9030 0.2784 -0.3273
vn -0.8983 0.2896 -0.3305
vn -0.9099 0.1794 -0.3740
vn -0.3673 0.9068 0.2067
vn -0.3670 0.9074 0.2049
vn 0.7887 -0.2461 -0.5633
vn 0.8409 -0.1022 -0.5315
vn 0.8409 -0.1021 -0.5315
vn 0.7728 -0.2796 -0.5697
vn 0.8410 -0.1022 -0.5313
vn 0.8410 -0.1023 -0.5313
vn -0.2165 0.9724 -0.0864
vn -0.2159 0.9726 -0.0864
vn -0.2158 0.9726 -0.0860
vn -0.2165 0.9725 -0.0860
vn -0.1943 -0.4912 -0.8491
vn -0.1885 -0.4925 -0.8497
vn -0.1829 -0.4943 -0.8498
vn -0.1963 -0.5237 -0.8290
vn -0.1919 -0.5244 -0.8296
vn -0.2031 -0.5226 -0.8280
vn -0.2260 0.4521 -0.8629
vn -0.2278 0.4582 -0.8592
vn -0.2292 0.4645 -0.8554
vn -0.8928 0.2088 0.3991
vn -0.7406 0.2428 0.6265
vn -0.7237 0.3853 0.5725
vn -0.8538 0.3600 0.3760
vn -0.7357 0.3896 0.5540
vn -0.8515 0.3640 0.3773
vn -0.4894 0.3923 0.7789
vn -0.4919 0.4004 0.7731
vn -0.5118 0.2414 0.8245
vn -0.9027 -0.0000 0.4303
vn -0.7128 -0.0000 0.7013
vn -0.7006 0.1847 0.6893
vn -0.9221 0.1001 0.3738
vn -0.7128 0.3507 0.6074
vn -0.9027 0.2152 0.3727
vn -0.1560 0.9702 0.1855
vn -0.1555 0.9720 0.1759
vn -0.1660 0.9686 0.1852
vn -0.1668 0.9705 0.1743
vn -0.8915 -0.4013 -0.2103
vn -0.9160 -0.3913 -0.0887
vn -0.9887 -0.1151 -0.0958
vn -0.8993 -0.4306 0.0764
vn -0.9160 -0.3913 -0.0888
vn -0.9005 -0.4289 0.0719
vn -0.8857 -0.3998 -0.2361
vn -0.7671 -0.4141 -0.4901
vn -0.7506 -0.1862 -0.6340
vn -0.7609 -0.1791 -0.6237
vn -0.6312 -0.3821 -0.6749
vn -0.4492 -0.3252 -0.8322
vn -0.4451 -0.2359 -0.8639
vn -0.4318 -0.2036 -0.8787
vn -0.7401 -0.1933 -0.6441
vn -0.7453 -0.1543 -0.6487
vn -0.8156 -0.1431 -0.5606
vn -0.8277 -0.1864 -0.5293
vn -0.3343 0.6967 0.6347
vn -0.3345 0.6843 0.6480
vn -0.3340 0.6718 0.6612
vn -0.1260 0.7671 -0.6291
vn -0.1406 0.8710 -0.4708
vn -0.2672 0.7134 -0.6478
vn -0.3607 0.7772 -0.5156
vn -0.1145 0.5721 -0.8121
vn -0.1589 0.6604 -0.7339
vn -0.9992 -0.0344 -0.0184
vn -0.9676 -0.1520 -0.2014
vn -0.9521 -0.1258 -0.2786
vn -0.9992 -0.0199 -0.0344
vn -0.9801 0.1735 -0.0966
vn -0.9794 0.1766 -0.0981
vn -0.9691 0.1068 -0.2223
vn -0.9365 0.0431 -0.3481
vn -0.9194 0.1327 -0.3703
vn -0.9808 0.1703 -0.0952
vn -0.9753 0.0625 -0.2117
vn -0.9453 -0.0469 -0.3229
vn -0.8984 0.4031 -0.1741
vn -0.8732 0.4766 0.1021
vn -0.8411 0.5119 0.1745
vn -0.9400 0.3144 0.1323
vn -0.9172 0.3566 0.1776
vn -0.9465 0.3149 -0.0702
vn -0.8175 -0.0328 0.5750
vn -0.9305 -0.0249 0.3655
vn -0.9565 0.0330 0.2899
vn -0.8494 0.0411 0.5262
vn -0.9829 0.0549 0.1758
vn -0.9732 0.0906 0.2115
vn -0.9924 0.0841 0.0894
vn -0.9832 0.1799 0.0317
vn -0.9900 0.0191 0.1397
vn -0.9760 0.1608 0.1471
vn -0.8978 0.0662 0.4354
vn -0.4849 -0.8682 0.1050
vn -0.7318 -0.5840 0.3514
vn -0.7336 -0.5818 0.3513
vn -0.4399 -0.8129 0.3817
vn -0.5289 -0.7595 0.3787
vn -0.9105 0.0883 0.4040
vn -0.3269 0.5218 -0.7880
vn -0.5299 0.4660 -0.7085
vn -0.5939 0.4129 -0.6905
vn -0.3458 0.3216 -0.8815
vn -0.2970 0.2072 -0.9321
vn -0.5570 0.2960 -0.7760
vn -0.5948 0.3680 -0.7147
vn -0.5412 -0.0826 -0.8368
vn -0.4070 0.1842 -0.8947
vn -0.5077 0.1724 -0.8441
vn -0.6168 0.2049 -0.7600
vn -0.3011 0.1936 -0.9337
vn -0.1738 0.1398 -0.9748
vn -0.1430 -0.1241 -0.9819
vn -0.3161 -0.0892 -0.9445
vn -0.9921 -0.0154 0.1243
vn -0.9920 -0.0088 0.1256
vn -0.9919 -0.0096 0.1268
vn -0.9919 -0.0156 0.1258
vn -0.9917 -0.0097 0.1281
vn -0.9917 -0.0158 0.1274
vn -0.9918 -0.0035 0.1277
vn -0.9916 -0.0036 0.1289
vn -0.9919 -0.0035 0.1267
vn -0.9767 0.1557 0.1476
vn -0.9094 0.2046 0.3620
vn -0.9172 0.1234 0.3789
vn -0.9695 0.1394 0.2017
vn -0.9772 0.1343 0.1646
vn -0.9410 0.0725 0.3304
vn -0.9826 0.1789 0.0502
vn -0.9828 0.1826 0.0287
vn -0.9862 0.1639 0.0249
vn -0.5091 0.4188 -0.7519
vn -0.1661 0.4555 -0.8746
vn -0.1265 0.4624 -0.8776
vn -0.9713 0.1166 0.2075
vn -0.9737 0.1520 0.1695
vn -0.9769 0.1424 0.1592
vn -0.9800 0.1406 0.1408
vn -0.9691 0.1354 0.2061
vn -0.9704 0.1609 0.1801
vn -0.8939 0.3908 0.2194
vn -0.8430 0.4424 0.3060
vn -0.8075 0.3462 0.4776
vn -0.9772 0.0692 0.2009
vn -0.9798 0.0649 0.1893
vn -0.8499 0.1780 0.4960
vn -0.8710 0.1656 0.4624
vn -0.9863 0.0415 0.1597
vn -0.9536 -0.2548 0.1602
vn -0.9902 0.0212 0.1377
vn -0.9845 -0.0124 0.1751
vn -0.9764 0.0179 0.2154
vn -0.9785 0.0367 0.2028
vn -0.7299 -0.5862 0.3515
vn -0.8998 -0.2977 0.3190
vn -0.7847 -0.6100 0.1098
vn -0.9948 0.0450 0.0912
vn -0.9935 0.0548 0.1000
vn -0.9574 -0.2882 -0.0198
vn -0.9960 0.0353 0.0824
vn -0.3672 0.8605 0.3531
vn -0.6678 0.6607 0.3427
vn -0.5968 0.6796 0.4266
vn -0.3168 0.8308 0.4576
vn -0.6165 0.4939 0.6132
vn -0.2942 0.6326 0.7164
vn -0.8422 0.4161 0.3428
vn -0.0436 0.9942 0.0980
vn -0.0241 0.9950 0.0966
vn -0.0525 0.9957 0.0758
vn -0.0296 0.9971 0.0698
vn -0.1126 0.9929 0.0385
vn -0.3497 0.9362 0.0362
vn -0.8406 0.3555 0.4088
vn -0.7483 0.3916 0.5354
vn -0.6659 0.4014 0.6288
vn -0.7981 0.3512 0.4896
vn -0.5978 0.4046 0.6921
vn -0.4285 0.4344 0.7922
vn -0.3926 0.4323 0.8118
vn -0.4841 0.4219 0.7666
vn -0.9766 0.2087 0.0519
vn -0.9779 0.2023 0.0528
vn -0.6670 0.0338 0.7443
vn -0.7171 0.0989 0.6899
vn -0.4668 0.1063 0.8780
vn -0.4064 0.0397 0.9129
vn -0.9753 0.2210 0.0012
vn -0.9165 0.2961 0.2691
vn -0.9051 0.2810 0.3190
vn -0.9836 0.1646 0.0738
vn 0.9886 0.0691 -0.1339
vn 0.9883 0.0700 -0.1356
vn 0.9887 0.0597 -0.1378
vn 0.9890 0.0609 -0.1348
vn 0.9890 0.0491 -0.1397
vn 0.9895 0.0479 -0.1363
vn 0.9882 0.0597 -0.1409
vn 0.9885 0.0502 -0.1428
vn 0.9878 0.0715 -0.1385
vn 0.9271 0.3727 0.0405
vn 0.9205 0.3881 0.0452
vn 0.9197 0.3921 0.0206
vn 0.9261 0.3770 0.0152
vn -0.1972 -0.5315 -0.8238
vn -0.2728 -0.4309 -0.8602
vn -0.0687 -0.2619 -0.9626
vn -0.0926 -0.4923 -0.8655
vn -0.0652 -0.2551 -0.9647
vn -0.0576 -0.2490 -0.9668
vn -0.0455 -0.2207 -0.9743
vn -0.0254 -0.1924 -0.9810
vn -0.0065 -0.1459 -0.9893
vn -0.4226 -0.1710 -0.8900
vn -0.4229 -0.1046 -0.9001
vn -0.4228 -0.0422 -0.9052
vn -0.3922 0.3221 -0.8617
vn -0.0459 0.4503 -0.8917
vn -0.2169 0.6561 -0.7229
vn -0.0909 0.3364 -0.9373
vn -0.9911 0.0875 -0.1003
vn -0.9910 0.0891 -0.0995
vn -0.9968 -0.0097 -0.0790
vn -0.9970 -0.0174 -0.0759
vn -0.9556 -0.0420 -0.2918
vn -0.9943 0.1001 -0.0365
vn -0.9955 0.0883 -0.0347
vn -0.9670 0.2340 -0.1010
vn -0.7813 0.4035 -0.4761
vn -0.9155 0.3010 -0.2669
vn -0.9227 0.2270 -0.3116
vn -0.8346 0.2396 -0.4960
vn -0.9501 0.1045 -0.2940
vn -0.8758 0.0313 -0.4817
vn -0.9625 0.2675 -0.0454
vn -0.9584 0.2829 -0.0381
vn -0.8191 -0.5252 0.2305
vn -0.6316 -0.5563 0.5400
vn -0.4890 -0.8531 0.1822
vn -0.3869 -0.8061 0.4477
vn -0.8920 -0.2232 -0.3930
vn -0.8753 -0.3514 -0.3322
vn -0.8757 -0.1526 -0.4581
vn -0.1425 -0.9885 -0.0506
vn -0.1534 -0.9851 -0.0773
vn -0.1186 -0.9929 -0.0050
vn -0.1183 -0.9929 -0.0082
vn -0.0876 -0.9953 0.0424
vn -0.0830 -0.9953 0.0493
vn -0.0547 -0.9946 0.0886
vn -0.0449 -0.9383 0.3430
vn -0.4609 -0.5595 -0.6889
vn -0.6337 -0.5811 -0.5107
vn -0.3000 -0.6586 -0.6901
vn -0.4111 -0.7890 -0.4566
vn -0.1558 -0.9658 -0.2075
vn -0.1288 -0.9558 -0.2643
vn -0.1394 -0.8557 -0.4984
vn -0.1821 -0.9718 -0.1498
vn -0.5359 -0.8018 -0.2644
vn -0.0466 -0.8406 0.5396
vn -0.0391 -0.8177 0.5744
vn -0.2368 -0.6618 0.7113
vn -0.1637 -0.5467 0.8212
vn -0.0541 -0.8621 0.5038
vn -0.0752 -0.5645 0.8220
vn -0.0756 -0.1655 0.9833
vn -0.2510 -0.3327 0.9090
vn -0.0724 -0.1094 0.9914
vn -0.3789 -0.1672 0.9102
vn -0.5548 -0.2500 0.7935
vn -0.6553 -0.0375 0.7544
vn -0.3887 -0.0411 0.9205
vn -0.0873 -0.0474 0.9951
vn -0.1206 0.0161 0.9926
vn -0.9077 -0.0649 -0.4146
vn -0.9958 0.0868 -0.0291
vn -0.9892 0.1455 0.0172
vn -0.9277 0.0864 -0.3631
vn -0.2061 0.3692 0.9062
vn -0.1963 0.3789 0.9044
vn -0.2072 0.2267 0.9517
vn -0.1708 0.0792 0.9821
vn -0.9405 0.2992 0.1613
vn -0.9542 0.2989 -0.0087
vn -0.9341 0.3051 0.1853
vn -0.4986 0.4104 0.7635
vn -0.1817 0.3884 0.9034
vn -0.1624 0.4058 0.8994
vn -0.9066 0.3803 -0.1830
vn -0.7076 0.5349 -0.4618
vn -0.1414 0.4230 0.8950
vn -0.1315 0.4226 0.8967
vn -0.9238 0.3127 0.2211
vn -0.8504 0.3673 0.3767
vn -0.0845 -0.9299 0.3579
vn -0.0344 -0.9992 0.0216
vn -0.0834 -0.9300 0.3579
vn 0.0234 -0.9478 -0.3180
vn 0.0221 -0.9479 -0.3179
vn 0.0222 -0.9481 -0.3172
vn 0.0233 -0.9481 -0.3172
vn -0.8697 -0.0789 -0.4872
vn -0.8138 -0.0971 -0.5729
vn -0.8117 -0.4910 -0.3164
vn -0.4668 0.5345 -0.7045
vn -0.6189 0.3888 -0.6825
vn -0.4400 0.8329 -0.3356
vn -0.4395 0.8355 -0.3298
vn -0.4407 0.8302 -0.3413
vn -0.9864 0.0030 -0.1646
vn -0.8821 -0.1907 -0.4307
vn -0.7239 -0.0421 -0.6886
vn -0.6702 -0.3167 -0.6712
vn -0.4901 -0.3535 -0.7968
vn -0.6968 -0.1573 -0.6998
vn -0.5041 -0.2022 -0.8396
vn -0.7267 0.0115 -0.6868
vn -0.5314 -0.0625 -0.8448
vn -0.2873 -0.3666 -0.8849
vn -0.1386 -0.3665 -0.9201
vn -0.2733 -0.2606 -0.9260
vn -0.1299 -0.2787 -0.9515
vn -0.9381 0.2598 -0.2290
vn -0.9828 0.1571 0.0972
vn -0.9738 0.1133 0.1972
vn -0.7837 0.3390 -0.5205
vn -0.1444 -0.1878 -0.9715
vn -0.2997 -0.1471 -0.9426
vn -0.0758 0.4949 -0.8657
vn -0.7703 0.5865 0.2502
vn -0.4343 0.8568 0.2780
vn -0.9708 0.0920 0.2217
vn -0.0024 0.9698 0.2437
vn -0.0046 0.9693 0.2459
vn -0.0071 0.9380 0.3464
vn -0.0023 0.9693 0.2457
vn -0.0023 0.9690 0.2469
vn -0.6331 0.2659 0.7270
vn -0.6110 0.2723 0.7433
vn -0.3231 0.3285 0.8875
vn -0.3705 0.3225 0.8710
vn -0.0031 0.6699 0.7424
vn -0.0051 0.8966 0.4428
vn 0.0132 -0.3658 -0.9306
vn -0.0030 -0.1414 -0.9900
vn 0.0140 -0.2845 -0.9586
vn 0.0146 -0.2010 -0.9795
vn 0.0161 0.1485 -0.9888
vn -0.0083 0.3486 0.9372
vn -0.0055 0.3486 0.9372
vn -0.0377 0.0926 -0.9950
vn -0.0631 0.1365 -0.9886
vn -0.4125 0.1115 -0.9041
vn -0.4118 0.1031 -0.9054
vn -0.0613 0.1809 -0.9816
vn -0.1228 0.4854 -0.8656
vn -0.1800 0.7329 -0.6561
vn -0.1805 0.7343 -0.6544
vn -0.7493 -0.1151 -0.6522
vn -0.7562 -0.0461 -0.6527
vn -0.7647 0.0242 -0.6439
vn -0.6841 0.3803 -0.6224
vn -0.9759 0.2124 -0.0495
vn -0.9801 0.1920 -0.0496
vn -0.9029 0.4297 -0.0109
vn -0.8816 0.4718 -0.0141
vn -0.4505 0.6744 -0.5850
vn -0.5923 0.6075 -0.5293
vn -0.7475 0.6642 0.0070
vn -0.7676 0.6409 0.0090
vn -0.8043 0.5488 -0.2277
vn -0.4965 0.8680 -0.0000
vn -0.5615 0.7848 -0.2623
vn -0.7313 0.5032 -0.4605
vn -0.4582 0.7752 -0.4350
vn -0.1465 0.9440 -0.2956
vn -0.1537 0.9744 -0.1639
vn -0.1657 0.9857 -0.0301
vn -0.7944 -0.5918 -0.1370
vn -0.7951 -0.5909 -0.1370
vn -0.0530 0.3241 -0.9445
vn -0.0326 0.2791 -0.9597
vn -0.0011 0.2081 -0.9781
vn -0.0640 0.3482 -0.9352
vn -0.0003 -0.6963 0.7177
vn -0.0028 -0.7107 0.7035
vn -0.0056 -0.7265 0.6871
vn -0.4118 -0.4496 0.7926
vn 0.0145 0.5464 0.8374
vn 0.0109 0.5813 0.8136
vn 0.0147 0.5438 0.8391
vn 0.0071 0.6176 0.7865
vn -0.9027 0.4303 -0.0000
vn -0.7128 0.7013 -0.0000
vn -0.7006 0.6893 -0.1847
vn -0.9221 0.3738 -0.1001
vn -0.7128 0.6074 -0.3507
vn -0.9027 0.3727 -0.2152
vn -0.9027 -0.2152 0.3727
vn -0.9221 -0.1001 0.3738
vn -1.0000 -0.0000 -0.0000
vn -0.9221 -0.2736 0.2736
vn -0.9027 -0.3727 0.2152
vn -0.9221 -0.3738 0.1001
vn -0.9027 -0.4303 -0.0000
vn -0.9221 -0.3738 -0.1002
vn -0.9027 -0.3727 -0.2152
vn -0.7128 -0.3507 0.6074
vn -0.7006 -0.5046 0.5046
vn -0.7128 -0.6074 0.3507
vn -0.7006 0.5046 -0.5046
vn -0.9221 0.2736 -0.2736
vn -0.7128 0.3507 -0.6074
vn -0.9027 0.2152 -0.3727
vn -0.9027 0.3727 0.2152
vn -0.9221 0.2736 0.2736
vn -0.9221 -0.2736 -0.2736
vn -0.9027 -0.2152 -0.3727
vn -0.9221 -0.1001 -0.3738
vn -0.9027 -0.0000 -0.4303
vn -0.7128 -0.7013 -0.0000
vn -0.7006 -0.6893 -0.1847
vn -0.7128 -0.6074 -0.3507
vn -0.7006 -0.6893 0.1847
vn -0.9221 0.3737 0.1001
vn -0.9221 0.1001 -0.3738
vn -0.7128 -0.0000 -0.7013
vn -0.7006 0.1847 -0.6893
vn -0.7128 0.6074 0.3507
vn -0.7006 0.6893 0.1847
vn -0.7006 -0.5046 -0.5046
vn -0.7128 -0.3507 -0.6074
vn -0.7006 -0.1847 -0.6893
vn -0.7541 0.3925 0.5266
vn -0.7006 -0.1847 0.6893
vn -0.7006 0.5046 0.5046
vn -0.1260 -0.6959 -0.7070
vn -0.8989 -0.3298 0.2884
vn -0.8997 -0.3295 0.2862
vn -0.8979 -0.3387 0.2810
vn -0.8968 -0.3402 0.2830
vn -0.1231 -0.9902 0.0661
vn -0.1062 -0.9835 0.1464
vn -0.1896 -0.9340 -0.3029
vn -0.1896 -0.9342 -0.3023
vn -0.1992 -0.9137 -0.3542
vn -0.1982 -0.9199 -0.3384
vn -0.1898 -0.9338 -0.3034
vn -0.2004 -0.9060 -0.3727
vn -0.1895 -0.9338 -0.3036
vn 0.6819 -0.4505 -0.5763
vn 0.7078 -0.4120 -0.5738
vn 0.6871 -0.4552 -0.5662
vn 0.7148 -0.4166 -0.5617
vn 0.6998 -0.6462 -0.3043
vn 0.7007 -0.6447 -0.3057
vn -0.0127 -0.8203 0.5718
vn -0.0346 -0.8683 0.4949
vn 0.0053 -0.7649 0.6441
vn 0.0232 -0.7654 0.6431
vn 0.6868 -0.7267 0.0099
vn 0.6867 -0.7269 0.0044
vn 0.6979 -0.7160 0.0184
vn 0.7022 -0.7118 0.0130
vn -0.9633 0.0326 0.2664
vn -0.2352 -0.9008 -0.3651
vn -0.2175 -0.9028 -0.3710
vn -0.2223 -0.8879 -0.4028
vn -0.2366 -0.8847 -0.4016
vn -0.2210 -0.8727 -0.4353
vn -0.2377 -0.8686 -0.4349
vn -0.1330 0.0022 -0.9911
vn -0.1334 0.0004 -0.9911
vn -0.1332 0.0002 -0.9911
vn -0.1327 0.0021 -0.9911
vn -0.1336 -0.0016 -0.9910
vn -0.1338 -0.0016 -0.9910
vn 0.0156 0.4798 -0.8772
vn -0.7135 0.2333 -0.6606
vn 0.3402 -0.1926 0.9204
vn 0.3401 -0.1926 0.9204
vn 0.3401 -0.1927 0.9204
vn -0.0118 -0.9361 0.3517
vn -0.0117 -0.9361 0.3516
vn -0.0117 -0.9361 0.3517
vn -0.0118 -0.9361 0.3516
vn -0.0116 -0.9361 0.3516
vn -0.0116 -0.9361 0.3517
vn 0.2099 0.9697 0.1253
vn 0.2098 0.9697 0.1254
vn 0.2099 0.9697 0.1254
vn 0.2099 0.9696 0.1254
vn 0.2097 0.9697 0.1254
vn -0.3401 0.1926 -0.9204
vn -0.3402 0.1926 -0.9204
vn -0.3402 0.1927 -0.9204
vn -0.2097 -0.9697 -0.1254
vn -0.2099 -0.9697 -0.1254
vn -0.2098 -0.9697 -0.1254
vn -0.2099 -0.9696 -0.1254
vn -0.2100 -0.9696 -0.1254
vn -0.2099 -0.9697 -0.1253
vn 0.3518 0.7434 0.5688
vn 0.3519 0.7434 0.5688
vn 0.3520 0.7434 0.5688
vn -0.1896 0.6517 -0.7344
vn -0.1896 0.6516 -0.7344
vn -0.1897 0.6516 -0.7344
vn -0.1897 0.6517 -0.7344
vn -0.1896 0.6516 -0.7345
vn -0.3519 -0.7434 -0.5688
vn -0.3518 -0.7434 -0.5688
vn 0.1898 -0.6517 0.7344
vn 0.1897 -0.6517 0.7344
vn 0.1897 -0.6516 0.7344
vn 0.1896 -0.6516 0.7344
vn 0.1896 -0.6517 0.7344
vn 0.0118 0.9361 -0.3516
vn 0.0117 0.9361 -0.3516
vn 0.0116 0.9361 -0.3516
vn 0.0115 0.9361 -0.3516
vn 0.0118 0.9361 -0.3517
vn -0.3995 -0.3180 -0.8598
vn 0.3996 0.3180 0.8598
vn 0.3995 0.3180 0.8598
vn -0.6133 0.4610 -0.6413
vn -0.6651 0.2356 -0.7087
vn -0.6133 0.4610 -0.6414
vn -0.8887 0.2427 -0.3890
vn -0.8279 0.4214 -0.3700
vn -0.7132 -0.0003 -0.7010
vn -0.9071 0.0559 -0.4173
vn -0.9770 0.2128 -0.0102
vn -0.9529 0.3021 0.0256
vn -0.9654 0.1852 0.1836
vn -0.9545 0.2427 0.1735
vn -0.9933 0.1157 0.0015
vn -0.9783 0.1327 0.1593
vn -0.4459 0.8147 -0.3708
vn -0.5260 0.6597 -0.5368
vn -0.7823 0.5672 -0.2575
vn -0.6953 0.7016 -0.1556
vn -0.9194 0.3885 0.0610
vn -0.8853 0.4451 0.1349
vn -0.9360 0.2748 0.2199
vn -0.9145 0.3270 0.2381
vn -0.2559 0.9660 0.0383
vn -0.3399 0.9224 -0.1832
vn -0.3400 0.9224 -0.1832
vn -0.6399 0.7683 0.0132
vn -0.5447 0.8215 0.1685
vn -0.8424 0.4973 0.2075
vn -0.8084 0.5062 0.3003
vn -0.8968 0.3303 0.2946
vn -0.8692 0.3631 0.3356
vn -0.0940 0.8743 0.4762
vn -0.1569 0.9534 0.2575
vn -0.4997 0.7921 0.3505
vn -0.4165 0.7489 0.5154
vn -0.7665 0.5102 0.3901
vn -0.7430 0.4692 0.4773
vn -0.8581 0.3368 0.3876
vn -0.8306 0.3412 0.4400
vn -0.0038 0.5643 0.8256
vn -0.0257 0.7444 0.6672
vn -0.0257 0.7445 0.6672
vn -0.3994 0.6321 0.6640
vn -0.3450 0.5033 0.7923
vn -0.7122 0.4236 0.5598
vn -0.7066 0.3439 0.6185
vn -0.8304 0.2927 0.4741
vn -0.8091 0.2673 0.5233
vn -0.0094 0.1190 0.9929
vn 0.0184 0.3514 0.9360
vn 0.0183 0.3514 0.9360
vn -0.3657 0.3313 0.8698
vn -0.3494 0.1504 0.9248
vn -0.6940 0.2608 0.6711
vn -0.7088 0.1639 0.6861
vn -0.8211 0.2097 0.5309
vn -0.8104 0.1611 0.5632
vn -0.1092 -0.3423 0.9332
vn -0.0365 -0.1204 0.9921
vn -0.4076 -0.0298 0.9127
vn -0.4285 -0.2151 0.8776
vn -0.7167 0.0654 0.6943
vn -0.7492 -0.0226 0.6620
vn -0.8327 0.1101 0.5427
vn -0.8343 0.0511 0.5490
vn -0.2766 -0.6960 0.6626
vn -0.1756 -0.5444 0.8202
vn -0.5141 -0.3543 0.7811
vn -0.5612 -0.4953 0.6632
vn -0.7743 -0.1103 0.6231
vn -0.8168 -0.1655 0.5526
vn -0.8620 0.0205 0.5064
vn -0.8742 -0.0332 0.4845
vn -0.4667 -0.8473 0.2536
vn -0.3616 -0.8072 0.4666
vn -0.6565 -0.5554 0.5105
vn -0.7118 -0.6151 0.3391
vn -0.8513 -0.2191 0.4767
vn -0.8937 -0.2267 0.3873
vn -0.9013 -0.0350 0.4318
vn -0.9195 -0.0693 0.3869
vn -0.6285 -0.7557 -0.1843
vn -0.5447 -0.8382 0.0259
vn -0.6285 -0.7556 -0.1843
vn -0.7966 -0.5792 0.1732
vn -0.8400 -0.5425 -0.0079
vn -0.9272 -0.2320 0.2941
vn -0.9591 -0.1896 0.2103
vn -0.9400 -0.0415 0.3387
vn -0.9581 -0.0474 0.2825
vn -0.7187 -0.4456 -0.5337
vn -0.6759 -0.6292 -0.3838
vn -0.8970 -0.4192 -0.1404
vn -0.9115 -0.2969 -0.2847
vn -0.9815 -0.1454 0.1244
vn -0.9955 -0.0643 0.0691
vn -0.9677 0.0026 0.2522
vn -0.9796 0.0265 0.1992
vn -0.7199 -0.2362 -0.6527
vn -0.9307 -0.1184 -0.3462
vn -0.9998 0.0174 0.0130
vn -0.9770 0.0856 0.1954
vn -0.9166 0.1505 0.3703
vn -0.2674 0.4237 0.8654
vn -0.2806 0.4188 0.8636
vn -0.2648 0.3190 0.9100
vn -0.2524 0.3212 0.9128
vn -0.2633 0.2245 0.9382
vn -0.2574 0.2284 0.9389
vn -0.3801 0.3034 0.8738
vn -0.3756 0.2173 0.9009
vn -0.3880 0.3998 0.8304
vn -0.3823 -0.3738 0.8450
vn -0.3825 -0.3756 0.8442
vn -0.3989 -0.4780 0.7825
vn -0.3996 -0.4792 0.7815
vn -0.4119 -0.5943 0.6907
vn -0.4116 -0.5866 0.6975
vn -0.4819 -0.4378 0.7590
vn -0.4923 -0.5501 0.6746
vn -0.4625 -0.3460 0.8163
vn -0.2728 -0.2640 -0.9251
vn -0.2728 -0.2633 -0.9253
vn -0.2733 -0.1509 -0.9500
vn -0.2733 -0.1504 -0.9501
vn -0.2806 -0.0376 -0.9591
vn -0.2810 -0.0335 -0.9591
vn -0.4163 -0.1339 -0.8993
vn -0.4246 -0.0205 -0.9052
vn -0.4134 -0.2432 -0.8775
vn -0.2530 0.0631 0.9654
vn -0.2709 0.0594 0.9608
vn -0.2900 -0.0014 0.9570
vn -0.2811 0.0004 0.9597
vn -0.3041 -0.0635 0.9505
vn -0.3029 -0.0626 0.9509
vn -0.3896 0.0083 0.9210
vn -0.3935 -0.0492 0.9180
vn -0.3844 0.0629 0.9210
vn -0.4107 -0.7871 0.4602
vn -0.4100 -0.7952 0.4466
vn -0.3799 -0.8740 0.3029
vn -0.3830 -0.8751 0.2959
vn -0.3433 -0.9225 0.1763
vn -0.3463 -0.9181 0.1929
vn -0.4817 -0.8136 0.3256
vn -0.4545 -0.8678 0.2006
vn -0.4967 -0.7412 0.4516
vn -0.3831 0.6398 -0.6662
vn -0.3962 0.6288 -0.6691
vn -0.4110 0.6925 -0.5929
vn -0.3980 0.6948 -0.5990
vn -0.4206 0.7576 -0.4992
vn -0.4159 0.7689 -0.4855
vn -0.5289 0.6666 -0.5253
vn -0.5318 0.7202 -0.4455
vn -0.5059 0.6131 -0.6068
vn -0.3331 -0.1956 0.9224
vn -0.3337 -0.1964 0.9220
vn -0.3531 -0.2717 0.8953
vn -0.3529 -0.2699 0.8959
vn -0.4395 -0.2486 0.8632
vn -0.4186 -0.1771 0.8907
vn -0.2928 -0.9527 -0.0812
vn -0.2891 -0.9516 -0.1046
vn -0.2425 -0.9356 -0.2566
vn -0.2456 -0.9335 -0.2613
vn -0.2173 -0.8875 -0.4064
vn -0.2179 -0.8952 -0.3888
vn -0.4023 -0.8922 -0.2051
vn -0.3947 -0.8455 -0.3597
vn -0.4206 -0.9047 -0.0676
vn -0.4359 0.8684 -0.2363
vn -0.4363 0.8619 -0.2584
vn -0.4351 0.8932 -0.1134
vn -0.4337 0.8938 -0.1140
vn -0.4339 0.8999 0.0437
vn -0.4318 0.8997 0.0642
vn -0.5308 0.8437 -0.0804
vn -0.5228 0.8503 0.0607
vn -0.5294 0.8187 -0.2224
vn -0.4141 -0.7034 0.5777
vn -0.4147 -0.7045 0.5760
vn -0.5007 -0.6510 0.5706
vn -0.2584 -0.7171 -0.6473
vn -0.2583 -0.7061 -0.6593
vn -0.2450 -0.5869 -0.7717
vn -0.2454 -0.5848 -0.7731
vn -0.2379 -0.4855 -0.8413
vn -0.2378 -0.4876 -0.8400
vn -0.4081 -0.5615 -0.7199
vn -0.4027 -0.4615 -0.7905
vn -0.4152 -0.6723 -0.6129
vn -0.3395 0.4669 -0.8166
vn -0.3387 0.4543 -0.8239
vn -0.3621 0.5593 -0.7456
vn -0.3567 0.5559 -0.7508
vn -0.4770 0.5536 -0.6826
vn -0.4610 0.4475 -0.7663
vn -0.4054 0.8479 0.3417
vn -0.4066 0.8507 0.3332
vn -0.3837 0.8009 0.4596
vn -0.3830 0.8008 0.4606
vn -0.3642 0.7413 0.5638
vn -0.3630 0.7410 0.5650
vn -0.4697 0.7584 0.4519
vn -0.4472 0.7052 0.5502
vn -0.4891 0.8068 0.3314
vn -0.3148 -0.9480 0.0466
vn -0.3159 -0.9477 0.0449
vn -0.4387 -0.8951 0.0789
vn -0.4260 0.8120 -0.3990
vn -0.4249 0.8120 -0.4002
vn -0.5316 0.7707 -0.3512
vn -0.3225 0.5966 0.7349
vn -0.3238 0.5945 0.7360
vn -0.3014 0.5065 0.8078
vn -0.2948 0.5068 0.8101
vn -0.3982 0.4817 0.7807
vn -0.4102 0.5661 0.7150
vn -0.2312 -0.8113 -0.5370
vn -0.2290 -0.8148 -0.5326
vn -0.4042 -0.7703 -0.4932
vn -0.4206 0.8854 0.1979
vn -0.4199 0.8856 0.1983
vn -0.5106 0.8348 0.2060
vn -0.2592 0.1275 0.9574
vn -0.2466 0.1275 0.9607
vn -0.3786 0.1288 0.9166
vn -0.2521 -0.3740 -0.8925
vn -0.2520 -0.3772 -0.8912
vn -0.4061 -0.3481 -0.8449
vn -0.3394 0.6701 0.6601
vn -0.3380 0.6699 0.6610
vn -0.4277 0.6364 0.6419
vn -0.3124 -0.1143 0.9430
vn -0.3115 -0.1135 0.9434
vn -0.4025 -0.0980 0.9102
vn -0.3269 0.2227 -0.9184
vn -0.3263 0.2132 -0.9209
vn -0.3293 0.3443 -0.8792
vn -0.3292 0.3445 -0.8792
vn -0.4593 0.3431 -0.8194
vn -0.4564 0.2197 -0.8622
vn -0.3013 0.0773 -0.9504
vn -0.3023 0.0737 -0.9504
vn -0.4417 0.0952 -0.8921
vn -0.5832 0.2259 -0.7803
vn -0.5797 0.3357 -0.7425
vn -0.5823 0.4358 -0.6863
vn -0.7501 0.3091 -0.5846
vn -0.7389 0.3949 -0.5459
vn -0.7495 0.2185 -0.6249
vn -0.8876 0.1996 -0.4151
vn -0.8795 0.2658 -0.3948
vn -0.8719 0.3350 -0.3572
vn -0.9558 0.2118 -0.2037
vn -0.9445 0.2670 -0.1913
vn -0.9586 0.1694 -0.2290
vn -0.9921 0.1252 -0.0049
vn -0.9892 0.1464 -0.0040
vn -0.9838 0.1793 0.0077
vn -0.9880 0.1074 0.1111
vn -0.9854 0.1288 0.1113
vn -0.9901 0.0983 0.1005
vn -0.6372 0.5882 -0.4979
vn -0.6762 0.6182 -0.4006
vn -0.7004 0.6345 -0.3269
vn -0.7759 0.5729 -0.2640
vn -0.8097 0.5540 -0.1935
vn -0.7464 0.5569 -0.3643
vn -0.8301 0.5065 -0.2332
vn -0.8339 0.5370 -0.1273
vn -0.8647 0.4986 -0.0609
vn -0.8773 0.4799 0.0024
vn -0.8853 0.4617 0.0555
vn -0.9051 0.4153 -0.0913
vn -0.9543 0.2935 0.0562
vn -0.9199 0.3779 0.1044
vn -0.9004 0.4040 0.1613
vn -0.9535 0.2104 0.2157
vn -0.9163 0.3089 0.2551
vn -0.9687 0.1958 0.1524
vn -0.6890 0.7102 -0.1447
vn -0.6859 0.7276 -0.0121
vn -0.6823 0.7238 0.1033
vn -0.8251 0.5604 0.0721
vn -0.8238 0.5449 0.1564
vn -0.8303 0.5554 -0.0471
vn -0.9046 0.4222 0.0589
vn -0.9010 0.4083 0.1469
vn -0.8971 0.3952 0.1975
vn -0.9129 0.3619 0.1888
vn -0.9112 0.3480 0.2203
vn -0.9158 0.3794 0.1318
vn -0.9226 0.3333 0.1942
vn -0.9201 0.3141 0.2339
vn -0.9220 0.3045 0.2393
vn -0.9537 0.1585 0.2557
vn -0.9356 0.2476 0.2518
vn -0.9337 0.2629 0.2432
vn -0.6200 0.7201 0.3117
vn -0.5783 0.6941 0.4288
vn -0.5591 0.6386 0.5287
vn -0.7590 0.5348 0.3715
vn -0.7318 0.4967 0.4666
vn -0.7885 0.5570 0.2609
vn -0.9030 0.3659 0.2252
vn -0.8914 0.3397 0.2999
vn -0.8753 0.3191 0.3634
vn -0.9078 0.3108 0.2816
vn -0.8964 0.3039 0.3226
vn -0.9167 0.3260 0.2310
vn -0.9274 0.2955 0.2294
vn -0.9215 0.2927 0.2554
vn -0.9127 0.2949 0.2828
vn -0.9676 0.1620 0.1935
vn -0.9348 0.2619 0.2398
vn -0.9434 0.2520 0.2158
vn -0.5372 0.5152 0.6678
vn -0.5136 0.4481 0.7318
vn -0.4995 0.3713 0.7827
vn -0.6723 0.3961 0.6255
vn -0.6403 0.3278 0.6947
vn -0.7040 0.4302 0.5650
vn -0.8379 0.3391 0.4277
vn -0.8087 0.3446 0.4768
vn -0.7786 0.2841 0.5596
vn -0.8534 0.3419 0.3935
vn -0.8462 0.2706 0.4590
vn -0.8687 0.3360 0.3640
vn -0.8932 0.3287 0.3068
vn -0.8883 0.3162 0.3332
vn -0.9001 0.2299 0.3702
vn -0.9560 0.1697 0.2391
vn -0.9336 0.1787 0.3106
vn -0.9252 0.2910 0.2436
vn -0.4946 0.2059 0.8444
vn -0.4940 0.1275 0.8600
vn -0.4954 0.0696 0.8659
vn -0.6373 0.1239 0.7606
vn -0.6367 0.0784 0.7671
vn -0.6329 0.1854 0.7517
vn -0.7580 0.1591 0.6326
vn -0.7585 0.1176 0.6410
vn -0.7574 0.0881 0.6470
vn -0.8486 0.1085 0.5178
vn -0.8461 0.0926 0.5249
vn -0.8419 0.1325 0.5231
vn -0.9159 0.0993 0.3890
vn -0.9168 0.0971 0.3874
vn -0.9169 0.0929 0.3881
vn -0.9436 0.0865 0.3195
vn -0.9432 0.0913 0.3193
vn -0.9410 0.0821 0.3284
vn -0.5013 -0.0304 0.8648
vn -0.5055 -0.0758 0.8595
vn -0.5185 -0.1504 0.8417
vn -0.6452 -0.0359 0.7632
vn -0.6470 -0.1052 0.7552
vn -0.6410 -0.0012 0.7676
vn -0.7551 0.0288 0.6550
vn -0.7532 0.0047 0.6578
vn -0.7585 -0.0553 0.6493
vn -0.8428 0.0491 0.5360
vn -0.8435 -0.0099 0.5370
vn -0.8425 0.0581 0.5356
vn -0.9145 0.0916 0.3940
vn -0.9103 0.0951 0.4029
vn -0.9159 0.0375 0.3997
vn -0.9414 0.1027 0.3214
vn -0.9457 0.0613 0.3191
vn -0.9390 0.1052 0.3274
vn -0.5509 -0.3072 0.7760
vn -0.5614 -0.3923 0.7286
vn -0.5776 -0.4912 0.6520
vn -0.6832 -0.3099 0.6612
vn -0.6913 -0.4007 0.6013
vn -0.6672 -0.2435 0.7040
vn -0.7774 -0.1678 0.6062
vn -0.7857 -0.2236 0.5768
vn -0.8028 -0.2815 0.5257
vn -0.8718 -0.1293 0.4725
vn -0.8758 -0.1777 0.4487
vn -0.8585 -0.1017 0.5027
vn -0.9301 -0.0244 0.3665
vn -0.9340 -0.0345 0.3556
vn -0.9385 -0.0475 0.3420
vn -0.9580 0.0169 0.2863
vn -0.9559 0.0099 0.2934
vn -0.9579 0.0083 0.2870
vn -0.5871 -0.6682 0.4570
vn -0.5774 -0.7395 0.3460
vn -0.5681 -0.7896 0.2319
vn -0.7187 -0.5978 0.3552
vn -0.7154 -0.6516 0.2524
vn -0.7092 -0.5494 0.4417
vn -0.8247 -0.3891 0.4105
vn -0.8321 -0.4337 0.3458
vn -0.8468 -0.4575 0.2714
vn -0.9078 -0.2684 0.3222
vn -0.9147 -0.3012 0.2694
vn -0.8942 -0.2523 0.3697
vn -0.9479 -0.0794 0.3087
vn -0.9534 -0.0947 0.2864
vn -0.9601 -0.1015 0.2607
vn -0.9629 -0.0026 0.2700
vn -0.9659 -0.0144 0.2587
vn -0.9583 -0.0032 0.2858
vn -0.5537 -0.8324 -0.0217
vn -0.5531 -0.8186 -0.1545
vn -0.5652 -0.7706 -0.2944
vn -0.7451 -0.6634 -0.0684
vn -0.7490 -0.6318 -0.1995
vn -0.7280 -0.6848 0.0330
vn -0.8753 -0.4704 0.1122
vn -0.8851 -0.4646 0.0280
vn -0.8988 -0.4338 -0.0627
vn -0.9521 -0.2877 0.1038
vn -0.9597 -0.2796 0.0292
vn -0.9382 -0.3095 0.1549
vn -0.9736 -0.1061 0.2021
vn -0.9806 -0.0972 0.1703
vn -0.9860 -0.0832 0.1445
vn -0.9788 -0.0043 0.2049
vn -0.9818 -0.0046 0.1897
vn -0.9749 -0.0208 0.2216
vn -0.5658 -0.6187 -0.5451
vn -0.5593 -0.5160 -0.6487
vn -0.5597 -0.4189 -0.7150
vn -0.7642 -0.4142 -0.4945
vn -0.7549 -0.3374 -0.5624
vn -0.7589 -0.5041 -0.4123
vn -0.9132 -0.3400 -0.2247
vn -0.9106 -0.2846 -0.2996
vn -0.9095 -0.2233 -0.3507
vn -0.9780 -0.1658 -0.1266
vn -0.9755 -0.1277 -0.1792
vn -0.9730 -0.2132 -0.0882
vn -0.9950 -0.0579 0.0816
vn -0.9980 -0.0368 0.0508
vn -0.9994 -0.0130 0.0314
vn -0.9896 0.0289 0.1412
vn -0.9919 0.0393 0.1210
vn -0.9884 0.0085 0.1514
vn -0.5491 -0.2149 -0.8076
vn -0.5493 -0.1091 -0.8285
vn -0.5631 0.0022 -0.8264
vn -0.7512 -0.0637 -0.6570
vn -0.7475 0.0295 -0.6636
vn -0.7474 -0.1604 -0.6447
vn -0.9047 -0.0874 -0.4169
vn -0.8990 -0.0173 -0.4375
vn -0.8968 0.0578 -0.4387
vn -0.9737 0.0228 -0.2267
vn -0.9675 0.0721 -0.2424
vn -0.9733 -0.0292 -0.2275
vn -0.9993 0.0369 0.0016
vn -0.9979 0.0643 -0.0046
vn -0.9964 0.0843 -0.0026
vn -0.9906 0.0817 0.1096
vn -0.9909 0.0871 0.1022
vn -0.9924 0.0681 0.1023
vn -0.5721 0.1132 -0.8123
vn -0.7545 0.1287 -0.6436
vn -0.8904 0.1326 -0.4353
vn -0.9663 0.1235 -0.2258
vn -0.9946 0.1040 -0.0054
vn -0.9899 0.0902 0.1094
vn -0.5970 0.5451 -0.5886
vn -0.7343 0.5067 -0.4517
vn -0.8486 0.4311 -0.3066
vn -0.9331 0.3285 -0.1462
vn -0.9757 0.2185 0.0193
vn -0.9798 0.1493 0.1329
vn -0.7007 0.6656 -0.2567
vn -0.8295 0.5402 -0.1419
vn -0.8928 0.4501 -0.0160
vn -0.9059 0.4141 0.0891
vn -0.9097 0.3675 0.1936
vn -0.9465 0.1781 0.2689
vn -0.6632 0.7209 0.2012
vn -0.8195 0.5411 0.1888
vn -0.9023 0.3841 0.1959
vn -0.9157 0.3386 0.2162
vn -0.9269 0.2962 0.2303
vn -0.9632 0.1557 0.2193
vn -0.5498 0.5727 0.6081
vn -0.7260 0.4461 0.5233
vn -0.8570 0.3219 0.4024
vn -0.8832 0.3164 0.3461
vn -0.9042 0.3178 0.2853
vn -0.9652 0.1730 0.1961
vn -0.4935 0.2823 0.8226
vn -0.6354 0.2460 0.7319
vn -0.7604 0.2083 0.6152
vn -0.8458 0.1732 0.5046
vn -0.9105 0.1197 0.3958
vn -0.9430 0.0872 0.3211
vn -0.4969 0.0217 0.8675
vn -0.6415 0.0402 0.7661
vn -0.7553 0.0578 0.6528
vn -0.8458 0.0741 0.5283
vn -0.9167 0.0882 0.3897
vn -0.9424 0.0964 0.3202
vn -0.5307 -0.2200 0.8185
vn -0.6596 -0.1660 0.7331
vn -0.7644 -0.1121 0.6349
vn -0.8549 -0.0610 0.5153
vn -0.9238 -0.0174 0.3826
vn -0.9559 0.0215 0.2930
vn -0.5817 -0.5896 0.5604
vn -0.7077 -0.4736 0.5243
vn -0.8120 -0.3432 0.4721
vn -0.8898 -0.2057 0.4074
vn -0.9415 -0.0637 0.3309
vn -0.9573 0.0119 0.2888
vn -0.5542 -0.8246 0.1132
vn -0.7261 -0.6685 0.1606
vn -0.8582 -0.4749 0.1948
vn -0.9297 -0.2975 0.2172
vn -0.9658 -0.1095 0.2350
vn -0.9700 -0.0109 0.2429
vn -0.5616 -0.7076 -0.4289
vn -0.7623 -0.5730 -0.3010
vn -0.9060 -0.3954 -0.1510
vn -0.9708 -0.2389 -0.0210
vn -0.9905 -0.0753 0.1152
vn -0.9838 0.0053 0.1790
vn -0.5494 -0.3170 -0.7731
vn -0.7556 -0.2477 -0.6063
vn -0.9051 -0.1575 -0.3950
vn -0.9775 -0.0740 -0.1974
vn -0.9999 0.0106 0.0115
vn -0.9914 0.0551 0.1185
vn -0.9675 0.0934 0.2349
vn -0.9260 0.2986 0.2311
vn -0.9721 0.1793 0.1513
vn -0.9721 0.1763 0.1545
vn -0.9197 0.3061 0.2459
vn -0.9707 0.1669 0.1729
vn -0.9137 0.3050 0.2686
vn -0.9946 0.0678 0.0781
vn -0.9936 0.0580 0.0966
vn -0.9950 0.0670 0.0739
vn -0.8994 0.3627 0.2438
vn -0.8977 0.3452 0.2740
vn -0.7986 0.5069 0.3244
vn -0.7895 0.5281 0.3127
vn -0.5535 0.7376 0.3869
vn -0.5567 0.7319 0.3930
vn -0.7913 0.3741 0.4837
vn -0.5573 0.6096 0.5638
vn -0.8728 0.2523 0.4179
vn 0.0191 0.9654 0.2602
vn 0.0231 0.9602 0.2785
vn 0.0228 0.9602 0.2782
vn 0.0187 0.9654 0.2601
vn 0.0277 0.9957 0.0885
vn 0.0158 0.9980 0.0617
vn -0.1776 0.7797 0.6005
vn -0.0821 0.7969 0.5985
vn -0.0564 0.9147 0.4001
vn -0.1503 0.9022 0.4043
vn -0.0601 0.9014 0.4287
vn -0.1536 0.8890 0.4314
vn -0.0535 0.9145 0.4010
vn -0.0572 0.9020 0.4279
vn -0.0746 0.7957 0.6011
vn -0.2414 0.8699 0.4301
vn -0.2425 0.8811 0.4061
vn -0.2692 0.7522 0.6014
vn -0.9786 0.1093 0.1744
vn -0.9706 0.1569 0.1827
vn -0.9758 0.1840 0.1185
vn -0.9849 0.1342 0.1093
vn -0.9602 0.2614 -0.0986
vn -0.9722 0.2031 -0.1168
vn -0.9716 0.2021 0.1228
vn -0.9483 0.3013 -0.0992
vn -0.9685 0.1731 0.1789
vn -0.0615 -0.7618 0.6449
vn -0.0632 -0.9084 0.4133
vn -0.0553 -0.4712 0.8803
vn -0.1399 -0.4560 0.8789
vn -0.1504 -0.7570 0.6359
vn -0.3229 -0.2495 0.9129
vn -0.1782 0.2404 0.9542
vn -0.2358 0.2083 0.9492
vn -0.3295 -0.2131 0.9198
vn -0.4513 -0.0537 0.8908
vn -0.2872 0.3683 0.8842
vn -0.1790 0.3727 0.9105
vn -0.2084 0.2484 0.9460
vn -0.1738 -0.0048 0.9848
vn -0.1701 0.0079 0.9854
vn -0.1356 0.1791 0.9744
vn -0.0875 -0.0729 0.9935
vn -0.1374 0.1708 0.9757
vn -0.1701 0.0078 0.9854
vn -0.1059 -0.0276 0.9940
vn -0.1399 -0.4154 0.8988
vn -0.1737 -0.0048 0.9848
vn -0.1774 -0.0176 0.9840
vn -0.2226 -0.3876 0.8945
vn -0.2333 0.1418 0.9620
vn -0.2365 0.1418 0.9612
vn -0.5611 0.8001 -0.2122
vn -0.7653 0.6400 0.0690
vn -0.6522 0.7314 0.1992
vn -0.4614 0.8871 0.0159
vn -0.4964 0.7994 0.3384
vn -0.3809 0.9125 0.1490
vn -0.6669 0.6765 0.3123
vn -0.5168 0.7472 0.4179
vn -0.7917 0.5825 0.1840
vn -0.4629 0.7157 0.5230
vn -0.4863 0.7039 0.5178
vn -0.6626 0.6167 0.4250
vn -0.6376 0.6287 0.4453
vn -0.7884 0.5262 0.3187
vn -0.7747 0.5276 0.3485
vn -0.0180 -0.9443 -0.3287
vn -0.0184 -0.9440 -0.3295
vn -0.0218 -0.9497 -0.3125
vn -0.0210 -0.9497 -0.3125
vn -0.0798 -0.9501 -0.3016
vn -0.0750 -0.9504 -0.3018
vn -0.0223 -0.9993 -0.0286
vn -0.0799 -0.9965 -0.0227
vn -0.0189 -0.9990 -0.0396
vn -0.1796 0.2027 0.9626
vn -0.1940 0.1965 0.9611
vn -0.2589 0.1639 0.9519
vn -0.2621 0.1627 0.9512
vn -0.4060 0.0305 0.9134
vn -0.4127 0.0246 0.9105
vn -0.2557 0.1652 0.9525
vn -0.4177 0.0191 0.9084
vn -0.2082 0.1904 0.9594
vn -0.4777 -0.7321 -0.4856
vn -0.5442 -0.6951 -0.4699
vn -0.5889 -0.6656 -0.4584
vn -0.5787 -0.6580 -0.4818
vn -0.7804 -0.4982 -0.3778
vn -0.7831 -0.5137 -0.3505
vn -0.7758 -0.5217 -0.3549
vn -0.2606 -0.3068 0.9154
vn -0.2755 -0.2878 0.9172
vn -0.2747 -0.2875 0.9175
vn -0.2559 -0.3154 0.9138
vn -0.4210 -0.2603 0.8689
vn -0.3897 -0.2884 0.8746
vn -0.2963 -0.2713 0.9157
vn -0.4386 -0.2395 0.8662
vn -0.2976 -0.2725 0.9150
vn -0.4075 -0.2958 0.8640
vn -0.3957 -0.3123 0.8636
vn -0.3955 -0.3130 0.8635
vn -0.4149 -0.2849 0.8641
vn -0.3952 -0.3137 0.8633
vn -0.4220 -0.2746 0.8640
vn -0.3161 -0.4335 0.8439
vn -0.3263 -0.4191 0.8473
vn -0.2984 -0.4581 0.8373
vn -0.5477 -0.6740 -0.4958
vn -0.6637 -0.5807 -0.4715
vn -0.5589 -0.6393 -0.5281
vn -0.4053 -0.7102 -0.5756
vn -0.4508 -0.6943 -0.5610
vn -0.3977 -0.7168 -0.5727
vn -0.6464 -0.6169 -0.4490
vn -0.5219 -0.6711 -0.5266
vn -0.8504 -0.4485 -0.2750
vn -0.8943 -0.0895 0.4385
vn -0.9703 -0.0096 0.2417
vn -0.9779 0.0155 0.2084
vn -0.9619 -0.0091 0.2733
vn -0.9834 0.0413 0.1766
vn -0.9751 0.0152 0.2214
vn -0.9892 0.0374 0.1415
vn -0.9884 0.1199 -0.0933
vn -0.9799 0.0147 0.1990
vn -0.9882 0.0484 0.1454
vn -0.9882 0.0409 0.1478
vn -0.9915 0.1182 -0.0552
vn -0.9889 0.1265 -0.0784
vn -0.6687 -0.5989 -0.4405
vn -0.6556 -0.6043 -0.4529
vn -0.5087 -0.6733 -0.5365
vn -0.5062 -0.6813 -0.5288
vn -0.6475 -0.6144 -0.4509
vn -0.8375 -0.4685 -0.2812
vn -0.6817 -0.5934 -0.4280
vn -0.8482 -0.4563 -0.2689
vn -0.4459 0.7240 0.5264
vn -0.2631 0.7829 0.5639
vn -0.2670 0.7738 0.5744
vn -0.2630 0.7830 0.5637
vn -0.2669 0.7711 0.5781
vn -0.2647 0.7810 0.5656
vn -0.2639 0.7813 0.5655
vn -0.4349 0.7271 0.5312
vn -0.3088 0.7132 0.6292
vn -0.4406 0.6625 0.6057
vn -0.4031 0.6574 0.6367
vn -0.2917 0.6984 0.6536
vn -0.3772 0.6498 0.6599
vn -0.2848 0.6821 0.6735
vn -0.5885 0.5599 0.5833
vn -0.5586 0.5599 0.6119
vn -0.6260 0.5564 0.5464
vn -0.9821 0.0482 0.1818
vn -0.9830 0.0591 0.1736
vn -0.9914 0.0839 0.1007
vn -0.9917 0.0734 0.1053
vn -0.9808 0.1449 -0.1307
vn -0.9814 0.1363 -0.1349
vn -0.5336 0.4263 0.7304
vn -0.2787 0.5825 0.7636
vn -0.1920 0.6126 0.7667
vn -0.2788 0.5825 0.7635
vn -0.1755 0.6177 0.7666
vn -0.5082 0.4452 0.7372
vn -0.1032 -0.9436 -0.3146
vn -0.0650 -0.9492 -0.3080
vn -0.0669 -0.9605 -0.2702
vn -0.1093 -0.9561 -0.2719
vn -0.0739 -0.9846 -0.1583
vn -0.1196 -0.9784 -0.1683
vn -0.0768 -0.9497 0.3035
vn -0.0961 -0.8823 0.4608
vn -0.0963 -0.8827 0.4600
vn -0.1072 -0.9331 0.3431
vn -0.2786 -0.8001 0.5312
vn -0.3404 -0.8529 0.3959
vn -0.0959 -0.8827 0.4601
vn -0.2618 -0.8095 0.5255
vn -0.0958 -0.8823 0.4607
vn -0.9225 0.1910 -0.3354
vn -0.9345 0.1978 -0.2959
vn -0.9464 0.1927 -0.2591
vn -0.9351 0.1983 -0.2938
vn -0.9465 0.1942 -0.2576
vn -0.9226 0.1927 -0.3341
vn -0.0181 -0.9617 0.2734
vn -0.0203 -0.9805 0.1953
vn -0.0164 -0.9806 0.1952
vn -0.0148 -0.9452 0.3262
vn -0.0161 -0.9747 0.2230
vn -0.0194 -0.9741 0.2253
vn -0.0622 -0.2519 -0.9657
vn -0.0514 -0.2422 -0.9689
vn -0.0483 -0.4305 -0.9013
vn -0.0564 -0.4420 -0.8952
vn -0.0479 -0.4749 -0.8787
vn -0.0571 -0.4848 -0.8727
vn -0.0195 -0.4220 -0.9064
vn -0.0207 -0.4678 -0.8836
vn -0.0189 -0.2275 -0.9736
vn -0.0689 0.2130 -0.9746
vn -0.0656 0.4633 -0.8838
vn -0.0483 0.4631 -0.8850
vn -0.0521 0.2172 -0.9747
vn -0.0093 0.4636 -0.8860
vn -0.0133 0.2254 -0.9742
vn -0.0489 0.4175 -0.9074
vn -0.0097 0.4175 -0.9086
vn -0.0661 0.4177 -0.9062
vn -0.0515 0.8021 0.5949
vn -0.0379 0.8003 0.5985
vn -0.0391 0.9113 0.4099
vn -0.0449 0.9130 0.4056
vn -0.0433 0.8999 0.4339
vn -0.0489 0.9010 0.4311
vn -0.8125 -0.4975 -0.3038
vn -0.6449 -0.6360 -0.4238
vn -0.6394 -0.6397 -0.4266
vn -0.6484 -0.6276 -0.4309
vn -0.5274 -0.6890 -0.4971
vn -0.5295 -0.6962 -0.4847
vn -0.5363 -0.6953 -0.4784
vn -0.6503 -0.6323 -0.4211
vn -0.6483 -0.6355 -0.4194
vn -0.8055 -0.5093 -0.3031
vn -0.8064 -0.5071 -0.3042
vn -0.2845 0.6065 -0.7424
vn -0.3052 0.5642 -0.7672
vn -0.3051 0.5648 -0.7668
vn -0.2806 0.6127 -0.7388
vn -0.4423 0.5644 -0.6970
vn -0.4127 0.6256 -0.6620
vn -0.3080 0.5525 -0.7745
vn -0.4453 0.5526 -0.7045
vn -0.3089 0.5502 -0.7758
vn -0.6828 0.5524 0.4782
vn -0.8187 0.4187 0.3930
vn -0.8043 0.4199 0.4204
vn -0.6588 0.5552 0.5077
vn -0.7818 0.4229 0.4583
vn -0.8982 0.2894 0.3309
vn -0.8922 0.2821 0.3527
vn -0.9055 0.2919 0.3079
vn -0.2087 0.2421 0.9475
vn -0.2609 0.2180 0.9404
vn -0.2628 0.2175 0.9400
vn -0.1961 0.2468 0.9490
vn -0.2548 0.1387 0.9570
vn -0.1934 0.1741 0.9655
vn -0.4248 0.0978 0.9000
vn -0.3997 0.0262 0.9163
vn -0.4367 0.0885 0.8952
vn -0.5313 -0.1794 0.8280
vn -0.4118 -0.2583 0.8739
vn -0.4154 -0.2093 0.8853
vn -0.4923 -0.1151 0.8628
vn -0.3431 -0.0695 0.9367
vn -0.4221 -0.2229 0.8787
vn -0.3408 -0.0654 0.9379
vn -0.4156 -0.2653 0.8700
vn -0.0680 -0.9688 0.2383
vn -0.0695 -0.9755 0.2087
vn -0.1146 -0.9686 0.2204
vn -0.1108 -0.9628 0.2464
vn -0.3709 -0.8850 0.2813
vn -0.3866 -0.8753 0.2903
vn 0.0033 0.9987 0.0518
vn 0.0141 0.9690 0.2466
vn 0.0143 0.9690 0.2468
vn 0.0155 0.9718 0.2352
vn 0.0157 0.9717 0.2356
vn 0.0014 0.9993 0.0360
vn -0.1265 0.1975 0.9721
vn -0.1274 0.2688 0.9547
vn -0.1293 0.2689 0.9544
vn -0.1090 0.2637 0.9584
vn -0.1125 0.2636 0.9580
vn -0.1086 0.1888 0.9760
vn -0.6530 0.5333 -0.5377
vn -0.6788 0.3561 -0.6422
vn -0.9115 0.2858 -0.2958
vn -0.8948 0.4095 -0.1781
vn -0.9579 0.2580 -0.1259
vn -0.9291 0.3675 -0.0404
vn -0.9093 0.2377 -0.3415
vn -0.9699 0.1745 -0.1699
vn -0.6983 0.3488 -0.6251
vn -0.9613 0.0113 0.2753
vn -0.9593 -0.0859 0.2688
vn -0.9304 -0.1951 0.3102
vn -0.9598 -0.0436 0.2772
vn -0.8744 -0.3576 0.3280
vn -0.9202 -0.2585 0.2939
vn -0.8288 -0.5279 0.1856
vn -0.6086 -0.7719 0.1840
vn -0.9102 -0.3843 0.1545
vn -0.9748 0.0491 0.2176
vn -0.9810 -0.0187 0.1930
vn -0.9659 0.0470 0.2546
vn -0.9459 0.1185 0.3020
vn -0.9586 0.0872 0.2712
vn -0.8563 0.2915 0.4262
vn -0.9806 0.0071 0.1959
vn -0.9686 0.0508 0.2433
vn -0.9872 -0.1499 0.0551
vn -0.1375 -0.9475 -0.2888
vn -0.1348 -0.9476 -0.2895
vn -0.4706 -0.8185 -0.3296
vn -0.4084 -0.8536 -0.3234
vn -0.1301 -0.9915 -0.0081
vn -0.4723 -0.8804 -0.0417
vn -0.6257 0.3334 -0.7052
vn -0.7781 0.2924 -0.5559
vn -0.7343 0.2931 -0.6122
vn -0.5844 0.3238 -0.7440
vn -0.6910 0.2721 -0.6697
vn -0.5509 0.2916 -0.7820
vn -0.7377 0.2901 -0.6096
vn -0.6922 0.2723 -0.6683
vn -0.7817 0.2915 -0.5514
vn -0.0323 0.9203 -0.3898
vn -0.0441 0.9080 -0.4166
vn -0.0220 0.9816 -0.1899
vn -0.0144 0.9868 -0.1614
vn -0.0012 0.9998 0.0176
vn -0.1238 0.9749 -0.1852
vn -0.0867 0.9961 0.0137
vn -0.1620 0.8927 -0.4204
vn -0.0361 -0.8086 0.5872
vn -0.0421 -0.7501 0.6600
vn -0.0777 -0.7205 0.6891
vn -0.0737 -0.7218 0.6881
vn -0.1743 -0.6494 0.7402
vn -0.1954 -0.6327 0.7493
vn -0.0726 -0.6672 0.7413
vn -0.1504 -0.6065 0.7807
vn -0.0449 -0.6981 0.7146
vn -0.9323 -0.0547 -0.3575
vn -0.8793 -0.2220 -0.4215
vn -0.9177 -0.2742 -0.2873
vn -0.9697 -0.1339 -0.2042
vn -0.9182 -0.3034 -0.2545
vn -0.9720 -0.1612 -0.1710
vn -0.7732 -0.4832 -0.4108
vn -0.7657 -0.4137 -0.4924
vn -0.6278 0.6906 -0.3591
vn -0.3000 0.7464 -0.5941
vn -0.3175 0.5736 -0.7551
vn -0.1833 0.7627 -0.6202
vn -0.1973 0.5853 -0.7864
vn -0.2710 0.8799 -0.3902
vn -0.1428 -0.9827 0.1181
vn -0.1535 -0.9463 0.2845
vn -0.2192 -0.9335 0.2838
vn -0.2006 -0.9725 0.1188
vn -0.2771 -0.9116 0.3038
vn -0.2417 -0.9646 0.1053
vn -0.2127 -0.9535 0.2135
vn -0.2729 -0.9359 0.2228
vn -0.1014 -0.9797 0.1727
vn -0.7192 0.0095 -0.6947
vn -0.7994 0.2943 -0.5237
vn -0.7990 0.2969 -0.5230
vn -0.7250 0.0230 -0.6884
vn -0.6455 0.3449 -0.6814
vn -0.6237 0.1025 -0.7749
vn -0.0201 -0.5141 -0.8575
vn -0.0467 -0.5181 -0.8540
vn -0.0559 -0.5259 -0.8487
vn -0.0468 -0.5179 -0.8541
vn -0.0546 -0.5249 -0.8494
vn -0.0176 -0.5139 -0.8577
vn -0.3471 0.6963 -0.6283
vn -0.2594 0.6601 -0.7050
vn -0.2621 0.6564 -0.7075
vn -0.1452 0.7574 -0.6366
vn -0.1324 0.7659 -0.6292
vn -0.2297 0.7986 -0.5563
vn -0.2295 -0.5449 0.8065
vn -0.2269 -0.5478 0.8053
vn -0.1529 -0.6200 0.7695
vn -0.1448 -0.6280 0.7646
vn -0.2321 -0.5421 0.8076
vn -0.1762 -0.5978 0.7821
vn -0.8224 0.4292 0.3734
vn -0.9097 0.2990 0.2883
vn -0.8267 0.4349 0.3570
vn -0.6930 0.5594 0.4548
vn -0.7023 0.5582 0.4419
vn -0.8427 -0.0421 0.5367
vn -0.8421 -0.0405 0.5377
vn -0.8342 -0.0139 0.5513
vn -0.8340 -0.0137 0.5516
vn -0.8420 -0.0483 0.5373
vn -0.8417 -0.0459 0.5380
vn -0.9126 0.0575 0.4047
vn -0.9198 0.0166 0.3921
vn -0.9208 0.0547 0.3863
vn -0.0230 0.1688 0.9854
vn -0.0203 0.1689 0.9854
vn -0.0176 0.1689 0.9855
vn -0.0547 0.1855 0.9811
vn -0.0511 0.1854 0.9813
vn -0.0580 0.1856 0.9809
vn -0.2229 0.3329 0.9163
vn -0.0224 0.4376 0.8989
vn -0.2181 0.4336 0.8743
vn -0.1649 0.6174 0.7692
vn -0.2229 0.3329 0.9162
vn -0.2308 0.1415 0.9627
vn -0.2024 0.2436 0.9485
vn -0.2178 0.4311 0.8756
vn -0.8080 -0.1081 0.5793
vn -0.8066 -0.1107 0.5806
vn -0.8013 -0.1300 0.5840
vn -0.8007 -0.1301 0.5848
vn -0.7976 -0.1498 0.5843
vn -0.8002 -0.1407 0.5830
vn -0.8972 -0.0742 0.4353
vn -0.8977 -0.0603 0.4365
vn -0.5037 -0.2724 0.8198
vn -0.4939 -0.2879 0.8205
vn -0.4942 -0.2888 0.8200
vn -0.5121 -0.2596 0.8187
vn -0.3709 -0.3185 0.8723
vn -0.3315 -0.4184 0.8456
vn -0.4936 -0.2870 0.8209
vn -0.3884 -0.4354 0.8122
vn -0.3543 -0.4771 0.8043
vn -0.0101 0.8773 -0.4798
vn 0.0096 0.8805 -0.4739
vn -0.0498 0.8789 -0.4744
vn -0.0615 0.8763 -0.4778
vn -0.2185 0.8091 -0.5456
vn -0.2237 0.8064 -0.5474
vn -0.0381 0.8814 -0.4709
vn -0.2204 0.8075 -0.5472
vn 0.0278 0.8832 -0.4683
vn -0.4736 -0.7314 -0.4907
vn -0.4834 -0.7345 -0.4762
vn -0.6154 -0.6674 -0.4193
vn -0.5981 -0.6691 -0.4411
vn -0.7796 -0.5405 -0.3164
vn -0.7687 -0.5408 -0.3415
vn -0.6338 -0.6513 -0.4173
vn -0.7964 -0.5220 -0.3055
vn -0.5012 -0.7200 -0.4801
vn -0.7763 -0.4317 0.4594
vn -0.8866 -0.1071 0.4499
vn -0.9539 -0.0376 0.2976
vn -0.8437 -0.4191 0.3355
vn -0.9743 -0.0018 0.2251
vn -0.8817 -0.3815 0.2776
vn -0.3043 0.7935 0.5270
vn -0.3190 0.8252 0.4661
vn -0.2228 0.9159 0.3340
vn -0.3219 0.8194 0.4744
vn -0.2091 0.9240 0.3203
vn -0.3065 0.7830 0.5413
vn -0.5667 -0.2076 0.7974
vn -0.5436 -0.2285 0.8076
vn -0.5576 -0.2269 0.7985
vn -0.5702 -0.2041 0.7957
vn -0.5295 -0.2301 0.8165
vn -0.1698 0.1045 0.9799
vn -0.1238 0.1238 0.9846
vn -0.1253 0.1245 0.9843
vn -0.1858 0.0956 0.9779
vn -0.1070 0.1130 0.9878
vn -0.1031 0.1124 0.9883
vn -0.1397 -0.4155 0.8988
vn -0.0556 -0.4140 0.9086
vn -0.0388 -0.0204 0.9990
vn -0.1058 -0.0276 0.9940
vn -0.0400 -0.0468 0.9981
vn -0.0145 0.4176 0.9085
vn -0.2048 0.3728 -0.9050
vn -0.3226 0.3682 -0.8720
vn -0.3282 0.4106 -0.8507
vn -0.2101 0.4167 -0.8844
vn -0.3390 0.7226 0.6024
vn -0.4824 0.6635 0.5718
vn -0.5173 0.6613 0.5432
vn -0.3695 0.7271 0.5786
vn -0.3606 0.6375 0.6808
vn -0.2720 0.6672 0.6934
vn -0.3495 0.6486 0.6762
vn -0.2580 0.6789 0.6874
vn -0.5443 0.5502 0.6333
vn -0.5325 0.5646 0.6306
vn -0.1631 -0.9268 -0.3384
vn -0.1834 -0.9182 -0.3512
vn -0.1654 -0.8948 -0.4147
vn -0.1420 -0.9054 -0.4001
vn -0.1661 -0.8946 -0.4149
vn -0.1407 -0.9060 -0.3992
vn -0.2466 -0.8393 -0.4846
vn -0.2525 -0.8348 -0.4893
vn -0.3418 -0.8531 -0.3942
vn -0.1880 -0.3045 -0.9338
vn -0.1068 -0.4213 -0.9006
vn -0.1098 -0.4264 -0.8978
vn -0.2424 -0.2153 -0.9460
vn -0.3157 -0.3185 -0.8938
vn -0.1185 -0.5189 -0.8466
vn -0.0693 -0.5322 -0.8438
vn -0.1037 -0.4162 -0.9034
vn -0.0562 -0.4453 -0.8936
vn -0.0355 -0.4574 -0.8886
vn -0.1037 -0.4161 -0.9034
vn -0.2496 0.5927 0.7658
vn -0.3275 0.5172 0.7907
vn -0.5334 0.2717 0.8010
vn -0.3344 0.5954 0.7305
vn -0.5791 0.3686 0.7271
vn -0.2657 0.6338 0.7264
vn -0.0213 -0.8969 0.4417
vn -0.0207 -0.8969 0.4418
vn -0.0210 -0.8978 0.4400
vn -0.0213 -0.8979 0.4396
vn -0.0214 -0.8988 0.4378
vn -0.0214 -0.8986 0.4382
vn -0.0187 -0.8207 0.5711
vn -0.0412 -0.7912 0.6102
vn -0.0150 -0.7823 0.6227
vn -0.1676 0.9854 0.0290
vn -0.2232 0.9610 -0.1635
vn -0.0352 -0.6730 0.7388
vn -0.0181 -0.6905 0.7231
vn -0.0130 -0.6574 0.7534
vn -0.0072 -0.6513 0.7588
vn -0.0084 -0.6522 0.7580
vn -0.0134 -0.7012 0.7129
vn -0.1014 -0.5705 0.8150
vn -0.0704 -0.6130 0.7869
vn -0.0776 -0.6145 0.7851
vn -0.0777 -0.6145 0.7851
vn -0.0416 -0.6620 0.7483
vn -0.0632 -0.6115 0.7887
vn -0.1097 -0.5538 0.8254
vn -0.4390 -0.2555 0.8614
vn -0.4379 -0.2544 0.8623
vn -0.4614 -0.2342 0.8557
vn -0.4594 -0.2336 0.8569
vn -0.4403 -0.2566 0.8604
vn -0.4632 -0.2369 0.8540
vn -0.0422 -0.1182 0.9921
vn -0.1104 -0.0794 0.9907
vn -0.0074 -0.7380 0.6748
vn -0.0082 -0.7383 0.6744
vn -0.0151 -0.7418 0.6705
vn -0.0286 -0.7794 0.6258
vn -0.0054 -0.6885 0.7252
vn -0.0663 -0.0536 -0.9964
vn -0.0802 -0.0345 -0.9962
vn -0.0854 0.2215 -0.9714
vn -0.1796 -0.0161 -0.9836
vn -0.1983 0.2359 -0.9513
vn -0.0726 -0.2491 -0.9658
vn -0.1576 -0.2351 -0.9591
vn -0.9739 -0.2174 -0.0661
vn -0.9117 -0.3682 -0.1824
vn -0.9163 -0.3609 -0.1736
vn -0.9745 -0.2172 -0.0560
vn -0.9184 -0.3567 -0.1714
vn -0.9759 -0.2120 -0.0510
vn -0.8014 -0.5147 -0.3047
vn -0.0545 0.1555 0.9863
vn -0.0183 0.1402 0.9900
vn -0.0232 0.2282 0.9733
vn -0.0571 0.2444 0.9680
vn -0.0251 0.2282 0.9733
vn -0.0594 0.2445 0.9678
vn -0.0496 0.0666 0.9965
vn -0.0140 0.0509 0.9986
vn -0.0146 0.0510 0.9986
vn -0.0518 0.0668 0.9964
vn -0.6317 0.1544 -0.7597
vn -0.6706 0.3483 -0.6550
vn -0.3243 0.4529 -0.8305
vn -0.3070 0.2244 -0.9249
vn -0.2053 0.4604 -0.8636
vn -0.4633 0.4704 -0.7510
vn -0.4828 0.4030 -0.7775
vn -0.6200 0.3979 -0.6762
vn -0.5969 0.4655 -0.6534
vn -0.6201 0.3976 -0.6763
vn -0.5958 0.4689 -0.6521
vn -0.6335 0.3285 -0.7005
vn -0.6340 0.3253 -0.7016
vn -0.4954 0.3352 -0.8014
vn -0.9301 0.0736 0.3599
vn -0.9632 0.1645 0.2127
vn -0.9623 0.1529 0.2251
vn -0.9277 0.0497 0.3700
vn -0.9611 0.1386 0.2388
vn -0.9659 0.1883 0.1777
vn -0.9661 0.1944 0.1699
vn -0.0804 -0.9957 -0.0465
vn -0.1285 -0.9901 -0.0571
vn -0.0875 -0.9871 0.1338
vn -0.9956 -0.0621 0.0705
vn -0.9957 -0.0655 0.0647
vn -0.9967 -0.0638 0.0501
vn -0.9879 0.0428 0.1489
vn -0.9900 0.0474 0.1327
vn -0.9856 0.0345 0.1654
vn -0.0456 0.8879 0.4577
vn -0.0519 0.8879 0.4570
vn -0.0283 0.9718 0.2339
vn -0.0319 0.9696 0.2426
vn -0.0051 0.6159 -0.7878
vn -0.0103 0.3702 -0.9289
vn -0.0493 0.3708 -0.9274
vn -0.0425 0.6146 -0.7877
vn -0.0668 0.3707 -0.9264
vn -0.0592 0.6099 -0.7903
vn -0.3534 0.2662 -0.8968
vn -0.3693 0.2640 -0.8910
vn -0.3699 0.2629 -0.8911
vn -0.3538 0.2655 -0.8969
vn -0.5233 0.2585 -0.8120
vn -0.5065 0.2629 -0.8212
vn -0.3896 0.3020 -0.8701
vn -0.3892 0.3014 -0.8705
vn -0.0935 -0.9273 -0.3625
vn -0.0626 -0.9376 -0.3419
vn -0.0624 -0.9378 -0.3415
vn -0.0913 -0.9277 -0.3619
vn -0.1950 -0.9385 -0.2849
vn -0.3381 -0.8931 -0.2967
vn -0.2164 -0.9617 -0.1682
vn -0.4379 -0.8876 -0.1429
vn -0.1663 -0.9451 -0.2813
vn -0.1822 -0.9672 -0.1770
vn -0.5937 -0.2591 0.7619
vn -0.5909 -0.2500 0.7670
vn -0.5789 -0.2977 0.7591
vn -0.5791 -0.3021 0.7572
vn -0.5389 -0.2470 0.8054
vn -0.5398 -0.2495 0.8040
vn -0.5786 -0.2934 0.7610
vn -0.5380 -0.2447 0.8067
vn -0.5892 -0.2434 0.7705
vn -0.1392 -0.9604 -0.2413
vn -0.1372 -0.9488 -0.2847
vn -0.1281 -0.9344 -0.3323
vn -0.5007 -0.2174 0.8379
vn -0.4988 -0.2102 0.8408
vn -0.4971 -0.2029 0.8436
vn -0.5302 -0.2091 0.8217
vn -0.5295 -0.2039 0.8234
vn -0.5310 -0.2130 0.8201
vn -0.0970 0.3450 0.9336
vn -0.1403 0.4187 0.8972
vn -0.1843 0.4879 0.8532
vn -0.1868 0.4863 0.8536
vn -0.1825 0.4888 0.8531
vn -0.2183 0.4362 0.8730
vn -0.5348 -0.5554 -0.6368
vn -0.5340 -0.5735 -0.6212
vn -0.6087 -0.6047 -0.5136
vn -0.4967 -0.6838 -0.5345
vn -0.4262 -0.6530 -0.6260
vn -0.3300 -0.5826 -0.7428
vn -0.5353 -0.5369 -0.6520
vn -0.3626 -0.5156 -0.7763
vn -0.5212 -0.2756 -0.8077
vn -0.6995 -0.3625 -0.6159
vn -0.3136 -0.7248 -0.6135
vn -0.3250 -0.7563 -0.5678
vn -0.3151 -0.7291 -0.6075
vn -0.3257 -0.7680 -0.5514
vn -0.2290 -0.6620 -0.7137
vn -0.2352 -0.6656 -0.7083
vn -0.3310 -0.7902 -0.5158
vn -0.3153 -0.8005 -0.5098
vn -0.3719 -0.7778 -0.5067
vn -0.3757 -0.7654 -0.5225
vn -0.3153 -0.8004 -0.5098
vn -0.3465 -0.7796 -0.5216
vn -0.5189 -0.7155 -0.4678
vn -0.6220 -0.6393 -0.4521
vn -0.6722 -0.6250 -0.3968
vn -0.5681 -0.6499 -0.5049
vn -0.2280 0.3334 0.9148
vn -0.9823 -0.0149 0.1866
vn -0.9803 -0.0112 0.1973
vn -0.9666 0.0414 0.2528
vn -0.9894 -0.1164 0.0870
vn -0.9886 -0.1398 0.0566
vn -0.3496 -0.7720 -0.5309
vn -0.3835 -0.7532 -0.5345
vn -0.5198 -0.7052 -0.4821
vn -0.4119 -0.7421 -0.5287
vn -0.3832 -0.7527 -0.5354
vn -0.4117 -0.7422 -0.5288
vn -0.3496 -0.7718 -0.5312
vn -0.0890 0.9954 0.0353
vn -0.0901 0.9953 0.0351
vn -0.0065 0.9990 0.0442
vn -0.0056 0.9990 0.0443
vn -0.0074 0.9993 0.0363
vn -0.0066 0.9993 0.0365
vn -0.0323 0.9660 0.2566
vn -0.0333 0.9674 0.2510
vn -0.1262 0.9585 0.2556
vn -0.5005 0.2667 -0.8236
vn -0.3457 0.2681 -0.8992
vn -0.3456 0.2683 -0.8992
vn -0.3387 0.3329 -0.8800
vn -0.3383 0.3374 -0.8785
vn -0.4654 -0.7194 -0.5156
vn -0.4099 -0.7367 -0.5378
vn -0.3238 -0.7675 -0.5533
vn -0.3262 -0.7696 -0.5490
vn -0.3263 -0.7696 -0.5488
vn -0.0932 -0.5605 -0.8229
vn -0.0991 -0.5640 -0.8198
vn -0.0647 -0.5381 -0.8404
vn -0.0655 -0.5369 -0.8411
vn -0.0649 -0.4961 -0.8658
vn -0.1114 -0.5133 -0.8510
vn -0.1697 0.6861 0.7074
vn -0.1754 0.7163 0.6753
vn -0.1756 0.7169 0.6747
vn -0.1701 0.6898 0.7037
vn -0.2596 0.6943 0.6712
vn -0.1752 0.7129 0.6790
vn -0.2615 0.6895 0.6754
vn -0.1753 0.7131 0.6788
vn -0.3443 0.6615 0.6662
vn -0.3416 0.6666 0.6625
vn -0.5311 0.5787 0.6189
vn -0.5273 0.5773 0.6234
vn -0.3448 -0.7114 -0.6124
vn -0.3447 -0.7114 -0.6124
vn -0.3426 -0.7179 -0.6060
vn -0.3433 -0.7162 -0.6077
vn -0.3171 -0.7709 -0.5525
vn -0.4204 -0.7774 -0.4678
vn -0.3200 -0.7656 -0.5581
vn -0.6847 -0.3947 0.6127
vn -0.6511 -0.4476 0.6130
vn -0.4482 -0.6810 0.5791
vn -0.4480 -0.6812 0.5790
vn -0.5284 -0.7171 0.4545
vn -0.1642 0.7030 0.6920
vn -0.1804 0.6910 0.6999
vn -0.1919 0.7080 0.6796
vn -0.1790 0.6909 0.7005
vn -0.1921 0.7054 0.6823
vn -0.1637 0.7042 0.6908
vn -0.4711 -0.1234 -0.8734
vn -0.5643 -0.2469 -0.7878
vn -0.5698 -0.2407 -0.7857
vn -0.3580 -0.4420 -0.8225
vn -0.4147 -0.3920 -0.8212
vn -0.4104 -0.7399 -0.5331
vn -0.3957 -0.7330 -0.5533
vn -0.4109 -0.7402 -0.5323
vn -0.3962 -0.7346 -0.5507
vn -0.6416 0.3307 -0.6921
vn -0.6661 0.3443 -0.6616
vn -0.6664 0.3406 -0.6632
vn -0.6451 0.3300 -0.6892
vn -0.6666 0.3370 -0.6649
vn -0.6482 0.3290 -0.6868
vn -0.6048 0.0939 -0.7908
vn -0.6070 0.0995 -0.7884
vn -0.5988 0.0781 -0.7971
vn 0.0111 0.8653 -0.5011
vn 0.0450 0.8123 -0.5815
vn -0.0126 0.8193 -0.5732
vn -0.0497 0.8646 -0.5000
vn -0.0023 0.8195 -0.5731
vn 0.0617 0.8151 -0.5760
vn -0.7191 0.4436 0.5349
vn -0.7486 0.4338 0.5015
vn -0.8591 0.3056 0.4106
vn -0.2442 0.0593 0.9679
vn -0.2453 0.0593 0.9676
vn -0.0810 -0.6155 -0.7839
vn -0.1265 -0.6055 -0.7858
vn -0.1262 -0.6055 -0.7857
vn -0.0708 -0.6178 -0.7831
vn -0.5167 -0.0965 0.8507
vn -0.5306 -0.1126 0.8401
vn -0.5428 -0.1297 0.8298
vn -0.5521 -0.1696 0.8163
vn -0.5613 -0.1831 0.8071
vn -0.5414 -0.1551 0.8263
vn -0.5112 0.3398 -0.7895
vn -0.5173 0.2667 -0.8132
vn -0.5116 0.3358 -0.7909
vn -0.5172 0.2667 -0.8132
vn -0.5120 0.3318 -0.7923
vn -0.5225 0.2630 -0.8110
vn -0.5229 0.2613 -0.8114
vn -0.5222 0.2644 -0.8108
vn 0.0328 0.9386 -0.3435
vn 0.0309 0.9940 -0.1046
vn 0.0118 0.9915 -0.1293
vn 0.0058 0.9291 -0.3699
vn 0.0081 -0.4685 -0.8834
vn 0.0066 -0.5137 -0.8579
vn 0.0067 -0.5139 -0.8578
vn -0.4716 -0.8812 -0.0331
vn -0.2395 -0.9697 -0.0487
vn -0.2820 -0.9490 0.1411
vn -0.1951 -0.9758 -0.0987
vn -0.1694 0.7491 0.6404
vn -0.1696 0.7503 0.6390
vn -0.1792 0.7301 0.6594
vn -0.1804 0.7302 0.6589
vn -0.5689 0.5510 -0.6105
vn -0.5006 0.6408 -0.5821
vn -0.5686 0.5520 -0.6099
vn -0.4794 0.6644 -0.5734
vn -0.5729 0.5403 -0.6163
vn -0.5707 0.5443 -0.6148
vn -0.8024 0.5574 -0.2130
vn -0.7893 0.5785 -0.2057
vn -0.6851 0.7138 -0.1450
vn -0.6867 0.7120 -0.1465
vn -0.4507 0.8904 -0.0632
vn -0.4639 0.8833 -0.0672
vn -0.7605 0.6446 0.0778
vn -0.5182 0.8356 0.1823
vn -0.8640 0.5034 0.0106
vn -0.9417 0.3303 -0.0641
vn -0.9665 0.2232 0.1269
vn -0.8959 0.3885 0.2152
vn -0.9659 0.1968 0.1684
vn -0.9668 0.2218 0.1269
vn -0.9424 0.3280 -0.0654
vn -0.0593 0.8875 0.4570
vn -0.1505 0.8762 0.4578
vn -0.0588 0.8884 0.4552
vn 0.0287 0.3684 -0.9292
vn 0.0321 0.6251 -0.7799
vn 0.0295 0.4169 -0.9085
vn -0.8620 -0.0529 0.5041
vn -0.8717 -0.0170 0.4898
vn -0.8626 -0.0536 0.5030
vn -0.8720 -0.0196 0.4891
vn -0.1804 -0.9442 0.2755
vn -0.1500 -0.7310 0.6657
vn -0.2352 -0.7009 0.6733
vn -0.2455 -0.6994 0.6712
vn -0.2357 -0.7019 0.6721
vn -0.2735 -0.7803 0.5625
vn -0.9620 -0.0159 0.2726
vn -0.9624 -0.0029 0.2715
vn -0.0649 -0.9618 0.2658
vn -0.1090 -0.9560 0.2725
vn -0.3790 -0.8768 0.2959
vn -0.9512 0.1931 -0.2405
vn -0.9920 0.1172 -0.0465
vn -0.9270 -0.2142 -0.3079
vn -0.9358 -0.3520 -0.0199
vn -0.9512 0.1944 -0.2398
vn -0.9079 -0.2772 -0.3146
vn -0.9811 0.0369 0.1898
vn -0.9637 0.0107 0.2666
vn -0.9660 0.0201 0.2577
vn -0.9069 -0.0387 0.4196
vn -0.9164 -0.0317 0.3990
vn -0.9202 -0.0296 0.3903
vn -0.9692 0.0306 0.2446
vn -0.9668 0.0803 0.2427
vn -0.0179 -0.9668 0.2551
vn -0.0149 -0.9680 0.2506
vn -0.0155 -0.9984 -0.0538
vn -0.0073 0.9999 0.0107
vn -0.0080 0.9999 0.0102
vn -0.0087 1.0000 -0.0030
vn -0.0082 1.0000 -0.0026
vn -0.9351 0.3093 0.1729
vn -0.9733 0.2063 0.1004
vn -0.9707 0.1871 0.1510
vn -0.9286 0.2983 0.2208
vn -0.9951 0.0686 0.0714
vn -0.9955 0.0908 0.0266
vn -0.2326 0.7821 0.5782
vn -0.2260 0.7842 0.5778
vn -0.2172 0.7859 0.5789
vn -0.2174 0.7859 0.5789
vn -0.2097 0.7724 0.5995
vn -0.2101 0.7735 0.5980
vn -0.2344 0.7826 0.5767
vn -0.3911 0.7341 0.5551
vn -0.3994 0.7331 0.5505
vn -0.2334 0.7822 0.5776
vn -0.8813 -0.1052 0.4606
vn -0.7261 0.2302 0.6479
vn -0.6947 0.4634 0.5501
vn -0.8694 0.2685 0.4148
vn -0.6868 0.4680 0.5562
vn -0.8664 0.2718 0.4188
vn -0.2587 0.7805 0.5692
vn -0.2524 0.7813 0.5708
vn -0.2523 0.7813 0.5708
vn -0.2504 0.7813 0.5717
vn -0.2519 0.7811 0.5713
vn -0.4177 0.7307 0.5400
vn -0.2650 0.7796 0.5675
vn -0.4241 0.7294 0.5368
vn -0.5781 0.6548 0.4869
vn -0.5852 0.6514 0.4830
vn -0.7264 0.5480 0.4148
vn -0.7409 0.5400 0.3992
vn -0.5918 0.6498 0.4770
vn -0.5711 0.6581 0.4906
vn -0.5621 0.6606 0.4977
vn -0.2418 0.7815 0.5752
vn -0.2324 0.7818 0.5786
vn -0.2322 0.7819 0.5786
vn -0.2512 0.7810 0.5718
vn -0.4077 0.7321 0.5457
vn -0.5474 0.6631 0.5106
vn -0.5529 0.6630 0.5047
vn -0.0843 0.3702 -0.9251
vn -0.0769 0.5965 -0.7989
vn -0.0837 0.4172 -0.9050
vn -0.6211 -0.1751 0.7639
vn -0.5966 -0.1742 0.7834
vn -0.5985 -0.1776 0.7812
vn -0.6218 -0.1782 0.7626
vn -0.4755 -0.2166 0.8526
vn -0.5096 -0.2146 0.8332
vn -0.3811 -0.2789 -0.8815
vn -0.4932 -0.1430 -0.8581
vn -0.4841 -0.1562 -0.8610
vn -0.3084 -0.3663 -0.8779
vn -0.4744 -0.1681 -0.8641
vn -0.2475 -0.4311 -0.8677
vn -0.8781 0.4069 0.2517
vn -0.8870 0.4106 0.2112
vn -0.9389 0.3183 0.1313
vn -0.8788 0.4713 0.0751
vn -0.3315 0.3962 -0.8563
vn -0.3314 0.3962 -0.8563
vn -0.3196 0.4696 -0.8230
vn -0.3190 0.4731 -0.8212
vn -0.3645 -0.6013 0.7110
vn -0.3674 -0.6081 0.7037
vn -0.3601 -0.8175 0.4495
vn -0.6216 -0.5797 0.5268
vn -0.5609 -0.3235 0.7621
vn -0.3615 -0.5945 0.7182
vn -0.8792 0.3714 -0.2984
vn -0.8785 0.3740 -0.2973
vn -0.8686 0.4168 -0.2679
vn -0.8681 0.4169 -0.2693
vn -0.8728 0.4170 -0.2537
vn -0.8729 0.4163 -0.2547
vn -0.9423 0.3270 -0.0712
vn -0.3324 -0.7703 -0.5442
vn -0.3323 -0.7706 -0.5438
vn -0.4692 -0.7246 -0.5049
vn -0.3372 -0.7770 -0.5316
vn -0.3372 -0.7768 -0.5318
vn 0.0460 0.8779 -0.4767
vn 0.0479 0.8780 -0.4762
vn 0.0571 0.8870 -0.4582
vn 0.0555 0.8870 -0.4585
vn 0.0570 0.8976 -0.4370
vn 0.0527 0.8978 -0.4373
vn 0.0694 0.8405 -0.5373
vn 0.0746 0.8524 -0.5175
vn 0.0580 0.8319 -0.5518
vn -0.6958 -0.0061 0.7182
vn -0.6860 0.0006 0.7276
vn -0.7055 -0.0127 0.7086
vn -0.7930 -0.3510 0.4979
vn -0.6868 0.4665 0.5574
vn -0.8587 0.2818 0.4280
vn -0.6946 0.4534 0.5585
vn -0.8526 0.2832 0.4391
vn -0.5267 0.5738 0.6271
vn -0.7047 0.4381 0.5581
vn -0.8517 0.2834 0.4408
vn -0.2018 -0.4169 0.8862
vn -0.2005 -0.4195 0.8853
vn -0.1572 -0.4929 0.8558
vn -0.1550 -0.4957 0.8545
vn -0.2149 -0.5316 0.8193
vn -0.9747 -0.1904 -0.1169
vn -0.9151 -0.3374 -0.2209
vn -0.9041 -0.3596 -0.2309
vn -0.9719 -0.2035 -0.1185
vn -0.8969 -0.3825 -0.2219
vn -0.9694 -0.2215 -0.1060
vn -0.7730 -0.5265 -0.3539
vn -0.7893 0.5378 0.2962
vn -0.5449 0.7381 0.3980
vn 0.0005 0.8145 -0.5801
vn 0.0333 0.8268 -0.5616
vn -0.3547 -0.7248 -0.5906
vn -0.3454 -0.7203 -0.6015
vn -0.3460 -0.7206 -0.6009
vn -0.3554 -0.7263 -0.5884
vn -0.8418 0.4264 0.3310
vn -0.8590 0.4092 0.3078
vn -0.5550 -0.8120 0.1810
vn -0.3208 -0.9357 0.1468
vn -0.2611 -0.9544 0.1448
vn -0.3380 -0.9104 0.2386
vn -0.5829 -0.7652 0.2732
vn -0.1696 -0.9769 -0.1303
vn -0.1773 -0.9829 -0.0499
vn -0.5893 -0.0915 -0.8027
vn -0.8217 -0.1621 -0.5464
vn -0.8823 0.0130 -0.4705
vn -0.2407 -0.3425 0.9081
vn -0.2407 -0.3424 0.9082
vn -0.0064 -0.4537 -0.8911
vn -0.0078 -0.4577 -0.8891
vn -0.0115 -0.5438 -0.8391
vn -0.0058 -0.4154 -0.9096
vn -0.0090 -0.5115 -0.8592
vn -0.0047 -0.4134 -0.9105
vn -0.6740 -0.7386 -0.0144
vn -0.5842 -0.7961 -0.1575
vn -0.8632 -0.5045 -0.0201
vn -0.7918 -0.5836 -0.1802
vn -0.9693 -0.2415 -0.0472
vn -0.9746 -0.2230 -0.0199
vn -0.9565 -0.2797 -0.0823
vn -0.9592 -0.2729 -0.0741
vn -0.9879 -0.1459 0.0526
vn -0.9610 -0.2663 -0.0742
vn -0.9538 -0.2865 -0.0905
vn -0.9529 -0.2896 -0.0904
vn -0.9365 -0.3271 -0.1264
vn -0.9185 -0.3606 -0.1622
vn -0.8023 -0.5073 -0.3147
vn -0.9207 -0.3543 -0.1635
vn -0.9809 -0.1941 -0.0141
vn -0.9519 -0.2927 -0.0903
vn -0.9829 -0.1835 0.0143
vn -0.0344 0.9687 0.2460
vn -0.0582 0.8882 0.4557
vn -0.0546 0.9015 0.4294
vn -0.8181 0.1263 0.5610
vn -0.7423 0.2360 0.6272
vn -0.7406 0.2380 0.6284
vn -0.8195 0.1238 0.5595
vn 0.0721 0.8676 -0.4921
vn 0.0671 0.8677 -0.4925
vn 0.0654 0.8562 -0.5125
vn 0.0679 0.8561 -0.5123
vn 0.0548 0.8468 -0.5291
vn 0.0572 0.8469 -0.5286
vn 0.0630 0.8563 -0.5127
vn 0.0524 0.8467 -0.5295
vn 0.0607 0.8677 -0.4933
vn 0.0201 -0.0318 -0.9993
vn 0.0255 0.2236 -0.9743
vn -0.0163 -0.0291 -0.9994
vn 0.0150 -0.2316 -0.9727
vn -0.9210 -0.3514 -0.1679
vn -0.9229 -0.3481 -0.1647
vn -0.9768 -0.2090 -0.0466
vn -0.9192 -0.3547 -0.1710
vn -0.9025 -0.3833 -0.1966
vn -0.9705 -0.2268 -0.0818
vn -0.8724 0.0083 0.4888
vn -0.9306 0.0914 0.3545
vn -0.8726 0.0072 0.4884
vn -0.0507 0.9139 0.4027
vn -0.0647 0.8019 0.5940
vn -0.7428 -0.5822 -0.3307
vn -0.7222 -0.6915 -0.0181
vn -0.7406 -0.5844 -0.3316
vn -0.6434 -0.6405 -0.4193
vn -0.0906 0.6394 0.7635
vn -0.0770 0.6507 0.7554
vn -0.0563 0.6581 0.7508
vn -0.0778 0.6512 0.7549
vn -0.0552 0.6582 0.7509
vn -0.0892 0.6400 0.7632
vn -0.0193 -0.8457 0.5333
vn -0.0136 -0.8562 0.5165
vn -0.0217 -0.8994 0.4365
vn -0.0216 -0.8995 0.4364
vn -0.0217 -0.8995 0.4364
vn -0.9113 0.1892 -0.3657
vn -0.9154 0.1791 -0.3606
vn -0.9837 0.1257 -0.1282
vn -0.9154 0.1797 -0.3602
vn -0.9113 0.1891 -0.3658
vn -0.9090 0.2593 -0.3264
vn -0.9141 0.1961 -0.3550
vn -0.9141 0.1955 -0.3551
vn -0.9090 0.2594 -0.3263
vn -0.0528 -0.0438 -0.9976
vn -0.9651 0.1547 0.2113
vn -0.9614 0.1503 0.2303
vn -0.9663 0.1141 0.2308
vn -0.3416 -0.2511 0.9057
vn -0.3849 -0.2480 0.8890
vn -0.3433 -0.2547 0.9040
vn -0.3858 -0.2501 0.8881
vn -0.1723 0.9848 0.0210
vn -0.1730 0.9847 0.0209
vn -0.2106 0.9466 0.2441
vn -0.0111 -0.5381 -0.8428
vn -0.0088 -0.5381 -0.8428
vn -0.0062 -0.4914 -0.8709
vn -0.0077 -0.4913 -0.8709
vn -0.0046 -0.4913 -0.8710
vn -0.0066 -0.5381 -0.8429
vn -0.7911 -0.1707 0.5874
vn -0.7912 -0.1708 0.5873
vn -0.5660 0.2906 -0.7715
vn -0.5396 0.2558 -0.8021
vn -0.5389 0.2586 -0.8017
vn -0.5652 0.2917 -0.7717
vn -0.5380 0.2614 -0.8014
vn -0.5642 0.2923 -0.7722
vn -0.0644 -0.4519 -0.8897
vn -0.1183 -0.4660 -0.8768
vn -0.1025 0.2146 0.9713
vn -0.0866 0.2013 0.9757
vn -0.0888 0.2018 0.9754
vn -0.1075 0.2144 0.9708
vn -0.0909 0.2021 0.9751
vn -0.1128 0.2141 0.9703
vn -0.4916 -0.7132 -0.4996
vn -0.5770 -0.6650 -0.4742
vn -0.8458 -0.0848 0.5268
vn -0.8458 -0.0848 0.5267
vn -0.8405 -0.0830 0.5355
vn -0.8410 -0.0840 0.5345
vn -0.1515 -0.9677 -0.2014
vn -0.2013 -0.9692 0.1422
vn -0.0635 -0.9881 0.1402
vn -0.9643 0.0957 -0.2471
vn -0.9084 0.1846 -0.3752
vn -0.9976 -0.0222 -0.0659
vn -0.9938 0.0054 -0.1113
vn -0.9930 0.1137 -0.0334
vn -0.8710 0.4220 -0.2515
vn -0.8709 0.4227 -0.2508
vn -0.1726 -0.4725 -0.8643
vn -0.2328 -0.2533 -0.9390
vn -0.1504 -0.5307 -0.8341
vn -0.7848 -0.4962 0.3713
vn -0.7801 -0.5554 0.2882
vn -0.5830 -0.7242 0.3683
vn -0.5219 -0.2174 0.8248
vn -0.6298 -0.1827 0.7549
vn -0.6298 -0.1826 0.7550
vn -0.6244 -0.1610 0.7643
vn -0.6249 -0.1628 0.7636
vn -0.5235 -0.1979 0.8288
vn -0.9840 -0.0141 0.1776
vn -0.9905 -0.0700 0.1185
vn -0.9914 -0.0230 0.1290
vn -0.5020 0.4028 -0.7653
vn -0.5020 0.4030 -0.7652
vn -0.5019 0.4032 -0.7652
vn -0.4845 0.4732 -0.7358
vn -0.4848 0.4723 -0.7361
vn -0.4842 0.4741 -0.7354
vn -0.9985 -0.0514 0.0182
vn -0.9991 -0.0416 -0.0001
vn -0.9991 -0.0425 -0.0080
vn -0.6453 0.2511 -0.7215
vn -0.6403 0.2578 -0.7236
vn -0.6403 0.2577 -0.7236
vn -0.6449 0.2524 -0.7214
vn -0.9908 -0.0162 0.1346
vn -0.9817 0.0471 0.1845
vn -0.9633 0.1170 0.2417
vn -0.9954 -0.0623 0.0733
vn -0.9918 0.0627 0.1118
vn -0.2873 0.7599 0.5831
vn -0.2857 0.7535 0.5921
vn -0.7579 -0.6199 0.2032
vn -0.7485 -0.6309 0.2044
vn 0.0680 0.8791 -0.4717
vn 0.0775 0.8792 -0.4701
vn 0.0585 0.8789 -0.4734
vn -0.9666 0.0487 0.2515
vn -0.9693 0.0503 0.2408
vn -0.9251 -0.2975 0.2359
vn -0.3378 -0.7844 -0.5202
vn -0.9975 -0.0604 0.0369
vn -0.9920 0.0503 0.1159
vn -0.0871 -0.9470 0.3091
vn -0.0972 -0.9829 0.1564
vn -0.0359 0.6508 0.7584
vn -0.0348 0.6507 0.7585
vn -0.2405 0.8579 0.4540
vn -0.9360 0.1695 0.3085
vn -0.2700 -0.5692 0.7766
vn -0.2708 -0.5684 0.7769
vn -0.0202 0.9738 0.2265
vn 0.0174 0.9742 0.2250
vn 0.0168 0.9744 0.2243
vn -0.0351 0.9722 0.2316
vn -0.9628 0.1706 0.2097
vn -0.0902 0.1745 0.9805
vn -0.0907 0.2561 0.9624
vn -0.0917 0.2563 0.9622
vn -0.0130 -0.8922 0.4514
vn -0.0130 -0.8946 0.4466
vn -0.0128 -0.8921 0.4516
vn -0.0129 -0.8947 0.4466
vn -0.1758 -0.0256 0.9841
vn -0.1774 -0.0310 0.9836
vn -0.1391 0.1624 0.9769
vn -0.1741 -0.0200 0.9845
vn -0.1204 -0.9175 -0.3790
vn -0.1196 -0.9176 -0.3791
vn -0.0094 -0.7207 0.6932
vn -0.0110 -0.7211 0.6928
vn -0.0057 -0.7089 0.7052
vn -0.0045 -0.7084 0.7058
vn -0.0070 -0.7094 0.7048
vn -0.6186 -0.7280 0.2956
vn -0.6185 -0.7282 0.2954
vn -0.6097 -0.7304 0.3080
vn -0.9880 0.0343 0.1508
vn -0.9879 0.0353 0.1513
vn -0.4986 -0.7984 -0.3375
vn -0.5206 -0.7647 -0.3799
vn -0.6396 -0.6639 -0.3875
vn -0.4750 -0.8295 -0.2939
vn -0.0952 0.9711 0.2187
vn -0.0831 0.9722 0.2187
vn -0.7430 -0.5470 -0.3857
vn -0.8783 -0.4153 -0.2369
vn -0.0036 -0.6351 0.7724
vn -0.0031 -0.6342 0.7732
vn -0.6483 -0.6199 -0.4420
vn -0.6572 -0.6153 -0.4352
vn -0.5227 -0.6806 -0.5133
vn -0.6392 -0.6244 -0.4488
vn -0.0242 -0.9802 0.1965
vn -0.0247 -0.9802 0.1965
vn -0.0226 -0.9736 0.2272
vn -0.5403 -0.1951 0.8186
vn -0.5426 -0.2113 0.8130
vn -0.5427 -0.2118 0.8128
vn -0.5399 -0.1935 0.8192
vn -0.5429 -0.2124 0.8125
vn -0.5395 -0.1916 0.8199
vn -0.0078 0.9894 -0.1447
vn -0.0209 0.9264 -0.3761
vn -0.4050 -0.2491 0.8797
vn -0.4048 -0.2486 0.8800
vn -0.4067 -0.2354 0.8827
vn -0.4065 -0.2345 0.8830
vn 0.0094 -0.4222 -0.9065
vn 0.0451 0.8398 -0.5410
vn 0.0436 0.8397 -0.5412
vn 0.0421 0.8396 -0.5415
vn -0.5990 -0.7341 0.3198
vn -0.1686 0.6604 0.7317
vn -0.1697 0.6620 0.7301
vn -0.4196 0.1703 -0.8916
vn -0.4251 0.1912 -0.8847
vn -0.4594 0.3740 -0.8057
vn -0.4591 0.3751 -0.8054
vn -0.4433 0.3569 -0.8223
vn -0.4409 0.3546 -0.8246
vn -0.4672 0.5552 -0.6881
vn -0.4660 0.5639 -0.6818
vn -0.4668 0.5621 -0.6828
vn -0.4694 0.5510 -0.6900
vn -0.4676 0.5603 -0.6837
vn -0.4711 0.5473 -0.6917
vn -0.4182 0.6332 -0.6513
vn -0.4316 0.6161 -0.6589
vn -0.4034 0.6512 -0.6428
vn -0.3303 -0.8858 0.3261
vn -0.0633 -0.7363 0.6737
vn -0.0644 -0.9000 0.4312
vn -0.0644 -0.8999 0.4312
vn -0.1499 -0.7310 0.6657
vn -0.0077 0.9997 0.0241
vn -0.0071 0.9997 0.0246
vn -0.0148 -0.9356 -0.3528
vn -0.0145 -0.9357 -0.3524
vn -0.9508 0.0867 0.2974
vn -0.9583 0.0573 0.2800
vn -0.0418 -0.7117 0.7012
vn -0.0486 -0.7081 0.7044
vn -0.0160 -0.7249 0.6887
vn -0.0159 -0.7249 0.6887
vn -0.0143 -0.5687 -0.8224
vn -0.0114 -0.5679 -0.8230
vn -0.0086 -0.5668 -0.8238
vn -0.0675 -0.5596 -0.8260
vn -0.0498 -0.5672 -0.8221
vn -0.0830 -0.5541 -0.8283
vn -0.1189 -0.5464 -0.8290
vn -0.1224 -0.5396 -0.8330
vn -0.1154 -0.5532 -0.8250
vn -0.1155 -0.5532 -0.8250
vn -0.6197 -0.2024 0.7583
vn -0.6199 -0.2029 0.7580
vn -0.6563 -0.2444 0.7138
vn -0.6568 -0.2414 0.7144
vn -0.6692 -0.2028 0.7149
vn -0.6670 -0.1952 0.7190
vn -0.5568 -0.3119 0.7698
vn -0.5672 -0.2686 0.7785
vn -0.5226 -0.2530 0.8142
vn -0.1320 -0.5870 -0.7987
vn -0.1346 -0.5871 -0.7982
vn -0.3605 0.0008 -0.9328
vn -0.3648 0.0048 -0.9311
vn -0.0038 -0.3549 -0.9349
vn -0.0032 -0.3537 -0.9354
vn -0.0060 -0.4621 -0.8868
vn -0.9671 0.2201 0.1275
vn -0.0887 0.0909 0.9919
vn -0.0875 0.0898 0.9921
vn -0.9681 0.1599 0.1930
vn -0.0625 0.7830 -0.6189
vn -0.0469 0.8032 -0.5939
vn -0.0971 0.3504 0.9316
vn -0.0952 0.3498 0.9320
vn -0.0953 0.3498 0.9320
vn -0.1411 0.4178 0.8975
vn -0.1001 0.3858 0.9171
vn -0.0837 0.3812 0.9207
vn -0.0408 0.3910 0.9195
vn -0.0481 0.3897 0.9197
vn -0.1859 0.4825 0.8559
vn -0.1872 0.7641 0.6174
vn -0.1862 0.7639 0.6179
vn -0.6114 0.6399 0.4655
vn -0.7548 0.5316 0.3842
vn -0.3453 0.6569 0.6702
vn -0.2568 0.6866 0.6802
vn -0.8934 0.3247 -0.3105
vn -0.8934 0.3250 -0.3103
vn -0.0221 -0.7656 0.6429
vn -0.0153 -0.7222 0.6915
vn -0.1665 0.7107 0.6835
vn -0.1670 0.7113 0.6827
vn -0.1036 0.6360 0.7647
vn -0.1031 0.6358 0.7649
vn -0.0231 0.9074 -0.4196
vn -0.0119 0.9088 -0.4171
vn -0.0795 0.9024 -0.4234
vn -0.0827 0.9018 -0.4241
vn -0.2621 0.8324 -0.4883
vn -0.2542 0.8364 -0.4855
vn -0.5363 0.6663 0.5181
vn -0.0830 0.4630 -0.8825
vn -0.8688 0.4008 0.2906
vn -0.8499 0.5232 -0.0623
vn 0.0459 0.8247 -0.5637
vn 0.0530 0.7717 -0.6338
vn 0.0667 0.7781 -0.6245
vn 0.0534 0.7718 -0.6337
vn 0.0675 0.7782 -0.6244
vn -0.6616 0.2456 -0.7085
vn -0.6625 0.2437 -0.7083
vn 0.0800 0.7866 -0.6123
vn 0.0884 0.7988 -0.5951
vn 0.0807 0.7863 -0.6126
vn 0.0881 0.7977 -0.5965
vn -0.5961 -0.6611 -0.4556
vn -0.9608 0.1284 0.2457
vn -0.0636 -0.9859 0.1549
vn -0.0635 -0.9859 0.1550
vn -0.0208 -0.9660 0.2578
vn -0.3749 -0.7267 -0.5756
vn -0.3765 -0.7269 -0.5743
vn -0.4238 0.7277 -0.5393
vn -0.4284 0.7231 -0.5418
vn -0.3957 -0.2252 0.8903
vn -0.3962 -0.2258 0.8900
vn -0.5065 -0.1859 0.8420
vn -0.4092 -0.3068 0.8593
vn -0.4103 -0.3112 0.8572
vn -0.8247 -0.0858 0.5590
vn -0.8262 -0.0870 0.5566
vn 0.0961 0.8113 -0.5767
vn 0.0990 0.8105 -0.5773
vn 0.0785 0.8639 -0.4976
vn -0.0212 -0.8071 0.5901
vn -0.0359 -0.8367 0.5465
vn -0.0323 0.8099 -0.5857
vn -0.6188 -0.1015 0.7790
vn -0.6658 -0.1719 0.7261
vn -0.5570 -0.2357 0.7964
vn -0.6652 -0.1700 0.7271
vn -0.6081 -0.0880 0.7889
vn -0.3780 0.6917 -0.6154
vn -0.3698 0.7006 -0.6102
vn -0.3608 0.7094 -0.6055
vn -0.9209 -0.3236 -0.2173
vn -0.9750 -0.1860 -0.1215
vn -0.9628 -0.2597 -0.0744
vn -0.2761 -0.0189 -0.9609
vn 0.0297 0.4642 -0.8852
vn -0.3093 0.5400 -0.7828
vn -0.3094 0.5402 -0.7826
vn -0.4478 0.5416 -0.7114
vn -0.5668 -0.0279 0.8234
vn -0.5631 -0.0237 0.8261
vn -0.4697 0.5408 -0.6978
vn -0.4695 0.5402 -0.6984
vn -0.4692 0.5397 -0.6990
vn -0.6034 0.3216 -0.7297
vn -0.6005 0.3249 -0.7307
vn -0.6059 0.3183 -0.7291
vn -0.4354 -0.2884 0.8528
vn -0.4350 -0.2843 0.8544
vn -0.4574 -0.3235 0.8283
vn -0.4591 -0.3291 0.8252
vn -0.5758 0.5299 -0.6226
vn -0.5762 0.5300 -0.6222
vn -0.0096 0.4398 0.8980
vn -0.0085 0.4442 0.8959
vn -0.4125 0.3407 -0.8448
vn -0.4141 0.3399 -0.8444
vn -0.6087 -0.1437 0.7803
vn -0.6092 -0.1449 0.7797
vn -0.0784 -0.6882 0.7213
vn -0.0711 -0.6920 0.7184
vn -0.0858 -0.6846 0.7239
vn -0.4485 -0.3727 0.8124
vn -0.4485 -0.3743 0.8116
vn -0.0084 -0.5615 -0.8275
vn -0.0118 -0.5993 -0.8004
vn -0.0093 -0.5611 -0.8277
vn -0.0128 -0.5988 -0.8008
vn -0.9988 -0.0462 -0.0177
vn 0.0368 0.8712 -0.4896
vn 0.0379 0.8713 -0.4893
vn -0.1300 0.2214 0.9665
vn -0.1264 0.2218 0.9669
vn -0.1228 0.2220 0.9673
vn 0.0565 0.9080 -0.4152
vn 0.0500 0.9081 -0.4158
vn -0.9745 0.2194 0.0480
vn -0.5809 -0.2158 0.7849
vn -0.5804 -0.2146 0.7855
vn -0.5814 -0.2169 0.7842
vn -0.0150 -0.6218 -0.7831
vn -0.0163 -0.6221 -0.7827
vn -0.7672 -0.6088 0.2020
vn -0.9486 0.0976 0.3011
vn -0.9481 0.1053 0.2999
vn -0.9477 0.1130 0.2986
vn -0.5266 -0.1811 0.8306
vn -0.5259 -0.1792 0.8315
vn -0.5252 -0.1773 0.8323
vn -0.0635 -0.9858 0.1552
vn -0.5107 0.8281 0.2310
vn -0.6797 0.6386 0.3608
vn -0.5348 0.6762 0.5067
vn -0.4501 0.8261 0.3390
vn -0.7111 0.4314 0.5552
vn -0.5375 0.5974 0.5951
vn -0.2284 0.8045 0.5483
vn -0.1956 0.8500 0.4892
vn -0.1417 0.9078 0.3948
vn -0.2865 -0.8887 -0.3580
vn -0.0586 -0.9570 -0.2841
vn -0.0639 -0.9639 -0.2585
vn -0.3122 -0.9077 -0.2803
vn 0.1557 -0.9713 -0.1801
vn 0.1065 -0.9741 -0.1992
vn 0.2013 -0.9737 -0.1064
vn 0.0399 -0.9927 -0.1142
vn -0.2536 -0.9673 0.0017
vn -0.2494 -0.9677 0.0371
vn -0.4224 -0.9037 -0.0702
vn -0.3855 -0.9144 -0.1234
vn -0.2445 -0.9697 0.0040
vn -0.7248 -0.6337 -0.2704
vn -0.6492 -0.6211 -0.4391
vn -0.4379 -0.5346 -0.7228
vn -0.2782 -0.9354 -0.2180
vn -0.1522 -0.9875 -0.0409
vn -0.6559 0.5667 0.4986
vn -0.6959 0.4823 0.5320
vn -0.5889 0.5224 0.6167
vn -0.5584 0.6228 0.5480
vn -0.7734 0.3272 0.5430
vn -0.6977 0.3992 0.5949
vn -0.4535 0.5536 0.6984
vn -0.3500 0.6283 0.6948
vn -0.2917 0.7316 0.6162
vn 0.3423 -0.9372 -0.0664
vn 0.3941 -0.9174 -0.0551
vn 0.3837 -0.9215 -0.0596
vn 0.3271 -0.9421 -0.0734
vn 0.4043 -0.9127 -0.0599
vn 0.4071 -0.9116 -0.0577
vn 0.4364 -0.8980 -0.0560
vn 0.4204 -0.9056 -0.0569
vn 0.3846 -0.9212 -0.0584
vn -0.3572 0.8442 -0.3996
vn -0.3621 0.8696 -0.3357
vn -0.2738 0.8979 -0.3448
vn -0.3215 0.8412 -0.4348
vn -0.3200 0.9078 -0.2711
vn -0.2592 0.9237 -0.2823
vn -0.0925 0.9632 -0.2523
vn -0.1162 0.9420 -0.3148
vn -0.1375 0.9086 -0.3944
vn -0.9784 -0.0733 -0.1932
vn -0.7123 -0.5806 -0.3944
vn -0.7718 -0.5931 -0.2291
vn -0.9997 0.0069 -0.0234
vn -0.7910 -0.5300 0.3056
vn -0.8926 0.1789 0.4138
vn 0.3611 -0.9311 -0.0520
vn 0.3294 -0.9434 -0.0392
vn 0.3385 -0.9403 -0.0349
vn 0.3695 -0.9280 -0.0483
vn 0.2975 -0.9539 -0.0388
vn 0.3048 -0.9516 -0.0397
vn 0.3680 -0.9293 -0.0309
vn 0.3977 -0.9172 -0.0250
vn 0.4214 -0.9061 -0.0378
vn -0.0931 0.9885 -0.1188
vn -0.0160 0.9983 -0.0552
vn -0.0054 0.9979 -0.0648
vn -0.1038 0.9838 -0.1460
vn 0.0153 0.9998 0.0118
vn 0.0468 0.9989 0.0005
vn 0.1141 0.9934 0.0129
vn 0.0673 0.9965 -0.0490
vn 0.0021 0.9927 -0.1205
vn 0.2541 -0.9617 -0.1024
vn 0.2521 -0.9608 -0.1154
vn 0.3210 -0.9438 -0.0784
vn 0.2092 -0.9757 -0.0646
vn 0.1254 -0.9894 -0.0727
vn 0.1278 -0.9900 -0.0600
vn 0.2088 -0.9756 -0.0678
vn 0.0303 -0.9994 -0.0165
vn 0.0175 -0.9998 0.0056
vn 0.0916 -0.9957 0.0150
vn 0.2074 -0.9772 -0.0462
vn 0.2884 -0.9554 -0.0628
vn -0.6690 0.4308 -0.6056
vn -0.4679 0.7115 -0.5242
vn -0.4676 0.6798 -0.5650
vn -0.6207 0.5211 -0.5859
vn -0.2283 0.8256 -0.5160
vn -0.3261 0.7447 -0.5823
vn -0.0156 0.9964 0.0837
vn -0.0381 0.9937 0.1052
vn -0.0041 0.9942 0.1074
vn 0.0189 0.9965 0.0812
vn -0.1037 0.9854 0.1349
vn -0.0723 0.9866 0.1460
vn 0.0291 0.9868 0.1596
vn 0.0764 0.9902 0.1170
vn 0.1074 0.9897 0.0946
vn 0.3899 -0.9189 -0.0602
vn 0.3976 -0.9158 -0.0573
vn 0.4399 -0.8967 -0.0493
vn -0.2271 0.9491 -0.2180
vn -0.2034 0.9536 -0.2222
vn -0.0521 0.9808 -0.1877
vn -0.3275 0.9313 0.1597
vn -0.4240 0.8858 0.1886
vn -0.3238 0.9128 0.2491
vn -0.2661 0.9430 0.1997
vn -0.0897 0.9409 0.3266
vn -0.0708 0.9613 0.2663
vn 0.2626 -0.9634 -0.0536
vn 0.2665 -0.9625 -0.0507
vn 0.3338 -0.9417 -0.0426
vn -0.0023 0.9988 0.0485
vn 0.0485 0.9976 0.0502
vn 0.1322 0.9891 0.0655
vn -0.6827 0.4498 0.5758
vn -0.5314 0.6316 0.5645
vn -0.2447 0.7883 0.5646
vn -0.0989 -0.9939 0.0480
vn -0.1109 -0.9923 0.0550
vn -0.0253 -0.9989 0.0401
vn -0.2153 0.9629 0.1626
vn -0.1774 0.9687 0.1739
vn -0.0312 0.9775 0.2088
vn -0.9371 0.1912 0.2921
vn -0.9010 0.2994 0.3139
vn -0.6327 0.5118 0.5812
vn -0.8747 0.1656 -0.4554
vn -0.7925 0.3119 -0.5241
vn -0.7363 0.4010 -0.5450
vn -0.7679 0.2795 -0.5764
vn -0.3218 0.7026 -0.6347
vn -0.3390 0.5726 -0.7464
vn -0.8967 -0.1374 -0.4209
vn -0.7920 -0.0677 -0.6067
vn -0.4456 0.1784 -0.8773
vn 0.1012 0.8026 -0.5878
vn 0.0735 0.6974 -0.7129
vn 0.0779 0.8515 -0.5186
vn 0.4007 0.8223 -0.4041
vn 0.4198 0.7794 -0.4650
vn 0.4191 0.7063 -0.5706
vn 0.6379 0.7040 -0.3122
vn 0.6600 0.6565 -0.3653
vn 0.6126 0.7406 -0.2761
vn 0.7366 0.6554 -0.1667
vn 0.7545 0.6294 -0.1862
vn 0.7436 0.6301 -0.2237
vn 0.8145 0.5748 -0.0783
vn 0.7807 0.6181 -0.0918
vn 0.8119 0.5793 -0.0720
vn 0.8227 0.5657 -0.0564
vn 0.8071 0.5875 -0.0594
vn 0.7373 0.6721 -0.0680
vn 0.0597 0.9601 -0.2732
vn 0.0664 0.9385 -0.3389
vn 0.0593 0.9732 -0.2223
vn 0.2476 0.9525 -0.1774
vn 0.2665 0.9415 -0.2064
vn 0.3039 0.9172 -0.2578
vn 0.4185 0.8958 -0.1497
vn 0.4845 0.8544 -0.1879
vn 0.3913 0.9107 -0.1325
vn 0.5299 0.8439 -0.0838
vn 0.5644 0.8197 -0.0974
vn 0.6415 0.7575 -0.1211
vn 0.6878 0.7247 -0.0418
vn 0.7382 0.6724 -0.0549
vn 0.6535 0.7564 -0.0295
vn 0.6874 0.7260 -0.0208
vn 0.7228 0.6904 -0.0305
vn 0.7638 0.6440 -0.0420
vn 0.1350 0.9902 -0.0360
vn 0.1040 0.9899 -0.0964
vn 0.1590 0.9871 0.0183
vn 0.2533 0.9670 0.0261
vn 0.2503 0.9680 -0.0189
vn 0.2430 0.9675 -0.0700
vn 0.3542 0.9351 -0.0095
vn 0.3695 0.9279 -0.0500
vn 0.3328 0.9427 0.0261
vn 0.4220 0.9065 0.0153
vn 0.4708 0.8821 -0.0160
vn 0.4970 0.8671 -0.0339
vn 0.6011 0.7986 -0.0287
vn 0.6181 0.7857 -0.0244
vn 0.5578 0.8300 -0.0030
vn 0.6480 0.7605 -0.0415
vn 0.6851 0.7262 -0.0569
vn 0.6816 0.7307 -0.0395
vn 0.1451 0.9818 0.1226
vn 0.1648 0.9811 0.1011
vn 0.1164 0.9791 0.1669
vn 0.1910 0.9670 0.1685
vn 0.2138 0.9685 0.1276
vn 0.2275 0.9675 0.1107
vn 0.2629 0.9564 0.1272
vn 0.2844 0.9514 0.1180
vn 0.2383 0.9583 0.1576
vn 0.3135 0.9399 0.1351
vn 0.3263 0.9375 0.1206
vn 0.3550 0.9275 0.1172
vn 0.4273 0.8973 0.1106
vn 0.4572 0.8830 0.1058
vn 0.4255 0.8972 0.1183
vn 0.4738 0.8727 0.1183
vn 0.4685 0.8792 0.0866
vn 0.5062 0.8602 0.0616
vn 0.0388 0.9332 0.3573
vn 0.0587 0.9525 0.2990
vn 0.0132 0.9160 0.4010
vn 0.1512 0.8997 0.4096
vn 0.1584 0.9124 0.3775
vn 0.1632 0.9336 0.3189
vn 0.2510 0.8892 0.3826
vn 0.2437 0.9132 0.3265
vn 0.2597 0.8706 0.4178
vn 0.4040 0.8134 0.4185
vn 0.3718 0.8490 0.3754
vn 0.3795 0.8620 0.3362
vn 0.5660 0.7348 0.3739
vn 0.5431 0.7748 0.3238
vn 0.6047 0.6915 0.3950
vn 0.7406 0.5527 0.3821
vn 0.7121 0.5925 0.3766
vn 0.6362 0.7095 0.3030
vn -0.0234 0.8504 0.5256
vn -0.0048 0.8839 0.4677
vn -0.0632 0.7770 0.6263
vn 0.1643 0.7883 0.5929
vn 0.1652 0.8744 0.4561
vn 0.1474 0.9058 0.3973
vn 0.2725 0.8828 0.3827
vn 0.2542 0.9018 0.3495
vn 0.3140 0.7915 0.5244
vn 0.4597 0.7669 0.4479
vn 0.3394 0.8772 0.3397
vn 0.3229 0.8794 0.3498
vn 0.4446 0.8470 0.2914
vn 0.5002 0.7947 0.3440
vn 0.5756 0.7390 0.3501
vn 0.6479 0.7044 0.2898
vn 0.5573 0.7858 0.2683
vn 0.6576 0.6807 0.3230
vn -0.3047 0.5851 0.7515
vn -0.1879 0.6264 0.7565
vn -0.5154 0.3443 0.7848
vn -0.0683 0.4332 0.8987
vn 0.0514 0.5438 0.8377
vn 0.1128 0.6064 0.7871
vn 0.3203 0.4499 0.8337
vn 0.3311 0.5413 0.7729
vn 0.3220 0.4359 0.8404
vn 0.4736 0.4374 0.7644
vn 0.5673 0.3756 0.7329
vn 0.5994 0.4124 0.6861
vn 0.7405 0.3928 0.5454
vn 0.8198 0.2671 0.5065
vn 0.6142 0.5267 0.5877
vn 0.4951 0.7592 0.4225
vn 0.7055 0.5686 0.4231
vn 0.8722 0.3047 0.3826
vn 0.1897 -0.9736 0.1273
vn -0.0793 -0.8858 0.4572
vn 0.3483 -0.9363 0.0443
vn 0.6204 -0.6124 0.4900
vn 0.3104 -0.9279 0.2067
vn 0.1472 -0.8765 0.4584
vn 0.3616 0.4481 0.8176
vn 0.4970 0.1929 0.8461
vn 0.5442 0.1660 0.8224
vn 0.4156 0.3912 0.8211
vn 0.7113 -0.1321 0.6904
vn 0.7675 -0.1413 0.6253
vn 0.4083 0.5729 0.7107
vn 0.3449 0.6264 0.6990
vn 0.0849 0.9145 0.3955
vn 0.1604 0.8848 0.4376
vn 0.1260 0.8841 0.4500
vn 0.0736 0.9240 0.3754
vn -0.0036 0.9609 0.2769
vn 0.0069 0.9569 0.2905
vn 0.1111 0.9410 0.3197
vn 0.4836 -0.8744 -0.0400
vn 0.4945 -0.8692 -0.0039
vn 0.4776 -0.8770 -0.0529
vn 0.6001 -0.7991 -0.0349
vn 0.6304 -0.7761 0.0162
vn 0.6923 -0.7074 0.1423
vn 0.7654 -0.6388 0.0777
vn 0.8023 -0.5416 0.2508
vn 0.7615 -0.6481 -0.0037
vn 0.8041 -0.5942 0.0201
vn 0.7986 -0.5917 0.1097
vn 0.8066 -0.5531 0.2086
vn 0.3771 0.8428 0.3839
vn 0.5687 0.7692 0.2913
vn 0.5036 0.8300 0.2397
vn 0.3472 0.8865 0.3059
vn 0.7344 0.6548 0.1787
vn 0.6212 0.7626 0.1804
vn 0.4078 0.8877 0.2138
vn 0.2901 0.9294 0.2281
vn 0.1945 0.9500 0.2443
vn 0.4630 -0.8862 -0.0152
vn 0.4772 -0.8783 -0.0283
vn 0.4426 -0.8965 -0.0200
vn 0.6224 -0.7827 -0.0067
vn 0.6261 -0.7798 0.0002
vn 0.6225 -0.7825 -0.0130
vn 0.8486 -0.5286 0.0191
vn 0.8303 -0.5572 0.0096
vn 0.8546 -0.5191 0.0138
vn 0.9283 -0.3709 0.0265
vn 0.9198 -0.3916 0.0268
vn 0.8927 -0.4505 0.0125
vn 0.8352 0.5418 0.0944
vn 0.8375 0.5431 0.0597
vn 0.7832 0.6181 0.0679
vn 0.7669 0.6318 0.1126
vn 0.7983 0.6014 0.0312
vn 0.7509 0.6600 0.0230
vn 0.6789 0.7342 -0.0037
vn 0.7345 0.6753 0.0663
vn 0.6824 0.7171 0.1415
vn 0.3250 -0.9450 -0.0375
vn 0.3874 -0.9203 -0.0544
vn 0.2161 -0.9763 0.0079
vn 0.5796 -0.8110 -0.0797
vn 0.6080 -0.7906 -0.0724
vn 0.6118 -0.7891 -0.0552
vn 0.8923 -0.4351 -0.1201
vn 0.8669 -0.4954 -0.0556
vn 0.9185 -0.3482 -0.1875
vn 0.9642 -0.2049 -0.1685
vn 0.9496 -0.2983 -0.0964
vn 0.9298 -0.3671 -0.0250
vn 0.6401 0.7675 -0.0343
vn 0.4773 0.8716 -0.1122
vn 0.4721 0.8788 -0.0691
vn 0.5941 0.8040 -0.0251
vn 0.3325 0.9275 -0.1706
vn 0.3237 0.9376 -0.1267
vn 0.2243 0.9694 -0.0994
vn 0.3364 0.9386 -0.0768
vn 0.4480 0.8917 -0.0640
vn -0.0779 -0.9228 -0.3773
vn 0.0023 -0.9939 -0.1103
vn -0.1946 -0.8833 -0.4264
vn 0.0320 -0.8097 -0.5860
vn 0.0566 -0.9471 -0.3160
vn 0.5921 -0.7398 -0.3194
vn 0.8046 0.1908 -0.5623
vn 0.8688 0.1673 -0.4660
vn 0.9277 -0.0961 -0.3607
vn 0.5843 0.4803 -0.6541
vn 0.7549 0.4429 -0.4838
vn 0.7180 0.6342 -0.2868
vn 0.7146 0.6363 -0.2907
vn 0.7639 0.5764 -0.2900
vn 0.4235 0.8938 -0.1477
vn 0.2859 0.9448 -0.1602
vn 0.5895 0.7970 -0.1311
vn 0.4978 0.8618 -0.0976
vn 0.3297 0.9375 -0.1112
vn 0.1708 0.9774 -0.1246
vn -0.0344 0.3689 -0.9288
vn 0.0669 0.2363 -0.9694
vn 0.4146 0.5290 -0.7405
vn 0.6750 0.6095 -0.4158
vn 0.7228 0.6425 -0.2545
vn 0.7112 0.6943 -0.1107
vn 0.6372 0.7662 -0.0824
vn 0.0680 0.8982 -0.4343
vn 0.3587 0.8726 -0.3315
vn 0.5616 0.7926 -0.2375
vn 0.6980 0.7007 -0.1476
vn 0.7851 0.6158 -0.0671
vn 0.8006 0.5970 -0.0515
vn 0.0783 0.9841 -0.1597
vn 0.2437 0.9617 -0.1255
vn 0.3818 0.9195 -0.0937
vn 0.5177 0.8536 -0.0578
vn 0.6306 0.7759 -0.0186
vn 0.6698 0.7423 -0.0196
vn 0.1729 0.9825 0.0698
vn 0.2445 0.9666 0.0763
vn 0.3058 0.9492 0.0741
vn 0.3834 0.9213 0.0651
vn 0.5050 0.8615 0.0532
vn 0.5742 0.8186 0.0128
vn 0.0825 0.9693 0.2319
vn 0.1665 0.9565 0.2397
vn 0.2286 0.9444 0.2364
vn 0.3455 0.9097 0.2302
vn 0.4744 0.8562 0.2046
vn 0.5356 0.8216 0.1952
vn -0.0035 0.8970 0.4419
vn 0.1428 0.9017 0.4081
vn 0.2608 0.8768 0.4039
vn 0.3919 0.8181 0.4208
vn 0.6103 0.6770 0.4115
vn 0.7444 0.5537 0.3733
vn -0.1102 0.6875 0.7178
vn 0.1613 0.6875 0.7081
vn 0.3403 0.6592 0.6706
vn 0.6198 0.5010 0.6040
vn 0.7965 0.4036 0.4503
vn 0.8422 0.4155 0.3438
vn -0.4982 0.1985 0.8440
vn -0.3022 -0.8534 0.4248
vn -0.0925 -0.5827 0.8074
vn 0.0796 0.4168 0.9055
vn 0.3438 0.4681 0.8141
vn 0.4056 0.5417 0.7363
vn 0.3682 0.7647 0.5288
vn 0.2690 0.8898 0.3686
vn 0.4587 -0.8882 0.0265
vn 0.6796 -0.6691 0.3009
vn 0.8056 -0.3487 0.4790
vn 0.8224 -0.4406 0.3599
vn 0.1700 0.8872 0.4288
vn 0.1905 0.9152 0.3552
vn 0.0974 0.9601 0.2621
vn 0.4828 -0.8746 -0.0436
vn 0.6104 -0.7916 -0.0294
vn 0.7976 -0.6032 -0.0078
vn 0.8428 -0.5382 -0.0035
vn 0.8039 0.5831 0.1170
vn 0.7096 0.6901 0.1420
vn 0.5456 0.8152 0.1941
vn 0.4185 -0.9076 -0.0338
vn 0.6115 -0.7909 -0.0225
vn 0.8522 -0.5232 -0.0075
vn 0.9292 -0.3695 0.0086
vn 0.7400 0.6725 0.0119
vn 0.6835 0.7300 -0.0013
vn 0.5670 0.8224 -0.0467
vn 0.1050 -0.9944 0.0102
vn 0.5406 -0.8318 -0.1260
vn 0.9299 -0.2605 -0.2596
vn 0.9647 -0.0275 -0.2620
vn 0.3042 0.9344 -0.1852
vn 0.2282 0.9604 -0.1596
vn 0.1290 0.9838 -0.1244
vn 0.1117 0.9514 0.2871
vn 0.2485 0.9190 0.3062
vn 0.6767 0.7339 -0.0597
vn 0.6622 0.7482 -0.0414
vn 0.5902 0.8032 -0.0812
vn 0.4648 0.8804 -0.0943
vn 0.7872 0.6119 -0.0764
vn 0.7076 0.7026 -0.0753
vn 0.7624 0.5239 0.3798
vn 0.7884 0.4635 0.4045
vn 0.6884 0.7206 -0.0829
vn 0.7535 0.5336 0.3841
vn 0.6740 0.6702 0.3109
vn 0.6679 0.6595 0.3450
vn 0.8597 0.3875 0.3328
vn 0.2722 0.9272 0.2575
vn 0.2160 0.9417 0.2579
vn 0.8025 0.5916 -0.0772
vn 0.3205 0.9412 -0.1072
vn 0.3922 0.9142 -0.1020
vn 0.6655 0.6719 0.3250
vn 0.6625 0.7453 -0.0743
vn 0.4141 0.8497 0.3263
vn 0.3481 0.9017 0.2565
vn 0.2575 0.9598 -0.1115
vn 0.1786 0.9762 -0.1229
vn 0.6093 0.7924 -0.0301
vn 0.1427 0.9541 0.2633
vn 0.0505 0.9620 0.2683
vn 0.1893 0.9739 -0.1252
vn 0.5620 0.8269 0.0201
vn 0.4914 0.8675 -0.0776
vn 0.6778 0.7339 -0.0441
vn 0.5859 0.8101 -0.0212
vn 0.5902 0.7914 0.1593
vn 0.4760 0.8489 0.2300
vn 0.5895 0.7799 0.2101
vn 0.3231 0.9399 -0.1103
vn 0.6254 0.7777 0.0642
vn 0.0207 0.9617 0.2733
vn 0.6228 0.7276 0.2878
vn 0.5668 0.7751 0.2791
vn 0.5424 0.8310 0.1235
vn 0.5375 0.8407 0.0653
vn 0.7137 0.6982 -0.0558
vn 0.7482 0.6602 -0.0661
vn 0.8263 0.4652 0.3175
vn 0.7784 0.6235 -0.0734
vn 0.5359 0.8386 0.0977
vn 0.5107 0.8281 0.2310
vn 0.4501 0.8261 0.3390
vn 0.5348 0.6762 0.5067
vn 0.6796 0.6387 0.3608
vn 0.5375 0.5974 0.5952
vn 0.7111 0.4314 0.5552
vn 0.1956 0.8500 0.4892
vn 0.2284 0.8045 0.5483
vn 0.1416 0.9078 0.3948
vn 0.2865 -0.8887 -0.3580
vn 0.3122 -0.9077 -0.2803
vn 0.0638 -0.9639 -0.2585
vn 0.0585 -0.9570 -0.2841
vn -0.1065 -0.9741 -0.1992
vn -0.1557 -0.9713 -0.1801
vn -0.0399 -0.9927 -0.1142
vn -0.2013 -0.9737 -0.1064
vn 0.2536 -0.9673 0.0017
vn 0.2494 -0.9677 0.0371
vn 0.2444 -0.9697 0.0040
vn 0.3854 -0.9144 -0.1234
vn 0.4224 -0.9037 -0.0702
vn 0.6492 -0.6211 -0.4391
vn 0.7248 -0.6338 -0.2704
vn 0.2782 -0.9354 -0.2180
vn 0.4379 -0.5346 -0.7228
vn 0.1522 -0.9875 -0.0409
vn 0.6560 0.5667 0.4986
vn 0.5584 0.6228 0.5480
vn 0.5888 0.5224 0.6167
vn 0.6959 0.4823 0.5320
vn 0.6976 0.3992 0.5949
vn 0.7734 0.3272 0.5430
vn 0.3500 0.6283 0.6948
vn 0.4535 0.5536 0.6985
vn 0.2916 0.7316 0.6163
vn -0.3423 -0.9372 -0.0664
vn -0.3270 -0.9422 -0.0734
vn -0.3837 -0.9215 -0.0596
vn -0.3941 -0.9174 -0.0551
vn -0.4071 -0.9116 -0.0577
vn -0.4043 -0.9127 -0.0599
vn -0.4204 -0.9056 -0.0569
vn -0.4364 -0.8980 -0.0560
vn -0.3846 -0.9212 -0.0584
vn 0.3571 0.8442 -0.3997
vn 0.3213 0.8412 -0.4348
vn 0.2737 0.8979 -0.3448
vn 0.3619 0.8697 -0.3357
vn 0.2590 0.9237 -0.2823
vn 0.3197 0.9079 -0.2712
vn 0.1161 0.9420 -0.3148
vn 0.0924 0.9632 -0.2523
vn 0.1374 0.9086 -0.3944
vn 0.9784 -0.0733 -0.1932
vn 0.9997 0.0069 -0.0235
vn 0.7718 -0.5931 -0.2291
vn 0.7123 -0.5806 -0.3944
vn 0.7910 -0.5300 0.3056
vn 0.8926 0.1789 0.4138
vn -0.3611 -0.9311 -0.0520
vn -0.3695 -0.9280 -0.0483
vn -0.3385 -0.9403 -0.0349
vn -0.3294 -0.9434 -0.0392
vn -0.3048 -0.9516 -0.0397
vn -0.2975 -0.9539 -0.0388
vn -0.3977 -0.9172 -0.0250
vn -0.3680 -0.9293 -0.0309
vn -0.4214 -0.9061 -0.0378
vn 0.0932 0.9885 -0.1188
vn 0.1037 0.9838 -0.1460
vn 0.0056 0.9979 -0.0648
vn 0.0161 0.9983 -0.0552
vn -0.0468 0.9989 0.0005
vn -0.0153 0.9998 0.0118
vn -0.0673 0.9965 -0.0490
vn -0.1141 0.9934 0.0129
vn -0.0022 0.9927 -0.1205
vn -0.2521 -0.9608 -0.1154
vn -0.2541 -0.9617 -0.1024
vn -0.3210 -0.9438 -0.0784
vn -0.2092 -0.9757 -0.0646
vn -0.2088 -0.9756 -0.0678
vn -0.1278 -0.9900 -0.0600
vn -0.1255 -0.9894 -0.0727
vn -0.0175 -0.9998 0.0056
vn -0.0304 -0.9994 -0.0165
vn -0.2074 -0.9772 -0.0462
vn -0.0916 -0.9957 0.0150
vn -0.2884 -0.9555 -0.0628
vn 0.6691 0.4308 -0.6056
vn 0.6206 0.5211 -0.5859
vn 0.4676 0.6798 -0.5650
vn 0.4678 0.7116 -0.5242
vn 0.2283 0.8256 -0.5160
vn 0.3261 0.7447 -0.5823
vn 0.0157 0.9964 0.0837
vn -0.0189 0.9965 0.0812
vn 0.0041 0.9942 0.1074
vn 0.0382 0.9937 0.1052
vn 0.0724 0.9866 0.1460
vn 0.1037 0.9854 0.1349
vn -0.0764 0.9902 0.1170
vn -0.0290 0.9868 0.1596
vn -0.1074 0.9897 0.0946
vn -0.3976 -0.9158 -0.0573
vn -0.3899 -0.9189 -0.0602
vn -0.4398 -0.8967 -0.0493
vn 0.2032 0.9536 -0.2222
vn 0.2269 0.9492 -0.2181
vn 0.0521 0.9808 -0.1877
vn 0.3276 0.9312 0.1597
vn 0.2662 0.9430 0.1997
vn 0.3238 0.9128 0.2491
vn 0.4240 0.8858 0.1886
vn 0.0897 0.9409 0.3266
vn 0.0708 0.9613 0.2663
vn -0.2665 -0.9625 -0.0507
vn -0.2625 -0.9634 -0.0536
vn -0.3338 -0.9417 -0.0426
vn -0.0485 0.9976 0.0502
vn 0.0024 0.9988 0.0485
vn -0.1323 0.9890 0.0655
vn 0.5314 0.6316 0.5645
vn 0.6827 0.4498 0.5758
vn 0.2446 0.7883 0.5646
vn 0.1108 -0.9923 0.0550
vn 0.0988 -0.9939 0.0480
vn 0.0253 -0.9989 0.0401
vn 0.1775 0.9686 0.1739
vn 0.2153 0.9629 0.1626
vn 0.0312 0.9775 0.2088
vn 0.9010 0.2994 0.3139
vn 0.9371 0.1912 0.2921
vn 0.6327 0.5118 0.5812
vn 0.8747 0.1656 -0.4555
vn 0.7679 0.2794 -0.5764
vn 0.7363 0.4010 -0.5450
vn 0.7925 0.3119 -0.5241
vn 0.3218 0.7026 -0.6346
vn 0.3390 0.5726 -0.7464
vn 0.7920 -0.0677 -0.6067
vn 0.8967 -0.1374 -0.4209
vn 0.4456 0.1784 -0.8773
vn -0.0736 0.6974 -0.7129
vn -0.1012 0.8026 -0.5878
vn -0.0780 0.8515 -0.5186
vn -0.4198 0.7794 -0.4650
vn -0.4007 0.8223 -0.4041
vn -0.4191 0.7063 -0.5706
vn -0.6600 0.6565 -0.3653
vn -0.6379 0.7040 -0.3122
vn -0.6126 0.7406 -0.2761
vn -0.7545 0.6294 -0.1862
vn -0.7366 0.6555 -0.1667
vn -0.7436 0.6301 -0.2237
vn -0.7807 0.6181 -0.0918
vn -0.8145 0.5748 -0.0783
vn -0.8119 0.5793 -0.0720
vn -0.8071 0.5875 -0.0594
vn -0.8227 0.5657 -0.0564
vn -0.7373 0.6721 -0.0680
vn -0.0665 0.9385 -0.3389
vn -0.0598 0.9601 -0.2732
vn -0.0593 0.9732 -0.2223
vn -0.2666 0.9415 -0.2064
vn -0.2476 0.9525 -0.1774
vn -0.3039 0.9172 -0.2578
vn -0.4845 0.8544 -0.1879
vn -0.4185 0.8958 -0.1497
vn -0.3913 0.9107 -0.1325
vn -0.5645 0.8197 -0.0974
vn -0.5299 0.8439 -0.0838
vn -0.6415 0.7575 -0.1211
vn -0.7382 0.6724 -0.0549
vn -0.6878 0.7247 -0.0418
vn -0.6535 0.7564 -0.0295
vn -0.7228 0.6904 -0.0305
vn -0.6874 0.7260 -0.0208
vn -0.7638 0.6440 -0.0420
vn -0.1039 0.9899 -0.0964
vn -0.1350 0.9902 -0.0360
vn -0.1590 0.9871 0.0183
vn -0.2504 0.9680 -0.0189
vn -0.2533 0.9670 0.0261
vn -0.2430 0.9675 -0.0700
vn -0.3695 0.9279 -0.0500
vn -0.3542 0.9351 -0.0095
vn -0.3328 0.9426 0.0261
vn -0.4708 0.8821 -0.0160
vn -0.4220 0.9065 0.0153
vn -0.4970 0.8671 -0.0339
vn -0.6181 0.7857 -0.0244
vn -0.6011 0.7986 -0.0287
vn -0.5578 0.8300 -0.0030
vn -0.6852 0.7262 -0.0569
vn -0.6481 0.7605 -0.0415
vn -0.6816 0.7307 -0.0395
vn -0.1648 0.9811 0.1011
vn -0.1451 0.9818 0.1226
vn -0.1164 0.9791 0.1669
vn -0.2138 0.9685 0.1276
vn -0.1910 0.9670 0.1685
vn -0.2275 0.9675 0.1107
vn -0.2844 0.9514 0.1180
vn -0.2629 0.9564 0.1272
vn -0.2382 0.9583 0.1576
vn -0.3263 0.9375 0.1206
vn -0.3134 0.9400 0.1351
vn -0.3551 0.9275 0.1172
vn -0.4572 0.8830 0.1058
vn -0.4273 0.8973 0.1106
vn -0.4255 0.8972 0.1183
vn -0.4685 0.8792 0.0866
vn -0.4738 0.8727 0.1183
vn -0.5062 0.8602 0.0616
vn -0.0587 0.9524 0.2990
vn -0.0388 0.9332 0.3573
vn -0.0132 0.9160 0.4010
vn -0.1584 0.9124 0.3775
vn -0.1511 0.8997 0.4096
vn -0.1632 0.9336 0.3189
vn -0.2437 0.9132 0.3265
vn -0.2510 0.8892 0.3826
vn -0.2597 0.8706 0.4178
vn -0.3718 0.8490 0.3754
vn -0.4040 0.8134 0.4185
vn -0.3795 0.8620 0.3362
vn -0.5430 0.7748 0.3238
vn -0.5660 0.7348 0.3739
vn -0.6047 0.6916 0.3950
vn -0.7121 0.5925 0.3766
vn -0.7407 0.5527 0.3821
vn -0.6362 0.7095 0.3030
vn 0.0048 0.8839 0.4677
vn 0.0234 0.8504 0.5256
vn 0.0632 0.7770 0.6263
vn -0.1652 0.8744 0.4561
vn -0.1644 0.7883 0.5929
vn -0.1474 0.9058 0.3973
vn -0.2542 0.9018 0.3495
vn -0.2725 0.8828 0.3827
vn -0.3140 0.7915 0.5244
vn -0.3393 0.8772 0.3397
vn -0.4596 0.7669 0.4479
vn -0.3229 0.8794 0.3498
vn -0.5001 0.7947 0.3440
vn -0.4446 0.8470 0.2914
vn -0.5756 0.7390 0.3501
vn -0.5573 0.7858 0.2683
vn -0.6480 0.7044 0.2898
vn -0.6576 0.6806 0.3230
vn 0.1879 0.6264 0.7565
vn 0.3046 0.5852 0.7515
vn 0.5154 0.3443 0.7848
vn -0.0514 0.5438 0.8377
vn 0.0683 0.4332 0.8987
vn -0.1128 0.6064 0.7871
vn -0.3311 0.5413 0.7729
vn -0.3203 0.4499 0.8337
vn -0.3220 0.4359 0.8404
vn -0.5673 0.3756 0.7329
vn -0.4737 0.4374 0.7644
vn -0.5994 0.4124 0.6861
vn -0.8198 0.2671 0.5065
vn -0.7404 0.3928 0.5454
vn -0.6142 0.5267 0.5877
vn -0.7054 0.5686 0.4231
vn -0.4951 0.7592 0.4225
vn -0.8722 0.3047 0.3826
vn 0.0793 -0.8858 0.4572
vn -0.1897 -0.9736 0.1273
vn -0.3483 -0.9363 0.0443
vn -0.3105 -0.9278 0.2067
vn -0.6204 -0.6124 0.4900
vn -0.1472 -0.8765 0.4584
vn -0.3616 0.4481 0.8176
vn -0.4156 0.3912 0.8211
vn -0.5442 0.1660 0.8224
vn -0.4969 0.1928 0.8461
vn -0.7112 -0.1321 0.6904
vn -0.4082 0.5729 0.7107
vn -0.7675 -0.1413 0.6253
vn -0.3448 0.6264 0.6990
vn -0.1604 0.8848 0.4376
vn -0.0849 0.9145 0.3955
vn -0.0736 0.9240 0.3754
vn -0.1260 0.8841 0.4500
vn -0.0069 0.9569 0.2905
vn 0.0036 0.9609 0.2768
vn -0.1111 0.9410 0.3197
vn -0.4945 -0.8692 -0.0039
vn -0.4836 -0.8744 -0.0400
vn -0.4776 -0.8770 -0.0529
vn -0.6303 -0.7762 0.0162
vn -0.6001 -0.7992 -0.0349
vn -0.6923 -0.7074 0.1423
vn -0.8023 -0.5416 0.2508
vn -0.7654 -0.6388 0.0777
vn -0.7615 -0.6481 -0.0037
vn -0.7986 -0.5917 0.1097
vn -0.8041 -0.5942 0.0201
vn -0.8066 -0.5531 0.2086
vn -0.3771 0.8428 0.3839
vn -0.3472 0.8865 0.3059
vn -0.5036 0.8300 0.2397
vn -0.5687 0.7692 0.2913
vn -0.6212 0.7626 0.1804
vn -0.7344 0.6548 0.1787
vn -0.2901 0.9294 0.2281
vn -0.4078 0.8877 0.2138
vn -0.1945 0.9500 0.2443
vn -0.4772 -0.8783 -0.0283
vn -0.4630 -0.8862 -0.0152
vn -0.4426 -0.8965 -0.0200
vn -0.6261 -0.7798 0.0002
vn -0.6224 -0.7827 -0.0067
vn -0.6225 -0.7825 -0.0130
vn -0.8303 -0.5572 0.0096
vn -0.8487 -0.5286 0.0191
vn -0.8546 -0.5192 0.0138
vn -0.9198 -0.3915 0.0268
vn -0.9283 -0.3708 0.0265
vn -0.8927 -0.4505 0.0125
vn -0.8352 0.5418 0.0944
vn -0.7669 0.6318 0.1126
vn -0.7832 0.6181 0.0679
vn -0.8375 0.5431 0.0597
vn -0.7509 0.6600 0.0230
vn -0.7983 0.6014 0.0312
vn -0.7345 0.6753 0.0663
vn -0.6789 0.7342 -0.0037
vn -0.6824 0.7171 0.1415
vn -0.3874 -0.9203 -0.0544
vn -0.3250 -0.9450 -0.0375
vn -0.2161 -0.9763 0.0079
vn -0.6080 -0.7906 -0.0724
vn -0.5796 -0.8110 -0.0797
vn -0.6118 -0.7891 -0.0552
vn -0.8669 -0.4954 -0.0556
vn -0.8923 -0.4352 -0.1201
vn -0.9185 -0.3482 -0.1875
vn -0.9496 -0.2983 -0.0964
vn -0.9642 -0.2049 -0.1686
vn -0.9298 -0.3671 -0.0250
vn -0.6401 0.7675 -0.0343
vn -0.5941 0.8040 -0.0251
vn -0.4722 0.8788 -0.0691
vn -0.4773 0.8716 -0.1122
vn -0.3237 0.9376 -0.1267
vn -0.3325 0.9276 -0.1706
vn -0.3364 0.9386 -0.0768
vn -0.2243 0.9694 -0.0994
vn -0.4480 0.8917 -0.0640
vn -0.0023 -0.9939 -0.1103
vn 0.0779 -0.9228 -0.3773
vn 0.1946 -0.8833 -0.4264
vn -0.0567 -0.9471 -0.3160
vn -0.0320 -0.8097 -0.5860
vn -0.5921 -0.7398 -0.3194
vn -0.9277 -0.0961 -0.3606
vn -0.8689 0.1673 -0.4659
vn -0.8046 0.1908 -0.5623
vn -0.7549 0.4429 -0.4838
vn -0.5844 0.4803 -0.6541
vn -0.7146 0.6363 -0.2907
vn -0.7180 0.6343 -0.2868
vn -0.7639 0.5764 -0.2900
vn -0.2859 0.9448 -0.1602
vn -0.4235 0.8938 -0.1477
vn -0.5895 0.7971 -0.1311
vn -0.3298 0.9375 -0.1112
vn -0.4978 0.8618 -0.0976
vn -0.1708 0.9774 -0.1246
vn -0.0669 0.2363 -0.9694
vn 0.0344 0.3689 -0.9288
vn -0.4146 0.5290 -0.7405
vn -0.6750 0.6095 -0.4158
vn -0.7228 0.6425 -0.2546
vn -0.7112 0.6943 -0.1107
vn -0.6372 0.7662 -0.0824
vn -0.0680 0.8982 -0.4343
vn -0.3587 0.8726 -0.3315
vn -0.5616 0.7926 -0.2375
vn -0.6980 0.7007 -0.1476
vn -0.7851 0.6158 -0.0671
vn -0.8006 0.5969 -0.0515
vn -0.0783 0.9841 -0.1597
vn -0.2437 0.9617 -0.1255
vn -0.3818 0.9195 -0.0937
vn -0.5177 0.8536 -0.0578
vn -0.6306 0.7759 -0.0186
vn -0.6698 0.7423 -0.0196
vn -0.1729 0.9825 0.0698
vn -0.2445 0.9666 0.0763
vn -0.3058 0.9492 0.0741
vn -0.3834 0.9213 0.0651
vn -0.5050 0.8615 0.0532
vn -0.5742 0.8186 0.0128
vn -0.0825 0.9692 0.2319
vn -0.1665 0.9565 0.2397
vn -0.2286 0.9444 0.2364
vn -0.3455 0.9097 0.2302
vn -0.4744 0.8562 0.2046
vn -0.5356 0.8216 0.1952
vn 0.0035 0.8970 0.4419
vn -0.1428 0.9017 0.4081
vn -0.2609 0.8768 0.4039
vn -0.3919 0.8181 0.4208
vn -0.6102 0.6770 0.4115
vn -0.7444 0.5537 0.3733
vn 0.1102 0.6875 0.7178
vn -0.1613 0.6875 0.7081
vn -0.3403 0.6592 0.6706
vn -0.6198 0.5010 0.6040
vn -0.7965 0.4036 0.4503
vn -0.8422 0.4155 0.3438
vn 0.4982 0.1985 0.8440
vn 0.3022 -0.8534 0.4248
vn 0.0925 -0.5827 0.8074
vn -0.0796 0.4168 0.9055
vn -0.3438 0.4681 0.8141
vn -0.4056 0.5417 0.7363
vn -0.3682 0.7647 0.5288
vn -0.2690 0.8898 0.3686
vn -0.4586 -0.8882 0.0265
vn -0.6795 -0.6691 0.3010
vn -0.8056 -0.3487 0.4790
vn -0.8224 -0.4406 0.3598
vn -0.1906 0.9152 0.3552
vn -0.1700 0.8872 0.4288
vn -0.0974 0.9601 0.2621
vn -0.4828 -0.8746 -0.0436
vn -0.6103 -0.7916 -0.0294
vn -0.7975 -0.6032 -0.0078
vn -0.8428 -0.5382 -0.0035
vn -0.7096 0.6901 0.1420
vn -0.8039 0.5831 0.1170
vn -0.5457 0.8152 0.1941
vn -0.4185 -0.9076 -0.0338
vn -0.6115 -0.7909 -0.0225
vn -0.8522 -0.5232 -0.0075
vn -0.9292 -0.3695 0.0086
vn -0.6835 0.7300 -0.0013
vn -0.7400 0.6725 0.0119
vn -0.5670 0.8224 -0.0467
vn -0.1050 -0.9944 0.0102
vn -0.5407 -0.8318 -0.1260
vn -0.9299 -0.2605 -0.2595
vn -0.9647 -0.0275 -0.2620
vn -0.2282 0.9604 -0.1596
vn -0.3042 0.9344 -0.1852
vn -0.1291 0.9838 -0.1244
vn -0.2486 0.9190 0.3062
vn -0.1117 0.9514 0.2871
vn -0.6622 0.7482 -0.0414
vn -0.6767 0.7339 -0.0597
vn -0.4648 0.8804 -0.0943
vn -0.5902 0.8032 -0.0812
vn -0.7076 0.7026 -0.0753
vn -0.7872 0.6119 -0.0764
vn -0.7884 0.4635 0.4045
vn -0.7624 0.5239 0.3798
vn -0.6884 0.7206 -0.0829
vn -0.6739 0.6702 0.3109
vn -0.7535 0.5336 0.3842
vn -0.8597 0.3875 0.3328
vn -0.6678 0.6595 0.3450
vn -0.2160 0.9417 0.2579
vn -0.2722 0.9272 0.2575
vn -0.8025 0.5916 -0.0772
vn -0.3922 0.9142 -0.1020
vn -0.3205 0.9412 -0.1072
vn -0.6655 0.6719 0.3250
vn -0.6625 0.7453 -0.0743
vn -0.4141 0.8497 0.3263
vn -0.3482 0.9017 0.2565
vn -0.2575 0.9598 -0.1115
vn -0.1786 0.9762 -0.1229
vn -0.6093 0.7924 -0.0301
vn -0.0505 0.9620 0.2683
vn -0.1427 0.9541 0.2633
vn -0.1894 0.9739 -0.1252
vn -0.5620 0.8269 0.0201
vn -0.4914 0.8675 -0.0776
vn -0.6778 0.7339 -0.0441
vn -0.5859 0.8101 -0.0212
vn -0.4760 0.8488 0.2300
vn -0.5902 0.7914 0.1593
vn -0.5895 0.7799 0.2101
vn -0.3231 0.9399 -0.1103
vn -0.6254 0.7776 0.0642
vn -0.0207 0.9617 0.2733
vn -0.5668 0.7751 0.2791
vn -0.6228 0.7276 0.2878
vn -0.5424 0.8310 0.1235
vn -0.5375 0.8407 0.0653
vn -0.7138 0.6982 -0.0558
vn -0.7482 0.6602 -0.0661
vn -0.8263 0.4652 0.3174
vn -0.7784 0.6235 -0.0734
vn -0.5359 0.8386 0.0977
vn 0.9208 0.2144 -0.3259
vn 0.9209 0.2146 -0.3255
vn 0.9276 0.3727 -0.0241
vn 0.9255 0.3787 -0.0109
vn 0.9787 0.2044 0.0194
vn 0.9293 0.3674 -0.0371
vn 0.8356 0.4852 0.2575
vn 0.8955 0.3186 0.3107
vn 0.9531 0.0922 -0.2884
vn 0.9202 0.2123 -0.3288
vn 0.9201 0.2124 -0.3290
vn 0.9586 0.0631 -0.2777
vn -0.1104 0.3667 0.9238
vn -0.1131 0.3655 0.9239
vn -0.1132 0.3674 0.9232
vn -0.1108 0.3681 0.9231
vn -0.7654 -0.5999 -0.2328
vn -0.7655 -0.5997 -0.2329
vn -0.7659 -0.5996 -0.2322
vn -0.7658 -0.5998 -0.2321
vn -0.7409 -0.6389 0.2072
vn -0.7131 -0.4650 0.5246
vn -0.8502 -0.2883 0.4404
vn -0.8710 -0.4792 0.1086
vn 0.1629 -0.5778 -0.7997
vn 0.1595 -0.5713 -0.8051
vn 0.1230 -0.4734 -0.8722
vn 0.1201 -0.4708 -0.8740
vn -0.6588 -0.7378 -0.1472
vn -0.7630 -0.6011 -0.2378
vn 0.0214 0.1178 0.9928
vn -0.0945 0.3760 0.9218
vn -0.0960 0.3773 0.9211
vn 0.0282 0.1037 0.9942
vn -0.8698 -0.4834 0.0989
vn -0.8648 -0.4976 0.0671
vn 0.9208 0.2142 -0.3258
vn 0.9209 0.2145 -0.3254
vn -0.0055 0.1797 0.9837
vn -0.0933 0.3745 0.9225
vn -0.6811 -0.7134 -0.1649
vn -0.7628 -0.6013 -0.2376
vn -0.8562 -0.3032 0.4183
vn -0.8572 -0.3053 0.4148
vn 0.1552 -0.5625 -0.8121
vn 0.1175 -0.4678 -0.8760
vn 0.1522 -0.4527 -0.8786
vn 0.1529 -0.4556 -0.8770
vn 0.1577 -0.4542 -0.8769
vn 0.1576 -0.4503 -0.8788
vn -0.1132 0.3685 0.9227
vn -0.1114 0.3694 0.9226
vn 0.8088 0.4992 0.3107
vn 0.8123 0.4975 0.3043
vn -0.5692 -0.8198 -0.0630
vn -0.5364 -0.8430 -0.0396
vn -0.5761 -0.8158 -0.0507
vn -0.5415 -0.8402 -0.0288
vn -0.5405 -0.7899 0.2897
vn -0.5394 -0.7899 0.2916
vn 0.3005 -0.6101 0.7331
vn 0.3851 -0.8176 0.4280
vn 0.3851 -0.8179 0.4275
vn 0.2762 -0.5524 0.7865
vn 0.3938 -0.8315 0.3918
vn 0.3948 -0.8382 0.3762
vn 0.3961 -0.8457 0.3576
vn 0.3852 -0.8181 0.4269
vn 0.3849 -0.8183 0.4269
vn 0.1563 -0.2422 0.9576
vn 0.1196 -0.1594 0.9799
vn 0.0684 -0.0785 0.9946
vn 0.0857 -0.0741 0.9936
vn 0.8341 0.4884 0.2564
vn 0.8909 0.3371 0.3043
vn 0.8079 0.5015 0.3095
vn 0.8112 0.5000 0.3032
vn -0.8556 -0.3042 0.4188
vn -0.8566 -0.3067 0.4151
vn -0.7536 -0.4191 0.5064
vn -0.8493 -0.2893 0.4416
vn -0.5371 -0.6222 0.5695
vn -0.5366 -0.6261 0.5658
vn -0.5553 -0.6127 0.5624
vn -0.5506 -0.6109 0.5689
vn 0.9716 -0.0905 -0.2185
vn 0.9718 -0.0899 -0.2178
vn 0.9718 -0.0875 -0.2190
vn 0.9716 -0.0875 -0.2197
vn 0.9965 0.0372 0.0750
vn 0.9954 0.0415 0.0859
vn 0.4285 -0.8301 0.3567
vn 0.4299 -0.8445 0.3195
vn 0.4165 -0.8502 0.3219
vn 0.4121 -0.8390 0.3552
vn 0.4306 -0.8565 0.2845
vn 0.4151 -0.8629 0.2883
vn 0.2102 -0.6690 -0.7129
vn 0.2100 -0.6691 -0.7129
vn 0.2108 -0.6703 -0.7115
vn 0.2110 -0.6701 -0.7116
vn 0.2115 -0.6715 -0.7102
vn 0.2118 -0.6714 -0.7102
vn 0.9193 0.1452 0.3659
vn 0.9184 0.1463 0.3677
vn 0.9197 0.1348 0.3688
vn 0.9186 0.1350 0.3713
vn 0.8175 0.4950 0.2944
vn 0.9263 0.3764 -0.0164
vn 0.8209 0.4933 0.2876
vn 0.9269 0.3747 -0.0202
vn 0.8246 0.4914 0.2802
vn 0.9275 0.3729 -0.0244
vn 0.8286 0.4892 0.2723
vn 0.9282 0.3710 -0.0288
vn 0.8273 0.4922 0.2709
vn 0.8234 0.4942 0.2790
vn 0.8198 0.4960 0.2864
vn 0.8163 0.4976 0.2932
vn -0.7650 -0.6000 -0.2340
vn -0.8701 -0.4824 0.1013
vn -0.7647 -0.6002 -0.2346
vn -0.8703 -0.4818 0.1026
vn -0.7643 -0.6004 -0.2353
vn -0.8704 -0.4811 0.1041
vn -0.7639 -0.6006 -0.2361
vn -0.8706 -0.4804 0.1057
vn -0.7637 -0.6009 -0.2360
vn -0.7641 -0.6006 -0.2352
vn -0.7645 -0.6004 -0.2345
vn -0.7649 -0.6002 -0.2338
vn -0.8550 -0.2999 0.4232
vn -0.8543 -0.3011 0.4236
vn -0.8541 -0.2978 0.4263
vn -0.8535 -0.2990 0.4268
vn -0.8532 -0.2956 0.4297
vn -0.8525 -0.2968 0.4303
vn -0.8523 -0.2932 0.4333
vn -0.8515 -0.2944 0.4339
vn 0.1539 -0.4582 -0.8754
vn 0.1460 -0.4588 -0.8765
vn 0.1466 -0.4618 -0.8748
vn 0.1413 -0.4609 -0.8761
vn 0.1422 -0.4640 -0.8743
vn 0.1363 -0.4633 -0.8757
vn 0.1375 -0.4663 -0.8739
vn 0.1308 -0.4658 -0.8752
vn 0.1324 -0.4688 -0.8733
vn 0.1293 -0.4626 -0.8771
vn 0.1351 -0.4601 -0.8775
vn 0.1405 -0.4578 -0.8779
vn 0.1454 -0.4556 -0.8782
vn 0.9206 0.2140 -0.3265
vn 0.9207 0.2138 -0.3265
vn 0.9206 0.2137 -0.3270
vn 0.9206 0.2135 -0.3269
vn 0.9205 0.2134 -0.3275
vn 0.9205 0.2132 -0.3274
vn 0.9203 0.2131 -0.3280
vn 0.9204 0.2129 -0.3279
vn -0.1074 0.3698 0.9229
vn -0.1070 0.3682 0.9236
vn -0.1051 0.3709 0.9227
vn -0.1046 0.3693 0.9234
vn -0.1025 0.3721 0.9225
vn -0.1020 0.3705 0.9232
vn -0.0998 0.3734 0.9223
vn -0.0991 0.3718 0.9230
vn -0.1006 0.3750 0.9216
vn -0.1032 0.3736 0.9218
vn -0.1055 0.3724 0.9220
vn -0.1078 0.3713 0.9222
vn 0.1577 -0.4564 -0.8757
vn -0.9208 0.2144 -0.3259
vn -0.9255 0.3787 -0.0109
vn -0.9276 0.3727 -0.0241
vn -0.9209 0.2146 -0.3255
vn -0.9787 0.2044 0.0194
vn -0.8955 0.3186 0.3107
vn -0.8356 0.4852 0.2575
vn -0.9293 0.3674 -0.0371
vn -0.9531 0.0922 -0.2884
vn -0.9586 0.0631 -0.2777
vn -0.9201 0.2124 -0.3290
vn -0.9202 0.2123 -0.3288
vn 0.1104 0.3667 0.9238
vn 0.1108 0.3681 0.9231
vn 0.1132 0.3674 0.9232
vn 0.1131 0.3655 0.9239
vn 0.7654 -0.5999 -0.2328
vn 0.7658 -0.5998 -0.2321
vn 0.7659 -0.5996 -0.2322
vn 0.7655 -0.5997 -0.2329
vn 0.7409 -0.6389 0.2072
vn 0.8710 -0.4792 0.1086
vn 0.8502 -0.2883 0.4404
vn 0.7131 -0.4650 0.5246
vn -0.1629 -0.5778 -0.7997
vn -0.1201 -0.4708 -0.8740
vn -0.1230 -0.4734 -0.8722
vn -0.1595 -0.5713 -0.8051
vn 0.6588 -0.7378 -0.1472
vn 0.7630 -0.6011 -0.2378
vn -0.0214 0.1178 0.9928
vn -0.0282 0.1037 0.9942
vn 0.0960 0.3773 0.9211
vn 0.0945 0.3760 0.9218
vn 0.8648 -0.4976 0.0671
vn 0.8698 -0.4834 0.0989
vn -0.9208 0.2142 -0.3258
vn -0.9209 0.2145 -0.3254
vn 0.0055 0.1797 0.9837
vn 0.0933 0.3745 0.9225
vn 0.6811 -0.7134 -0.1649
vn 0.7628 -0.6013 -0.2376
vn 0.8572 -0.3053 0.4148
vn 0.8562 -0.3032 0.4183
vn -0.1552 -0.5625 -0.8121
vn -0.1175 -0.4678 -0.8760
vn -0.1522 -0.4527 -0.8786
vn -0.1576 -0.4503 -0.8788
vn -0.1577 -0.4542 -0.8769
vn -0.1529 -0.4556 -0.8770
vn 0.1114 0.3694 0.9226
vn 0.1132 0.3685 0.9227
vn -0.8123 0.4975 0.3043
vn -0.8088 0.4992 0.3107
vn 0.5364 -0.8430 -0.0396
vn 0.5692 -0.8198 -0.0630
vn 0.5415 -0.8402 -0.0288
vn 0.5761 -0.8158 -0.0507
vn 0.5394 -0.7899 0.2916
vn 0.5405 -0.7899 0.2897
vn -0.3005 -0.6101 0.7331
vn -0.2762 -0.5524 0.7865
vn -0.3851 -0.8179 0.4275
vn -0.3851 -0.8176 0.4280
vn -0.3948 -0.8382 0.3762
vn -0.3938 -0.8315 0.3918
vn -0.3852 -0.8181 0.4269
vn -0.3961 -0.8457 0.3576
vn -0.3849 -0.8183 0.4269
vn -0.1196 -0.1594 0.9799
vn -0.1563 -0.2422 0.9576
vn -0.0857 -0.0741 0.9936
vn -0.0684 -0.0785 0.9946
vn -0.8909 0.3371 0.3043
vn -0.8341 0.4884 0.2564
vn -0.8112 0.5000 0.3032
vn -0.8079 0.5015 0.3095
vn 0.8566 -0.3067 0.4151
vn 0.8556 -0.3042 0.4188
vn 0.8493 -0.2893 0.4416
vn 0.7536 -0.4191 0.5064
vn 0.5371 -0.6222 0.5695
vn 0.5366 -0.6261 0.5658
vn 0.5506 -0.6109 0.5689
vn 0.5553 -0.6127 0.5624
vn -0.9716 -0.0905 -0.2185
vn -0.9716 -0.0875 -0.2197
vn -0.9718 -0.0875 -0.2190
vn -0.9718 -0.0899 -0.2178
vn -0.9965 0.0372 0.0750
vn -0.9954 0.0415 0.0859
vn -0.4285 -0.8301 0.3567
vn -0.4121 -0.8390 0.3552
vn -0.4165 -0.8502 0.3219
vn -0.4299 -0.8445 0.3195
vn -0.4151 -0.8629 0.2883
vn -0.4306 -0.8565 0.2845
vn -0.2102 -0.6690 -0.7129
vn -0.2110 -0.6701 -0.7116
vn -0.2108 -0.6703 -0.7116
vn -0.2100 -0.6691 -0.7129
vn -0.2115 -0.6715 -0.7102
vn -0.2118 -0.6714 -0.7102
vn -0.9184 0.1463 0.3677
vn -0.9193 0.1452 0.3659
vn -0.9197 0.1348 0.3688
vn -0.9186 0.1350 0.3713
vn -0.9263 0.3764 -0.0164
vn -0.8175 0.4950 0.2944
vn -0.9269 0.3747 -0.0202
vn -0.8209 0.4933 0.2876
vn -0.9275 0.3729 -0.0244
vn -0.8246 0.4914 0.2802
vn -0.9282 0.3710 -0.0288
vn -0.8286 0.4892 0.2723
vn -0.8273 0.4922 0.2709
vn -0.8234 0.4942 0.2790
vn -0.8198 0.4960 0.2864
vn -0.8163 0.4976 0.2932
vn 0.8701 -0.4824 0.1013
vn 0.7650 -0.6000 -0.2340
vn 0.8703 -0.4818 0.1026
vn 0.7647 -0.6002 -0.2346
vn 0.8704 -0.4811 0.1041
vn 0.7643 -0.6004 -0.2353
vn 0.8706 -0.4804 0.1057
vn 0.7639 -0.6006 -0.2361
vn 0.7637 -0.6009 -0.2360
vn 0.7641 -0.6006 -0.2352
vn 0.7645 -0.6004 -0.2345
vn 0.7649 -0.6002 -0.2338
vn 0.8543 -0.3011 0.4236
vn 0.8550 -0.2999 0.4232
vn 0.8535 -0.2990 0.4268
vn 0.8541 -0.2978 0.4263
vn 0.8525 -0.2968 0.4303
vn 0.8532 -0.2956 0.4297
vn 0.8515 -0.2944 0.4339
vn 0.8523 -0.2932 0.4333
vn -0.1539 -0.4582 -0.8754
vn -0.1466 -0.4618 -0.8748
vn -0.1460 -0.4588 -0.8765
vn -0.1422 -0.4640 -0.8743
vn -0.1413 -0.4609 -0.8761
vn -0.1375 -0.4663 -0.8739
vn -0.1363 -0.4633 -0.8757
vn -0.1324 -0.4688 -0.8733
vn -0.1308 -0.4658 -0.8752
vn -0.1293 -0.4626 -0.8771
vn -0.1351 -0.4601 -0.8775
vn -0.1405 -0.4578 -0.8779
vn -0.1454 -0.4556 -0.8782
vn -0.9207 0.2138 -0.3265
vn -0.9206 0.2140 -0.3265
vn -0.9206 0.2135 -0.3269
vn -0.9206 0.2137 -0.3270
vn -0.9205 0.2132 -0.3274
vn -0.9205 0.2134 -0.3275
vn -0.9204 0.2129 -0.3279
vn -0.9203 0.2131 -0.3280
vn 0.1070 0.3682 0.9236
vn 0.1074 0.3698 0.9229
vn 0.1046 0.3693 0.9234
vn 0.1051 0.3709 0.9227
vn 0.1020 0.3705 0.9232
vn 0.1025 0.3721 0.9225
vn 0.0991 0.3718 0.9230
vn 0.0998 0.3734 0.9223
vn 0.1006 0.3750 0.9216
vn 0.1032 0.3736 0.9218
vn 0.1055 0.3724 0.9220
vn 0.1078 0.3713 0.9222
vn -0.1577 -0.4564 -0.8757
vt 0.172729 0.192383
vt 0.176514 0.199951
vt 0.184082 0.195964
vt 0.185974 0.190186
vt 0.180298 0.207520
vt 0.189758 0.197754
vt 0.199219 0.187988
vt 0.190186 0.183105
vt 0.185669 0.180664
vt 0.198914 0.178467
vt 0.198608 0.168945
vt 0.844238 0.996845
vt 0.852783 0.996098
vt 0.858398 0.991290
vt 0.856934 0.989260
vt 0.861328 0.995350
vt 0.865479 0.988512
vt 0.869629 0.981674
vt 0.711426 0.953125
vt 0.776367 0.946152
vt 0.786458 0.938629
vt 0.759033 0.938354
vt 0.841309 0.939178
vt 0.823975 0.931381
vt 0.806641 0.923584
vt 0.757812 0.925476
vt 0.742350 0.934692
vt 0.708984 0.927368
vt 0.710205 0.940247
vt 0.608887 0.892151
vt 0.591797 0.894073
vt 0.586589 0.915232
vt 0.592529 0.924850
vt 0.574707 0.895996
vt 0.575439 0.926773
vt 0.576172 0.957550
vt 0.666504 0.901703
vt 0.647298 0.898519
vt 0.658936 0.909760
vt 0.624023 0.876038
vt 0.616455 0.884094
vt 0.580566 0.804565
vt 0.638184 0.789795
vt 0.621094 0.780233
vt 0.583740 0.782837
vt 0.695801 0.775024
vt 0.641357 0.768066
vt 0.586914 0.761108
vt 0.579590 0.739746
vt 0.583252 0.750427
vt 0.620768 0.758626
vt 0.637695 0.757385
vt 0.696615 0.758097
vt 0.697021 0.749634
vt 0.755127 0.767273
vt 0.814453 0.759521
vt 0.770345 0.771810
vt 0.807617 0.770203
vt 0.748291 0.777954
vt 0.800781 0.780884
vt 0.595459 0.807739
vt 0.628906 0.796834
vt 0.610352 0.810913
vt 0.653076 0.792969
vt 0.604980 0.886963
vt 0.610840 0.880432
vt 0.609538 0.859212
vt 0.605957 0.851868
vt 0.616699 0.873901
vt 0.611816 0.845337
vt 0.606934 0.816772
vt 0.620117 0.863892
vt 0.615723 0.848185
vt 0.623535 0.853882
vt 0.615234 0.835327
vt 0.621094 0.841492
vt 0.616374 0.833252
vt 0.618652 0.829102
vt 0.612793 0.822937
vt 0.287842 0.950256
vt 0.275757 0.945480
vt 0.281494 0.932716
vt 0.294067 0.937012
vt 0.263672 0.940704
vt 0.268921 0.928421
vt 0.274170 0.916138
vt 0.287232 0.919953
vt 0.300293 0.923767
vt 0.669922 0.890381
vt 0.654622 0.885600
vt 0.630859 0.853394
vt 0.627441 0.864716
vt 0.698730 0.806274
vt 0.662109 0.815857
vt 0.651693 0.828369
vt 0.664795 0.829834
vt 0.625488 0.825439
vt 0.628174 0.839417
vt 0.679525 0.862345
vt 0.703857 0.866821
vt 0.810547 0.831055
vt 0.800537 0.815552
vt 0.802572 0.851562
vt 0.808594 0.877319
vt 0.790527 0.800049
vt 0.798584 0.861816
vt 0.795654 0.790466
vt 0.800619 0.803996
vt 0.805664 0.805969
vt 0.819499 0.897939
vt 0.825928 0.885117
vt 0.821777 0.771973
vt 0.811279 0.776428
vt 0.811035 0.794637
vt 0.816162 0.801514
vt 0.886719 0.911133
vt 0.864014 0.925156
vt 0.873861 0.928925
vt 0.890137 0.923798
vt 0.867432 0.937820
vt 0.893555 0.936462
vt 0.871094 0.788696
vt 0.863281 0.781982
vt 0.860514 0.798910
vt 0.863037 0.810730
vt 0.855469 0.775269
vt 0.855225 0.804016
vt 0.854980 0.832764
vt 0.860596 0.829956
vt 0.864095 0.816203
vt 0.866211 0.827148
vt 0.868652 0.807922
vt 0.334961 0.924255
vt 0.337769 0.944458
vt 0.347982 0.936096
vt 0.351685 0.921814
vt 0.340576 0.964661
vt 0.354492 0.942017
vt 0.368408 0.919373
vt 0.364746 0.901001
vt 0.354818 0.908753
vt 0.361084 0.882629
vt 0.348022 0.903442
vt 0.017822 0.008301
vt 0.011980 0.027344
vt 0.027184 0.030151
vt 0.030441 0.013184
vt 0.006138 0.046387
vt 0.023928 0.047119
vt 0.041718 0.047852
vt 0.042389 0.032959
vt 0.043060 0.018066
vt 0.403564 0.828613
vt 0.382324 0.855621
vt 0.385579 0.867900
vt 0.397827 0.860535
vt 0.376587 0.887543
vt 0.392090 0.892456
vt 0.407227 0.862183
vt 0.406006 0.850993
vt 0.422363 0.831909
vt 0.412964 0.830261
vt 0.446289 0.914551
vt 0.436523 0.923737
vt 0.430745 0.942520
vt 0.432739 0.947319
vt 0.426758 0.932922
vt 0.422974 0.956505
vt 0.419189 0.980087
vt 0.429932 0.970177
vt 0.435384 0.951635
vt 0.440674 0.960266
vt 0.443481 0.937408
vt 0.437256 0.837524
vt 0.431519 0.870056
vt 0.436442 0.884888
vt 0.441772 0.876038
vt 0.425781 0.902588
vt 0.436035 0.908569
vt 0.447510 0.880188
vt 0.444092 0.865967
vt 0.448730 0.845825
vt 0.442993 0.841675
vt 0.436646 0.835266
vt 0.432943 0.833211
vt 0.431396 0.833313
vt 0.436035 0.833008
vt 0.430786 0.831055
vt 0.425537 0.829102
vt 0.423950 0.830505
vt 0.428385 0.832845
vt 0.429810 0.834717
vt 0.417155 0.829875
vt 0.414551 0.828857
vt 0.417969 0.826965
vt 0.413167 0.827515
vt 0.410400 0.824829
vt 0.406982 0.826721
vt 0.083008 0.678711
vt 0.093170 0.687378
vt 0.100967 0.675781
vt 0.090118 0.666626
vt 0.103333 0.696045
vt 0.111816 0.684937
vt 0.120300 0.673828
vt 0.108765 0.664185
vt 0.097229 0.654541
vt 0.302979 0.421875
vt 0.299927 0.333008
vt 0.280487 0.329224
vt 0.288574 0.422363
vt 0.296875 0.244141
vt 0.272400 0.236084
vt 0.247925 0.228027
vt 0.261047 0.325440
vt 0.274170 0.422852
vt 0.336426 0.419922
vt 0.343628 0.330322
vt 0.333313 0.331909
vt 0.328735 0.420898
vt 0.350830 0.240723
vt 0.337891 0.242920
vt 0.324951 0.245117
vt 0.322998 0.333496
vt 0.321045 0.421875
vt 0.351318 0.422607
vt 0.364258 0.327881
vt 0.366211 0.425293
vt 0.384888 0.325440
vt 0.403565 0.225586
vt 0.377197 0.233154
vt 0.311462 0.333252
vt 0.312012 0.421875
vt 0.310913 0.244629
vt 0.855469 0.775269
vt 0.838623 0.773621
vt 0.835693 0.802765
vt 0.855225 0.804016
vt 0.821777 0.771973
vt 0.816162 0.801514
vt 0.810547 0.831055
vt 0.832764 0.831909
vt 0.854981 0.832764
vt 0.711426 0.953125
vt 0.643799 0.955338
vt 0.643433 0.973551
vt 0.714844 0.969822
vt 0.576172 0.957550
vt 0.572022 0.977281
vt 0.567871 0.997011
vt 0.643067 0.991765
vt 0.718262 0.986519
vt 0.575440 0.926773
vt 0.553589 0.928520
vt 0.555664 0.958664
vt 0.574707 0.895996
vt 0.551514 0.898377
vt 0.528320 0.900757
vt 0.531738 0.930267
vt 0.535156 0.959778
vt 0.608887 0.892151
vt 0.606934 0.889557
vt 0.590454 0.891373
vt 0.591797 0.894074
vt 0.604981 0.886963
vt 0.589111 0.888672
vt 0.573242 0.890381
vt 0.573975 0.893189
vt 0.624023 0.876038
vt 0.620361 0.874970
vt 0.613647 0.882263
vt 0.616455 0.884094
vt 0.616699 0.873901
vt 0.610840 0.880432
vt 0.578125 0.812134
vt 0.579346 0.808350
vt 0.558594 0.805939
vt 0.556641 0.810181
vt 0.580566 0.804566
vt 0.560547 0.801697
vt 0.540527 0.798828
vt 0.537842 0.803528
vt 0.535156 0.808228
vt 0.568848 0.779389
vt 0.553955 0.775940
vt 0.583740 0.782837
vt 0.586914 0.761109
vt 0.577148 0.757080
vt 0.567383 0.753052
vt 0.589111 0.888672
vt 0.590820 0.851563
vt 0.575684 0.851257
vt 0.605957 0.851868
vt 0.606934 0.816773
vt 0.592529 0.814453
vt 0.608643 0.813843
vt 0.593994 0.811096
vt 0.592529 0.814453
vt 0.610352 0.810913
vt 0.595459 0.807739
vt 0.061066 0.665772
vt 0.048584 0.687622
vt 0.040806 0.682861
vt 0.049850 0.658814
vt 0.036102 0.709473
vt 0.031761 0.706909
vt 0.027420 0.704346
vt 0.033028 0.678101
vt 0.038635 0.651856
vt 0.630859 0.853394
vt 0.628174 0.839417
vt 0.624634 0.840454
vt 0.627197 0.853638
vt 0.625488 0.825440
vt 0.622070 0.827271
vt 0.618652 0.829102
vt 0.621094 0.841492
vt 0.623535 0.853882
vt 0.257080 0.425293
vt 0.265625 0.424072
vt 0.249756 0.325317
vt 0.238464 0.325195
vt 0.233887 0.226563
vt 0.219849 0.225098
vt 0.698731 0.806275
vt 0.697266 0.790650
vt 0.657593 0.804413
vt 0.662109 0.815857
vt 0.695801 0.775025
vt 0.653076 0.792969
vt 0.617920 0.818176
vt 0.708984 0.927368
vt 0.658936 0.909760
vt 0.651367 0.932549
vt 0.710205 0.940247
vt 0.592529 0.924851
vt 0.757813 0.925476
vt 0.751221 0.864319
vt 0.703857 0.866821
vt 0.806641 0.923584
vt 0.798584 0.861816
vt 0.790527 0.800049
vt 0.744629 0.803162
vt 0.886719 0.911133
vt 0.894776 0.907501
vt 0.877686 0.868729
vt 0.870850 0.871948
vt 0.902832 0.903870
vt 0.884522 0.865509
vt 0.866211 0.827149
vt 0.860596 0.829956
vt 0.417969 0.926697
vt 0.421875 0.914642
vt 0.403748 0.911133
vt 0.398560 0.924744
vt 0.425781 0.902588
vt 0.408936 0.897522
vt 0.392090 0.892456
vt 0.385620 0.907623
vt 0.379150 0.922791
vt 0.426758 0.932922
vt 0.436523 0.923737
vt 0.429199 0.919190
vt 0.422363 0.929810
vt 0.446289 0.914551
vt 0.436035 0.908569
vt 0.437256 0.837525
vt 0.429810 0.834717
vt 0.419373 0.866119
vt 0.431519 0.870056
vt 0.422363 0.831909
vt 0.407227 0.862183
vt 0.448975 0.838745
vt 0.442505 0.835877
vt 0.442749 0.838776
vt 0.448853 0.842285
vt 0.436035 0.833008
vt 0.436646 0.835266
vt 0.442993 0.841675
vt 0.448731 0.845825
vt 0.905274 0.370605
vt 0.875733 0.370605
vt 0.875610 0.354981
vt 0.905273 0.354004
vt 0.846192 0.370605
vt 0.845947 0.355957
vt 0.845703 0.341309
vt 0.875488 0.339355
vt 0.905274 0.337402
vt 0.841309 0.939179
vt 0.826904 0.960678
vt 0.841919 0.974969
vt 0.855469 0.960426
vt 0.812500 0.982178
vt 0.828369 0.989512
vt 0.844238 0.996845
vt 0.856934 0.989260
vt 0.869629 0.981674
vt 0.344482 0.006836
vt 0.346191 0.005615
vt 0.347534 0.007568
vt 0.345825 0.008789
vt 0.347900 0.004395
vt 0.349243 0.006348
vt 0.350586 0.008301
vt 0.348877 0.009521
vt 0.347168 0.010742
vt 0.015091 0.825073
vt 0.017555 0.821961
vt 0.022194 0.825684
vt 0.019730 0.828797
vt 0.020020 0.818848
vt 0.024658 0.822571
vt 0.029297 0.826294
vt 0.026833 0.829407
vt 0.024368 0.832520
vt 0.371826 0.028320
vt 0.371582 0.031738
vt 0.363444 0.024740
vt 0.359497 0.019531
vt 0.371338 0.035156
vt 0.359253 0.022949
vt 0.347168 0.010742
vt 0.348877 0.009521
vt 0.356527 0.015788
vt 0.350586 0.008301
vt 0.361206 0.018311
vt 0.014870 0.161133
vt 0.023380 0.162598
vt 0.024433 0.128662
vt 0.012169 0.127930
vt 0.031891 0.164063
vt 0.036697 0.129395
vt 0.041504 0.094727
vt 0.025486 0.094727
vt 0.009468 0.094727
vt 0.098633 0.260254
vt 0.092316 0.283691
vt 0.054993 0.276001
vt 0.057991 0.254639
vt 0.085999 0.307129
vt 0.051994 0.297363
vt 0.017990 0.287598
vt 0.017670 0.268311
vt 0.017349 0.249023
vt 0.552368 0.850555
vt 0.548096 0.890930
vt 0.529053 0.849854
vt 0.522949 0.891480
vt 0.492432 0.229492
vt 0.507202 0.195313
vt 0.492920 0.197266
vt 0.488403 0.228516
vt 0.521973 0.161133
vt 0.497437 0.166016
vt 0.472900 0.170898
vt 0.478638 0.199219
vt 0.484375 0.227539
vt 0.923096 0.355713
vt 0.923096 0.370605
vt 0.923096 0.340820
vt 0.940918 0.344238
vt 0.940918 0.357422
vt 0.940918 0.370605
vt 0.527344 0.426758
vt 0.580811 0.418945
vt 0.564697 0.382813
vt 0.521240 0.394043
vt 0.634277 0.411133
vt 0.608154 0.371582
vt 0.582031 0.332031
vt 0.548584 0.346680
vt 0.515137 0.361328
vt 0.786621 0.114258
vt 0.785156 0.112549
vt 0.783081 0.120239
vt 0.784912 0.121094
vt 0.783692 0.110840
vt 0.781250 0.119385
vt 0.778809 0.127930
vt 0.781006 0.127930
vt 0.783203 0.127930
vt 0.239746 0.930054
vt 0.246216 0.918457
vt 0.245026 0.917954
vt 0.238586 0.929382
vt 0.252686 0.906860
vt 0.251465 0.906525
vt 0.250244 0.906189
vt 0.243835 0.917450
vt 0.237427 0.928711
vt 0.016125 0.164795
vt 0.022779 0.165772
vt 0.017380 0.168457
vt 0.022179 0.168945
vt 0.026978 0.169434
vt 0.029434 0.166748
vt 0.242676 0.129883
vt 0.281738 0.127930
vt 0.277863 0.098511
vt 0.239563 0.100586
vt 0.320801 0.125977
vt 0.316162 0.096436
vt 0.311523 0.066895
vt 0.273987 0.069092
vt 0.236450 0.071289
vt 0.893555 0.936463
vt 0.901856 0.933350
vt 0.898315 0.920425
vt 0.890137 0.923798
vt 0.910156 0.930237
vt 0.906494 0.917053
vt 0.117722 0.690063
vt 0.126434 0.678955
vt 0.109009 0.701172
vt 0.114685 0.706299
vt 0.123627 0.695191
vt 0.132568 0.684082
vt 0.848389 0.878532
vt 0.864014 0.925156
vt 0.825928 0.885117
vt 0.241577 0.428223
vt 0.249329 0.426758
vt 0.227448 0.327515
vt 0.216431 0.329834
vt 0.205566 0.228272
vt 0.191284 0.231445
vt 0.017441 0.187500
vt 0.023079 0.186768
vt 0.022629 0.177856
vt 0.017410 0.177979
vt 0.028717 0.186035
vt 0.027847 0.177734
vt 0.549805 0.894653
vt 0.525635 0.896118
vt 0.024707 0.070923
vt 0.007803 0.070557
vt 0.041611 0.071289
vt 0.437256 0.585938
vt 0.416504 0.604492
vt 0.422180 0.609802
vt 0.442993 0.591553
vt 0.395752 0.623047
vt 0.401367 0.628052
vt 0.406982 0.633057
vt 0.427857 0.615112
vt 0.448731 0.597168
vt 0.129517 0.346680
vt 0.126984 0.348145
vt 0.126251 0.346924
vt 0.129089 0.345215
vt 0.124451 0.349609
vt 0.123413 0.348633
vt 0.122376 0.347656
vt 0.125519 0.345703
vt 0.128662 0.343750
vt 0.071529 0.219727
vt 0.107422 0.228272
vt 0.035637 0.211182
vt 0.053925 0.173340
vt 0.085068 0.184814
vt 0.116211 0.196289
vt 0.552002 0.246582
vt 0.560913 0.241943
vt 0.531250 0.156494
vt 0.590576 0.327393
vt 0.599121 0.322754
vt 0.569824 0.237305
vt 0.540527 0.151855
vt 0.514160 0.082520
vt 0.508545 0.073242
vt 0.491048 0.068197
vt 0.485107 0.070312
vt 0.502930 0.063965
vt 0.479492 0.061035
vt 0.456055 0.058105
vt 0.456909 0.066162
vt 0.475993 0.071615
vt 0.457764 0.074219
vt 0.485962 0.078369
vt 0.622070 0.827271
vt 0.615356 0.820557
vt 0.612793 0.822937
vt 0.155396 0.065918
vt 0.129669 0.054199
vt 0.135086 0.045044
vt 0.159363 0.054932
vt 0.103943 0.042480
vt 0.110809 0.035156
vt 0.117676 0.027832
vt 0.140503 0.035889
vt 0.163330 0.043945
vt 0.521973 0.161133
vt 0.493530 0.147217
vt 0.486654 0.155111
vt 0.497437 0.166016
vt 0.465088 0.133301
vt 0.468994 0.152100
vt 0.472900 0.170898
vt 0.507202 0.195312
vt 0.507080 0.232259
vt 0.514404 0.233643
vt 0.492432 0.229492
vt 0.499634 0.267822
vt 0.506836 0.306152
vt 0.503662 0.308838
vt 0.507487 0.326335
vt 0.510986 0.333740
vt 0.500488 0.311523
vt 0.507812 0.336426
vt 0.515137 0.361328
vt 0.544434 0.319092
vt 0.536947 0.266439
vt 0.582031 0.332031
vt 0.552002 0.246582
vt 0.548584 0.346680
vt 0.534668 0.333171
vt 0.055420 0.777954
vt 0.058121 0.783081
vt 0.062782 0.782654
vt 0.060638 0.778015
vt 0.060822 0.788208
vt 0.064926 0.787293
vt 0.069031 0.786377
vt 0.067444 0.782227
vt 0.065857 0.778076
vt 0.634277 0.411133
vt 0.580811 0.418945
vt 0.555501 0.458333
vt 0.569580 0.474121
vt 0.527344 0.426758
vt 0.516113 0.481934
vt 0.504883 0.537109
vt 0.471436 0.501139
vt 0.443481 0.538330
vt 0.454712 0.483154
vt 0.382080 0.539551
vt 0.409668 0.562744
vt 0.441406 0.554199
vt 0.437256 0.585938
vt 0.471069 0.561523
vt 0.245850 0.857544
vt 0.252563 0.809143
vt 0.250407 0.789917
vt 0.245972 0.804504
vt 0.259277 0.760742
vt 0.252686 0.756104
vt 0.246094 0.751465
vt 0.287842 0.482422
vt 0.265869 0.497437
vt 0.270508 0.507487
vt 0.283813 0.505005
vt 0.243896 0.512451
vt 0.261841 0.520020
vt 0.279785 0.527588
vt 0.209961 0.587158
vt 0.244873 0.557373
vt 0.244548 0.542399
vt 0.226929 0.549805
vt 0.209473 0.536133
vt 0.209635 0.553141
vt 0.175049 0.559814
vt 0.192505 0.573486
vt 0.342285 0.014160
vt 0.344727 0.012451
vt 0.356995 0.027100
vt 0.354736 0.031250
vt 0.359253 0.022949
vt 0.371338 0.035156
vt 0.369263 0.041748
vt 0.367188 0.048340
vt 0.201538 0.696045
vt 0.187195 0.710083
vt 0.206828 0.723877
vt 0.223816 0.723755
vt 0.172852 0.724121
vt 0.209473 0.737793
vt 0.152710 0.704102
vt 0.140035 0.704834
vt 0.143768 0.715210
vt 0.132568 0.684082
vt 0.123627 0.695190
vt 0.114685 0.706299
vt 0.103333 0.696045
vt 0.086121 0.712769
vt 0.075887 0.734497
vt 0.079376 0.737000
vt 0.068909 0.729492
vt 0.062164 0.753723
vt 0.055420 0.777954
vt 0.140503 0.805420
vt 0.103180 0.791748
vt 0.091797 0.789958
vt 0.104767 0.795898
vt 0.065857 0.778076
vt 0.067444 0.782227
vt 0.069031 0.786377
vt 0.106791 0.809692
vt 0.125671 0.821350
vt 0.089935 0.811829
vt 0.110840 0.837280
vt 0.176636 0.900818
vt 0.198242 0.907227
vt 0.207479 0.896078
vt 0.201294 0.887299
vt 0.219849 0.913635
vt 0.222900 0.893707
vt 0.225952 0.873779
vt 0.242188 0.857544
vt 0.191345 0.831482
vt 0.202881 0.845581
vt 0.234070 0.865662
vt 0.183228 0.839600
vt 0.244141 0.804504
vt 0.244710 0.822184
vt 0.244019 0.857544
vt 0.250244 0.906189
vt 0.246216 0.881866
vt 0.239461 0.879171
vt 0.238098 0.889984
vt 0.231689 0.901245
vt 0.237874 0.902893
vt 0.237427 0.928711
vt 0.243835 0.917450
vt 0.105591 0.838623
vt 0.140076 0.871460
vt 0.141907 0.870255
vt 0.108215 0.837952
vt 0.174561 0.904297
vt 0.175598 0.902558
vt 0.176636 0.900818
vt 0.143738 0.869049
vt 0.110840 0.837280
vt 0.122192 0.174316
vt 0.095032 0.168457
vt 0.098206 0.142212
vt 0.132446 0.138672
vt 0.067871 0.162598
vt 0.063965 0.145752
vt 0.060059 0.128906
vt 0.101379 0.115967
vt 0.142700 0.103027
vt 0.331055 0.681152
vt 0.288574 0.716309
vt 0.294556 0.720703
vt 0.336426 0.685303
vt 0.246094 0.751465
vt 0.252686 0.756104
vt 0.259277 0.760742
vt 0.300537 0.725098
vt 0.341797 0.689453
vt 0.697266 0.790649
vt 0.746460 0.790558
vt 0.748291 0.777954
vt 0.795654 0.790466
vt 0.800781 0.780884
vt 0.504883 0.537109
vt 0.471069 0.561523
vt 0.475769 0.567810
vt 0.508545 0.544067
vt 0.480469 0.574097
vt 0.512207 0.551025
vt 0.281250 0.641602
vt 0.241394 0.668823
vt 0.264984 0.692566
vt 0.306152 0.661377
vt 0.201538 0.696045
vt 0.223816 0.723755
vt 0.371826 0.028320
vt 0.361206 0.018311
vt 0.362305 0.014771
vt 0.372559 0.023193
vt 0.352051 0.006348
vt 0.353516 0.004395
vt 0.363403 0.011230
vt 0.373291 0.018066
vt 0.375183 0.904312
vt 0.373779 0.921082
vt 0.376587 0.887543
vt 0.361084 0.882630
vt 0.364746 0.901001
vt 0.368408 0.919373
vt 0.839844 0.024414
vt 0.872803 0.021729
vt 0.858724 0.025879
vt 0.835205 0.029297
vt 0.905762 0.019043
vt 0.868164 0.026611
vt 0.830566 0.034180
vt 0.907227 0.081055
vt 0.868897 0.081299
vt 0.868530 0.053955
vt 0.906494 0.050049
vt 0.830567 0.081543
vt 0.830566 0.057861
vt 0.830567 0.034180
vt 0.868164 0.026611
vt 0.905762 0.019043
vt 0.908692 0.155273
vt 0.871460 0.155762
vt 0.910156 0.229492
vt 0.874024 0.230225
vt 0.837891 0.230957
vt 0.834229 0.156250
vt 0.910889 0.268555
vt 0.876953 0.269165
vt 0.911621 0.307617
vt 0.879883 0.308106
vt 0.848145 0.308594
vt 0.843018 0.269775
vt 0.863770 0.326172
vt 0.855957 0.317383
vt 0.874512 0.314128
vt 0.887695 0.316895
vt 0.848145 0.308594
vt 0.879883 0.308105
vt 0.911621 0.307617
vt 0.911865 0.319092
vt 0.895833 0.321452
vt 0.912109 0.330566
vt 0.887939 0.328369
vt 0.325439 0.169922
vt 0.399170 0.170410
vt 0.396057 0.150024
vt 0.323120 0.147949
vt 0.468994 0.152100
vt 0.465088 0.133301
vt 0.392944 0.129639
vt 0.324463 0.489746
vt 0.353272 0.514648
vt 0.437256 0.454346
vt 0.419800 0.425537
vt 0.382080 0.539551
vt 0.454712 0.483154
vt 0.288574 0.533203
vt 0.260559 0.567505
vt 0.286285 0.588989
vt 0.315674 0.556274
vt 0.232544 0.601807
vt 0.256897 0.621704
vt 0.312012 0.610474
vt 0.342773 0.579346
vt 0.608154 0.371582
vt 0.614868 0.368042
vt 0.639160 0.408691
vt 0.644043 0.406250
vt 0.621582 0.364502
vt 0.518066 0.121826
vt 0.489746 0.112793
vt 0.493530 0.147217
vt 0.514160 0.082520
vt 0.485962 0.078369
vt 0.457764 0.074219
vt 0.461426 0.103760
vt 0.732422 0.060059
vt 0.781006 0.154785
vt 0.716553 0.154297
vt 0.673340 0.065674
vt 0.829590 0.249512
vt 0.759766 0.242920
vt 0.689941 0.236328
vt 0.652100 0.153809
vt 0.614258 0.071289
vt 0.828613 0.375977
vt 0.781738 0.387207
vt 0.770752 0.315064
vt 0.829102 0.312744
vt 0.734863 0.398438
vt 0.712402 0.317383
vt 0.502930 0.063965
vt 0.508545 0.073242
vt 0.514771 0.070801
vt 0.509277 0.061279
vt 0.520264 0.080322
vt 0.526367 0.078125
vt 0.520996 0.068359
vt 0.515625 0.058594
vt 0.614258 0.071289
vt 0.604004 0.051514
vt 0.626139 0.035319
vt 0.642334 0.037109
vt 0.593750 0.031738
vt 0.632080 0.017334
vt 0.670410 0.002930
vt 0.701416 0.031494
vt 0.672363 0.044759
vt 0.732422 0.060059
vt 0.673340 0.065674
vt 0.734863 0.398438
vt 0.781738 0.387207
vt 0.793945 0.389160
vt 0.776611 0.395752
vt 0.828613 0.375977
vt 0.823486 0.384521
vt 0.818359 0.393066
vt 0.778320 0.405762
vt 0.763835 0.403320
vt 0.738281 0.418457
vt 0.736572 0.408447
vt 0.775879 0.524902
vt 0.774414 0.533203
vt 0.743652 0.503784
vt 0.746582 0.497070
vt 0.772949 0.541504
vt 0.740723 0.510498
vt 0.708496 0.479492
vt 0.712891 0.474365
vt 0.717285 0.469238
vt 0.569580 0.474121
vt 0.572876 0.481628
vt 0.637207 0.419190
vt 0.576172 0.489136
vt 0.640137 0.427246
vt 0.625000 0.686768
vt 0.596191 0.651489
vt 0.668457 0.580994
vt 0.698975 0.614136
vt 0.567383 0.616211
vt 0.637940 0.547852
vt 0.740723 0.510498
vt 0.163696 0.658691
vt 0.148132 0.671387
vt 0.167664 0.690735
vt 0.182617 0.677368
vt 0.152710 0.704102
vt 0.172852 0.724121
vt 0.187195 0.710083
vt 0.503418 0.765625
vt 0.479981 0.730713
vt 0.504150 0.718262
vt 0.529053 0.755493
vt 0.456543 0.695801
vt 0.479248 0.681030
vt 0.501953 0.666260
vt 0.528320 0.705811
vt 0.554688 0.745361
vt 0.589844 0.716065
vt 0.562256 0.678650
vt 0.534668 0.641235
vt 0.362427 0.559448
vt 0.389465 0.581970
vt 0.409668 0.562744
vt 0.369263 0.601196
vt 0.422852 0.797485
vt 0.404297 0.769592
vt 0.442139 0.750153
vt 0.463135 0.781555
vt 0.385742 0.741699
vt 0.421143 0.718750
vt 0.306519 0.511475
vt 0.334473 0.535461
vt 0.356934 0.834473
vt 0.336426 0.818176
vt 0.370361 0.793884
vt 0.389893 0.815979
vt 0.315918 0.801880
vt 0.350830 0.771790
vt 0.404297 0.769592
vt 0.337708 0.631287
vt 0.369263 0.601196
vt 0.363403 0.652100
vt 0.317139 0.879822
vt 0.300781 0.876129
vt 0.318604 0.847153
vt 0.337036 0.857147
vt 0.284424 0.872437
vt 0.300171 0.837158
vt 0.294006 0.898041
vt 0.308716 0.901794
vt 0.279297 0.894287
vt 0.384644 0.070557
vt 0.388794 0.100098
vt 0.518066 0.121826
vt 0.525757 0.118408
vt 0.533447 0.114990
vt 0.306152 0.486084
vt 0.295166 0.508240
vt 0.287842 0.482422
vt 0.283814 0.505005
vt 0.279785 0.527588
vt 0.284180 0.530396
vt 0.627441 0.864716
vt 0.623779 0.864304
vt 0.620117 0.863892
vt 0.198120 0.630249
vt 0.219757 0.649536
vt 0.209961 0.587158
vt 0.180359 0.618286
vt 0.189240 0.624268
vt 0.221252 0.594482
vt 0.150757 0.649414
vt 0.157227 0.654053
vt 0.135529 0.661621
vt 0.141830 0.666504
vt 0.175049 0.559815
vt 0.148865 0.591431
vt 0.164612 0.604859
vt 0.192505 0.573486
vt 0.122681 0.623047
vt 0.136719 0.636231
vt 0.103180 0.791748
vt 0.123474 0.753479
vt 0.090271 0.742188
vt 0.140503 0.805420
vt 0.156677 0.764771
vt 0.143768 0.715210
vt 0.079376 0.737000
vt 0.084824 0.739594
vt 0.108765 0.664185
vt 0.122742 0.650208
vt 0.109955 0.638794
vt 0.136719 0.636231
vt 0.068909 0.729492
vt 0.086121 0.712769
vt 0.075012 0.704651
vt 0.056854 0.721924
vt 0.093170 0.687378
vt 0.063904 0.696533
vt 0.044800 0.714356
vt 0.083206 0.813416
vt 0.086571 0.812622
vt 0.089935 0.811829
vt 0.225952 0.873779
vt 0.183228 0.839600
vt 0.163483 0.854324
vt 0.201294 0.887299
vt 0.125671 0.821350
vt 0.082764 0.869019
vt 0.094177 0.853821
vt 0.068386 0.832092
vt 0.053566 0.850769
vt 0.042595 0.810364
vt 0.219849 0.913635
vt 0.198242 0.907227
vt 0.197113 0.908966
vt 0.218628 0.915375
vt 0.195984 0.910706
vt 0.217407 0.917114
vt 0.153809 0.944855
vt 0.107071 0.922257
vt 0.115395 0.909294
vt 0.159241 0.934250
vt 0.060333 0.899658
vt 0.071548 0.884338
vt 0.123718 0.896332
vt 0.164673 0.923645
vt 0.129272 0.527832
vt 0.140564 0.535523
vt 0.116043 0.567261
vt 0.105072 0.559448
vt 0.151855 0.543213
vt 0.127014 0.575073
vt 0.102173 0.606934
vt 0.091522 0.598999
vt 0.080872 0.591065
vt 0.024368 0.832520
vt 0.026833 0.829407
vt 0.045476 0.842611
vt 0.053566 0.850769
vt 0.029297 0.826294
vt 0.056030 0.847656
vt 0.082764 0.869019
vt 0.091522 0.598999
vt 0.078774 0.616150
vt 0.068069 0.608521
vt 0.089478 0.623779
vt 0.076782 0.640625
vt 0.066025 0.633301
vt 0.055267 0.625977
vt 0.022671 0.732971
vt 0.018815 0.730713
vt 0.009239 0.756470
vt 0.005869 0.754517
vt 0.002499 0.752564
vt 0.014959 0.728455
vt 0.198975 0.964508
vt 0.176392 0.954682
vt 0.181580 0.943634
vt 0.203918 0.953018
vt 0.186768 0.932587
vt 0.208862 0.941528
vt 0.132507 0.487793
vt 0.150299 0.502258
vt 0.135742 0.447754
vt 0.160034 0.468994
vt 0.184326 0.490234
vt 0.168091 0.516724
vt 0.770874 0.965250
vt 0.776367 0.946152
vt 0.765381 0.984348
vt 0.137756 0.422363
vt 0.166229 0.447754
vt 0.139771 0.396973
vt 0.172424 0.426514
vt 0.205078 0.456055
vt 0.194702 0.473145
vt 0.158569 0.384766
vt 0.187439 0.410645
vt 0.179932 0.418579
vt 0.149170 0.390869
vt 0.216309 0.436523
vt 0.210693 0.446289
vt 0.308838 0.050781
vt 0.310181 0.058838
vt 0.383545 0.062500
vt 0.382446 0.054443
vt 0.456909 0.066162
vt 0.456055 0.058105
vt 0.231934 0.055176
vt 0.234192 0.063232
vt 0.272186 0.061035
vt 0.270386 0.052979
vt 0.280823 0.149536
vt 0.279907 0.171143
vt 0.238525 0.151123
vt 0.234375 0.172363
vt 0.208130 0.061035
vt 0.207520 0.070557
vt 0.220856 0.066895
vt 0.220032 0.058105
vt 0.206909 0.080078
vt 0.221680 0.075684
vt 0.222076 0.146973
vt 0.216492 0.170654
vt 0.227661 0.123291
vt 0.212647 0.116699
vt 0.205627 0.142822
vt 0.198608 0.168945
vt 0.209778 0.098389
vt 0.224670 0.099487
vt 0.107086 0.086914
vt 0.118378 0.070557
vt 0.149048 0.084473
vt 0.071472 0.070801
vt 0.087708 0.056641
vt 0.071472 0.070801
vt 0.107086 0.086914
vt 0.091410 0.100911
vt 0.065765 0.099854
vt 0.142700 0.103027
vt 0.101379 0.115967
vt 0.060059 0.128906
vt 0.247742 0.882034
vt 0.246216 0.881867
vt 0.249268 0.882202
vt 0.245850 0.857544
vt 0.244019 0.857544
vt 0.242188 0.857544
vt 0.067871 0.162598
vt 0.095032 0.168457
vt 0.102091 0.177734
vt 0.092041 0.179443
vt 0.122192 0.174316
vt 0.119202 0.185303
vt 0.116211 0.196289
vt 0.085068 0.184814
vt 0.079336 0.177409
vt 0.053925 0.173340
vt 0.060898 0.167969
vt 0.943848 0.347656
vt 0.943848 0.359131
vt 0.942871 0.362956
vt 0.942383 0.359131
vt 0.943848 0.370605
vt 0.942383 0.370605
vt 0.940918 0.370605
vt 0.940918 0.357422
vt 0.941895 0.354167
vt 0.940918 0.344238
vt 0.942383 0.345947
vt 0.639160 0.408691
vt 0.643188 0.416138
vt 0.649170 0.413086
vt 0.647217 0.423584
vt 0.654297 0.419922
vt 0.843750 0.343262
vt 0.844727 0.342285
vt 0.845215 0.351725
vt 0.844971 0.356934
vt 0.845703 0.341309
vt 0.845947 0.355957
vt 0.846191 0.370605
vt 0.845215 0.370605
vt 0.844727 0.361491
vt 0.844238 0.370605
vt 0.843994 0.356934
vt 0.121704 0.360352
vt 0.123230 0.363037
vt 0.122025 0.363770
vt 0.120300 0.360840
vt 0.124756 0.365723
vt 0.123749 0.366699
vt 0.122742 0.367676
vt 0.120819 0.364502
vt 0.118896 0.361328
vt 0.135376 0.346191
vt 0.137939 0.347656
vt 0.135132 0.347331
vt 0.132446 0.346436
vt 0.140503 0.349121
vt 0.135010 0.347900
vt 0.129517 0.346680
vt 0.142029 0.351807
vt 0.142578 0.354655
vt 0.142090 0.354736
vt 0.143555 0.354492
vt 0.143616 0.357422
vt 0.143677 0.360352
vt 0.136108 0.343750
vt 0.139343 0.345459
vt 0.138641 0.346558
vt 0.135742 0.344971
vt 0.142578 0.347168
vt 0.141541 0.348145
vt 0.140503 0.349121
vt 0.137939 0.347656
vt 0.135376 0.346191
vt 0.127319 0.367188
vt 0.126633 0.368286
vt 0.129883 0.368652
vt 0.129517 0.369873
vt 0.129150 0.371094
vt 0.125946 0.369385
vt 0.121582 0.354492
vt 0.123016 0.352051
vt 0.125183 0.350260
vt 0.125549 0.350586
vt 0.124451 0.349609
vt 0.126984 0.348145
vt 0.142273 0.362793
vt 0.140096 0.364583
vt 0.139709 0.364258
vt 0.140869 0.365234
vt 0.138306 0.366699
vt 0.135742 0.368164
vt 0.146362 0.353516
vt 0.146423 0.357178
vt 0.145020 0.357300
vt 0.144959 0.354004
vt 0.146484 0.360840
vt 0.145081 0.360596
vt 0.143677 0.360352
vt 0.143616 0.357422
vt 0.143555 0.354492
vt 0.144470 0.350342
vt 0.143250 0.351074
vt 0.142029 0.351807
vt 0.124756 0.365723
vt 0.123230 0.363037
vt 0.122681 0.360189
vt 0.123169 0.360107
vt 0.121704 0.360352
vt 0.121643 0.357422
vt 0.132812 0.368408
vt 0.130127 0.367513
vt 0.130249 0.366943
vt 0.129883 0.368652
vt 0.127319 0.367188
vt 0.134725 0.364746
vt 0.134216 0.363037
vt 0.125285 0.355632
vt 0.127136 0.356201
vt 0.136597 0.371094
vt 0.132874 0.371094
vt 0.132843 0.369751
vt 0.136169 0.369629
vt 0.132813 0.368408
vt 0.135742 0.368164
vt 0.121582 0.354492
vt 0.121643 0.357422
vt 0.120239 0.357544
vt 0.120178 0.354248
vt 0.118835 0.357666
vt 0.118774 0.354004
vt 0.144714 0.364014
vt 0.143494 0.363403
vt 0.142944 0.367188
vt 0.141907 0.366211
vt 0.140869 0.365234
vt 0.142273 0.362793
vt 0.139771 0.369141
vt 0.139038 0.367920
vt 0.138306 0.366699
vt 0.368897 0.656677
vt 0.401367 0.628052
vt 0.374390 0.661255
vt 0.132446 0.346436
vt 0.132416 0.345093
vt 0.135742 0.344971
vt 0.132385 0.343750
vt 0.134216 0.363037
vt 0.134613 0.355469
vt 0.142090 0.354736
vt 0.127136 0.356201
vt 0.135010 0.347900
vt 0.123016 0.352051
vt 0.121796 0.351440
vt 0.120575 0.350830
vt 0.905762 0.002930
vt 0.905762 0.010986
vt 0.869751 0.013062
vt 0.866699 0.004395
vt 0.872803 0.021729
vt 0.839844 0.024414
vt 0.833740 0.015137
vt 0.827637 0.005859
vt 0.784668 0.136108
vt 0.786377 0.135254
vt 0.782959 0.136963
vt 0.787109 0.145996
vt 0.788330 0.144287
vt 0.789551 0.142578
vt 0.814942 0.140625
vt 0.817139 0.134033
vt 0.801758 0.134644
vt 0.802246 0.141602
vt 0.819336 0.127441
vt 0.801270 0.127686
vt 0.786377 0.135254
vt 0.814942 0.110840
vt 0.813721 0.112793
vt 0.817871 0.120117
vt 0.819824 0.119141
vt 0.812500 0.114746
vt 0.815918 0.121094
vt 0.822022 0.127441
vt 0.824707 0.127441
vt 0.817383 0.145996
vt 0.816162 0.143311
vt 0.802246 0.143799
vt 0.802246 0.145996
vt 0.802246 0.141602
vt 0.788330 0.144287
vt 0.819092 0.135376
vt 0.821045 0.136719
vt 0.191345 0.831482
vt 0.200409 0.784638
vt 0.244141 0.804504
vt 0.209473 0.737793
vt 0.799561 0.114502
vt 0.800415 0.121094
vt 0.784912 0.121094
vt 0.813721 0.112793
vt 0.799439 0.112671
vt 0.799561 0.114502
vt 0.799317 0.110840
vt 0.046951 0.638916
vt 0.057938 0.646057
vt 0.049850 0.658814
vt 0.068924 0.653198
vt 0.244873 0.557373
vt 0.252716 0.562439
vt 0.034524 0.984231
vt 0.035097 0.982092
vt 0.035097 0.982092
vt 0.034524 0.984231
vt 0.035670 0.979953
vt 0.027114 0.988509
vt 0.029253 0.987936
vt 0.029253 0.987936
vt 0.031392 0.987363
vt 0.031392 0.972543
vt 0.029253 0.971970
vt 0.029253 0.971969
vt 0.031392 0.972543
vt 0.027114 0.971396
vt 0.019704 0.975675
vt 0.019131 0.977814
vt 0.019131 0.977814
vt 0.019704 0.975675
vt 0.018557 0.979953
vt 0.022836 0.987363
vt 0.024975 0.987936
vt 0.024975 0.987936
vt 0.022836 0.987363
vt 0.034524 0.975675
vt 0.032958 0.974109
vt 0.032958 0.974109
vt 0.034524 0.975675
vt 0.022836 0.972543
vt 0.021270 0.974109
vt 0.021270 0.974109
vt 0.022836 0.972543
vt 0.019704 0.984231
vt 0.021270 0.985797
vt 0.021270 0.985797
vt 0.019704 0.984231
vt 0.032958 0.985797
vt 0.032958 0.985797
vt 0.024975 0.971969
vt 0.024975 0.971969
vt 0.019131 0.982092
vt 0.019131 0.982092
vt 0.035097 0.977814
vt 0.034058 0.983962
vt 0.034595 0.981957
vt 0.033593 0.983693
vt 0.034094 0.981823
vt 0.034595 0.979953
vt 0.035133 0.979953
vt 0.032470 0.983045
vt 0.032884 0.981499
vt 0.031346 0.982396
vt 0.031674 0.981174
vt 0.032001 0.979953
vt 0.033298 0.979953
vt 0.031123 0.986897
vt 0.032591 0.985430
vt 0.030855 0.986432
vt 0.032224 0.985063
vt 0.030206 0.985308
vt 0.031338 0.984177
vt 0.029557 0.984185
vt 0.030452 0.983291
vt 0.027114 0.987972
vt 0.029118 0.987434
vt 0.027114 0.987434
vt 0.028984 0.986933
vt 0.027114 0.986137
vt 0.028660 0.985723
vt 0.027114 0.984840
vt 0.028336 0.984513
vt 0.023104 0.986897
vt 0.025109 0.987434
vt 0.023373 0.986432
vt 0.025243 0.986933
vt 0.024022 0.985308
vt 0.025568 0.985723
vt 0.024670 0.984185
vt 0.025892 0.984513
vt 0.020169 0.983962
vt 0.021637 0.985430
vt 0.020634 0.983693
vt 0.022004 0.985063
vt 0.021758 0.983045
vt 0.022890 0.984177
vt 0.022881 0.982396
vt 0.023776 0.983291
vt 0.019095 0.979953
vt 0.019632 0.981957
vt 0.019632 0.979953
vt 0.020133 0.981823
vt 0.020929 0.979953
vt 0.021344 0.981499
vt 0.022226 0.979953
vt 0.022554 0.981174
vt 0.020169 0.975943
vt 0.019632 0.977948
vt 0.020634 0.976212
vt 0.020133 0.978082
vt 0.021758 0.976860
vt 0.021344 0.978406
vt 0.022881 0.977509
vt 0.022554 0.978731
vt 0.023104 0.973008
vt 0.021637 0.974476
vt 0.023373 0.973473
vt 0.022004 0.974843
vt 0.024022 0.974597
vt 0.022890 0.975729
vt 0.024670 0.975720
vt 0.023776 0.976614
vt 0.027114 0.971934
vt 0.025109 0.972471
vt 0.027114 0.972471
vt 0.025243 0.972972
vt 0.027114 0.973768
vt 0.025568 0.974182
vt 0.027114 0.975065
vt 0.025892 0.975393
vt 0.031123 0.973008
vt 0.029118 0.972471
vt 0.030855 0.973473
vt 0.028984 0.972972
vt 0.030206 0.974597
vt 0.028660 0.974182
vt 0.029557 0.975720
vt 0.028336 0.975393
vt 0.034058 0.975943
vt 0.032591 0.974475
vt 0.033593 0.976212
vt 0.032224 0.974843
vt 0.032470 0.976860
vt 0.031338 0.975728
vt 0.031346 0.977509
vt 0.030452 0.976614
vt 0.034595 0.977948
vt 0.034094 0.978082
vt 0.032884 0.978406
vt 0.031674 0.978731
vt 0.031346 0.982396
vt 0.030452 0.983291
vt 0.027114 0.979953
vt 0.031674 0.981174
vt 0.029557 0.984185
vt 0.028336 0.984512
vt 0.027114 0.984840
vt 0.025892 0.984512
vt 0.024670 0.984185
vt 0.023776 0.983291
vt 0.022881 0.982396
vt 0.022554 0.981174
vt 0.022226 0.979953
vt 0.022554 0.978731
vt 0.022881 0.977509
vt 0.023776 0.976614
vt 0.024670 0.975720
vt 0.025892 0.975393
vt 0.027114 0.975065
vt 0.028336 0.975393
vt 0.029557 0.975720
vt 0.030452 0.976614
vt 0.031346 0.977509
vt 0.031674 0.978731
vt 0.032001 0.979953
vt 0.119408 0.821411
vt 0.118842 0.819528
vt 0.119040 0.819406
vt 0.119594 0.821251
vt 0.118276 0.817644
vt 0.118486 0.817561
vt 0.118695 0.817478
vt 0.119238 0.819284
vt 0.119781 0.821091
vt 0.118553 0.803217
vt 0.119477 0.801977
vt 0.119653 0.802202
vt 0.118749 0.803422
vt 0.120401 0.800737
vt 0.120557 0.800983
vt 0.120712 0.801229
vt 0.119829 0.802428
vt 0.118945 0.803626
vt 0.140159 0.809105
vt 0.140541 0.810876
vt 0.140360 0.810917
vt 0.139984 0.809172
vt 0.140923 0.812648
vt 0.140736 0.812662
vt 0.140549 0.812676
vt 0.140179 0.810958
vt 0.139809 0.809239
vt 0.117638 0.813769
vt 0.117505 0.811874
vt 0.117729 0.811909
vt 0.117860 0.813765
vt 0.117371 0.809980
vt 0.117597 0.810054
vt 0.117823 0.810127
vt 0.117952 0.811944
vt 0.118082 0.813761
vt 0.123074 0.799194
vt 0.124709 0.798975
vt 0.124778 0.799238
vt 0.123174 0.799460
vt 0.126344 0.798755
vt 0.126382 0.799016
vt 0.126420 0.799277
vt 0.124847 0.799502
vt 0.123275 0.799726
vt 0.137946 0.823514
vt 0.136670 0.824926
vt 0.136532 0.824734
vt 0.137790 0.823351
vt 0.135394 0.826337
vt 0.135275 0.826117
vt 0.135156 0.825897
vt 0.136395 0.824542
vt 0.137635 0.823187
vt 0.117589 0.806394
vt 0.118071 0.804805
vt 0.118279 0.804980
vt 0.117808 0.806538
vt 0.118486 0.805154
vt 0.118027 0.806683
vt 0.129836 0.799405
vt 0.131515 0.800170
vt 0.131466 0.800391
vt 0.129813 0.799643
vt 0.133195 0.800935
vt 0.133120 0.801138
vt 0.133044 0.801342
vt 0.131417 0.800611
vt 0.129791 0.799881
vt 0.132380 0.828227
vt 0.130816 0.828603
vt 0.130774 0.828324
vt 0.132310 0.827962
vt 0.129253 0.828979
vt 0.129238 0.828687
vt 0.129224 0.828395
vt 0.130732 0.828046
vt 0.132239 0.827696
vt 0.121738 0.799966
vt 0.121866 0.800221
vt 0.121993 0.800478
vt 0.136172 0.803140
vt 0.137360 0.804520
vt 0.137225 0.804659
vt 0.136053 0.803302
vt 0.138548 0.805899
vt 0.138396 0.806016
vt 0.138244 0.806133
vt 0.137089 0.804799
vt 0.135934 0.803465
vt 0.139790 0.820094
vt 0.138868 0.821804
vt 0.138701 0.821671
vt 0.139612 0.819991
vt 0.138534 0.821538
vt 0.139433 0.819889
vt 0.126267 0.828607
vt 0.124899 0.827889
vt 0.124971 0.827605
vt 0.126311 0.828312
vt 0.123530 0.827171
vt 0.123630 0.826898
vt 0.123730 0.826625
vt 0.125043 0.827321
vt 0.126355 0.828017
vt 0.128090 0.799080
vt 0.128097 0.799330
vt 0.128105 0.799579
vt 0.133887 0.827282
vt 0.133792 0.827039
vt 0.133697 0.826797
vt 0.121178 0.824710
vt 0.120293 0.823061
vt 0.120461 0.822867
vt 0.121328 0.824484
vt 0.120629 0.822674
vt 0.121477 0.824257
vt 0.134683 0.802037
vt 0.134586 0.802220
vt 0.134489 0.802403
vt 0.127760 0.828793
vt 0.127775 0.828499
vt 0.127789 0.828206
vt 0.117957 0.815706
vt 0.118173 0.815663
vt 0.118389 0.815620
vt 0.139354 0.807502
vt 0.139190 0.807594
vt 0.139027 0.807686
vt 0.122354 0.825941
vt 0.122479 0.825691
vt 0.122604 0.825441
vt 0.117480 0.808187
vt 0.117703 0.808296
vt 0.117925 0.808405
vt 0.140802 0.816384
vt 0.140296 0.818239
vt 0.140113 0.818166
vt 0.140613 0.816341
vt 0.139929 0.818094
vt 0.140425 0.816298
vt 0.140862 0.814516
vt 0.140675 0.814502
vt 0.140487 0.814487
vt 0.139203 0.817839
vt 0.139669 0.816146
vt 0.138736 0.819532
vt 0.138039 0.819175
vt 0.138476 0.817584
vt 0.138914 0.815993
vt 0.137359 0.817228
vt 0.137756 0.815781
vt 0.136961 0.818676
vt 0.135882 0.818177
vt 0.136241 0.816873
vt 0.136599 0.815570
vt 0.136241 0.816873
vt 0.135031 0.816512
vt 0.135350 0.815356
vt 0.134712 0.817669
vt 0.133542 0.817161
vt 0.133821 0.816152
vt 0.134101 0.815142
vt 0.135878 0.823922
vt 0.137043 0.822645
vt 0.134713 0.825199
vt 0.134271 0.824501
vt 0.135361 0.823302
vt 0.136451 0.822102
vt 0.134538 0.822424
vt 0.135519 0.821341
vt 0.133557 0.823507
vt 0.132844 0.822514
vt 0.133715 0.821547
vt 0.134587 0.820579
vt 0.133715 0.821546
vt 0.132807 0.820647
vt 0.133565 0.819802
vt 0.132050 0.821492
vt 0.131257 0.820470
vt 0.131899 0.819747
vt 0.132542 0.819025
vt 0.130582 0.827216
vt 0.131985 0.826889
vt 0.129180 0.827543
vt 0.129135 0.826691
vt 0.130433 0.826386
vt 0.131730 0.826081
vt 0.130188 0.825176
vt 0.131309 0.824911
vt 0.129067 0.825441
vt 0.128998 0.824192
vt 0.129943 0.823967
vt 0.130889 0.823741
vt 0.129943 0.823966
vt 0.129669 0.822701
vt 0.130415 0.822523
vt 0.128924 0.822879
vt 0.128849 0.821567
vt 0.129395 0.821436
vt 0.129941 0.821305
vt 0.125300 0.826551
vt 0.126520 0.827196
vt 0.124081 0.825906
vt 0.124431 0.825187
vt 0.125558 0.825782
vt 0.126685 0.826376
vt 0.126014 0.824668
vt 0.126982 0.825176
vt 0.125046 0.824160
vt 0.125661 0.823133
vt 0.126470 0.823555
vt 0.127278 0.823977
vt 0.127001 0.822396
vt 0.127626 0.822720
vt 0.126375 0.822072
vt 0.127090 0.821011
vt 0.127532 0.821236
vt 0.127975 0.821462
vt 0.121171 0.822198
vt 0.121971 0.823692
vt 0.120371 0.820705
vt 0.120961 0.820319
vt 0.121713 0.821723
vt 0.122466 0.823127
vt 0.122632 0.821074
vt 0.123314 0.822347
vt 0.121950 0.819801
vt 0.122939 0.819284
vt 0.123550 0.820425
vt 0.124162 0.821566
vt 0.123550 0.820425
vt 0.124599 0.819776
vt 0.125136 0.820780
vt 0.124062 0.818772
vt 0.125184 0.818261
vt 0.125647 0.819127
vt 0.126110 0.819993
vt 0.119048 0.815497
vt 0.119341 0.817271
vt 0.118755 0.813723
vt 0.119428 0.813684
vt 0.119707 0.815374
vt 0.119986 0.817065
vt 0.120785 0.815184
vt 0.121047 0.816777
vt 0.120522 0.813590
vt 0.121616 0.813496
vt 0.121863 0.814993
vt 0.122109 0.816490
vt 0.123070 0.814785
vt 0.123303 0.816199
vt 0.122838 0.813371
vt 0.124059 0.813247
vt 0.124278 0.814578
vt 0.124497 0.815908
vt 0.118605 0.808623
vt 0.118508 0.810254
vt 0.118702 0.806992
vt 0.119376 0.807301
vt 0.119285 0.808841
vt 0.119194 0.810382
vt 0.120384 0.809065
vt 0.120302 0.810482
vt 0.120466 0.807649
vt 0.121556 0.807997
vt 0.121482 0.809289
vt 0.121409 0.810581
vt 0.122706 0.809459
vt 0.122642 0.810627
vt 0.122769 0.808291
vt 0.123982 0.808585
vt 0.123929 0.809628
vt 0.123875 0.810672
vt 0.120383 0.803024
vt 0.119564 0.804132
vt 0.121201 0.801916
vt 0.121690 0.802603
vt 0.120936 0.803620
vt 0.120183 0.804638
vt 0.121822 0.804440
vt 0.121184 0.805300
vt 0.122460 0.803580
vt 0.123231 0.804557
vt 0.122707 0.805260
vt 0.122184 0.805962
vt 0.123687 0.806083
vt 0.123299 0.806603
vt 0.124076 0.805564
vt 0.124921 0.806570
vt 0.124667 0.806907
vt 0.124413 0.807244
vt 0.125031 0.800325
vt 0.123569 0.800531
vt 0.126494 0.800119
vt 0.126568 0.800960
vt 0.125215 0.801148
vt 0.123863 0.801336
vt 0.125449 0.802360
vt 0.124283 0.802520
vt 0.126616 0.802199
vt 0.126664 0.803438
vt 0.125683 0.803571
vt 0.124703 0.803704
vt 0.125905 0.804846
vt 0.125137 0.804949
vt 0.126673 0.804743
vt 0.126682 0.806047
vt 0.126126 0.806121
vt 0.125571 0.806194
vt 0.131189 0.801381
vt 0.129655 0.800690
vt 0.132722 0.802071
vt 0.132400 0.802801
vt 0.130960 0.802150
vt 0.129520 0.801499
vt 0.130555 0.803276
vt 0.129247 0.802683
vt 0.131863 0.803870
vt 0.131325 0.804939
vt 0.130150 0.804403
vt 0.128974 0.803867
vt 0.129676 0.805586
vt 0.128636 0.805110
vt 0.130717 0.806061
vt 0.130108 0.807184
vt 0.129203 0.806768
vt 0.128298 0.806353
vt 0.136533 0.805333
vt 0.135447 0.804077
vt 0.137620 0.806589
vt 0.136996 0.807046
vt 0.135978 0.805868
vt 0.134960 0.804689
vt 0.135114 0.806659
vt 0.134194 0.805593
vt 0.136034 0.807726
vt 0.135072 0.808405
vt 0.134250 0.807451
vt 0.133427 0.806497
vt 0.134250 0.807451
vt 0.133308 0.808288
vt 0.132587 0.807451
vt 0.134029 0.809125
vt 0.132987 0.809845
vt 0.132367 0.809124
vt 0.131746 0.808404
vt 0.139438 0.811122
vt 0.139090 0.809508
vt 0.139786 0.812736
vt 0.139022 0.812796
vt 0.138696 0.811286
vt 0.138371 0.809776
vt 0.137562 0.811534
vt 0.137269 0.810177
vt 0.137855 0.812891
vt 0.136688 0.812985
vt 0.136427 0.811782
vt 0.136167 0.810578
vt 0.136427 0.811781
vt 0.135203 0.812046
vt 0.134977 0.811004
vt 0.135429 0.813088
vt 0.134171 0.813192
vt 0.133980 0.812311
vt 0.133788 0.811430
vt 0.139727 0.814441
vt 0.138968 0.814395
vt 0.137806 0.814336
vt 0.136643 0.814277
vt 0.136643 0.814277
vt 0.135390 0.814222
vt 0.134136 0.814167
vt 0.137889 0.821088
vt 0.137245 0.820639
vt 0.136240 0.820008
vt 0.135235 0.819378
vt 0.135234 0.819378
vt 0.134138 0.818735
vt 0.133042 0.818093
vt 0.133349 0.826044
vt 0.133001 0.825291
vt 0.132433 0.824209
vt 0.131866 0.823128
vt 0.131866 0.823128
vt 0.131232 0.822008
vt 0.130599 0.820888
vt 0.127850 0.827370
vt 0.127910 0.826534
vt 0.128024 0.825309
vt 0.128138 0.824084
vt 0.128138 0.824084
vt 0.128275 0.822799
vt 0.128412 0.821515
vt 0.123026 0.824799
vt 0.123449 0.824157
vt 0.124180 0.823253
vt 0.124911 0.822349
vt 0.125756 0.821426
vt 0.126600 0.820502
vt 0.119856 0.818988
vt 0.120473 0.818692
vt 0.121499 0.818289
vt 0.122524 0.817887
vt 0.123682 0.817486
vt 0.124841 0.817085
vt 0.118632 0.811988
vt 0.119311 0.812033
vt 0.120412 0.812036
vt 0.121513 0.812038
vt 0.121513 0.812038
vt 0.122740 0.811999
vt 0.123967 0.811959
vt 0.119133 0.805562
vt 0.119779 0.805969
vt 0.120825 0.806474
vt 0.121870 0.806980
vt 0.123034 0.807447
vt 0.124198 0.807914
vt 0.122385 0.801224
vt 0.122776 0.801970
vt 0.123372 0.803050
vt 0.123967 0.804131
vt 0.123967 0.804131
vt 0.124606 0.805256
vt 0.125246 0.806382
vt 0.128075 0.800404
vt 0.128044 0.801230
vt 0.127931 0.802441
vt 0.127819 0.803653
vt 0.127819 0.803653
vt 0.127654 0.804926
vt 0.127490 0.806200
vt 0.134085 0.803074
vt 0.133680 0.803745
vt 0.133028 0.804731
vt 0.132376 0.805718
vt 0.132376 0.805718
vt 0.131652 0.806756
vt 0.130927 0.807794
vt 0.138355 0.808049
vt 0.137683 0.808411
vt 0.136651 0.808951
vt 0.135619 0.809491
vt 0.134503 0.810064
vt 0.133387 0.810637
vt 0.134101 0.815142
vt 0.133821 0.816152
vt 0.128570 0.813595
vt 0.134136 0.814167
vt 0.133542 0.817161
vt 0.133042 0.818093
vt 0.132542 0.819025
vt 0.131899 0.819747
vt 0.131257 0.820470
vt 0.130599 0.820888
vt 0.129941 0.821305
vt 0.129395 0.821436
vt 0.128849 0.821567
vt 0.128412 0.821514
vt 0.127975 0.821462
vt 0.127532 0.821236
vt 0.127090 0.821011
vt 0.126600 0.820502
vt 0.126110 0.819993
vt 0.125647 0.819127
vt 0.125184 0.818261
vt 0.124841 0.817085
vt 0.124497 0.815908
vt 0.124278 0.814578
vt 0.124059 0.813247
vt 0.123967 0.811959
vt 0.123875 0.810672
vt 0.123929 0.809628
vt 0.123982 0.808584
vt 0.124198 0.807914
vt 0.124413 0.807244
vt 0.124667 0.806907
vt 0.124921 0.806570
vt 0.125246 0.806382
vt 0.125571 0.806194
vt 0.126126 0.806121
vt 0.126682 0.806047
vt 0.127490 0.806200
vt 0.128298 0.806352
vt 0.129203 0.806768
vt 0.130108 0.807184
vt 0.130927 0.807794
vt 0.131746 0.808404
vt 0.132367 0.809124
vt 0.132987 0.809845
vt 0.133387 0.810637
vt 0.133788 0.811429
vt 0.133980 0.812310
vt 0.134171 0.813191
vt 0.372559 0.023193
vt 0.371582 0.031738
vt 0.371582 0.031738
vt 0.367188 0.048340
vt 0.020790 0.983814
vt 0.021124 0.983563
vt 0.021003 0.983365
vt 0.020683 0.983605
vt 0.021459 0.983312
vt 0.021322 0.983126
vt 0.021185 0.982939
vt 0.020881 0.983167
vt 0.020577 0.983396
vt 0.030920 0.984293
vt 0.030951 0.984343
vt 0.031148 0.984255
vt 0.031118 0.984206
vt 0.030981 0.984392
vt 0.031179 0.984305
vt 0.031376 0.984217
vt 0.031346 0.984168
vt 0.031316 0.984118
vt 0.020272 0.984438
vt 0.020257 0.984445
vt 0.020250 0.984445
vt 0.020242 0.984453
vt 0.020227 0.984453
vt 0.020212 0.984453
vt 0.020242 0.984445
vt 0.031376 0.984255
vt 0.031179 0.984343
vt 0.031179 0.984346
vt 0.031376 0.984259
vt 0.030981 0.984430
vt 0.030981 0.984434
vt 0.030981 0.984438
vt 0.031179 0.984350
vt 0.031376 0.984263
vt 0.031179 0.984324
vt 0.030981 0.984411
vt 0.031376 0.984236
vt 0.029886 0.981829
vt 0.029673 0.981886
vt 0.029909 0.982441
vt 0.030114 0.982373
vt 0.029460 0.981943
vt 0.029703 0.982510
vt 0.029947 0.983076
vt 0.030144 0.982996
vt 0.030342 0.982916
vt 0.029825 0.976802
vt 0.028684 0.977684
vt 0.028699 0.977703
vt 0.029840 0.976824
vt 0.027543 0.978566
vt 0.027558 0.978581
vt 0.027574 0.978597
vt 0.028715 0.977722
vt 0.029855 0.976847
vt 0.027543 0.978596
vt 0.027528 0.978604
vt 0.027533 0.978627
vt 0.027543 0.978634
vt 0.027513 0.978612
vt 0.027528 0.978642
vt 0.027543 0.978672
vt 0.027543 0.978657
vt 0.027558 0.978650
vt 0.027564 0.978632
vt 0.027558 0.978627
vt 0.027574 0.978642
vt 0.027574 0.978619
vt 0.027574 0.978596
vt 0.027558 0.978596
vt 0.027553 0.978617
vt 0.027543 0.978627
vt 0.020151 0.984384
vt 0.020212 0.984400
vt 0.020257 0.984362
vt 0.020212 0.984339
vt 0.020272 0.984415
vt 0.020303 0.984384
vt 0.020333 0.984354
vt 0.020303 0.984324
vt 0.020272 0.984293
vt 0.020424 0.984278
vt 0.020409 0.984240
vt 0.020356 0.984282
vt 0.020379 0.984316
vt 0.020394 0.984202
vt 0.020333 0.984247
vt 0.028121 0.978718
vt 0.028121 0.978726
vt 0.028152 0.978718
vt 0.028152 0.978711
vt 0.028121 0.978733
vt 0.028152 0.978726
vt 0.028182 0.978718
vt 0.028182 0.978711
vt 0.028182 0.978703
vt 0.031468 0.984050
vt 0.031453 0.984034
vt 0.031430 0.984114
vt 0.031437 0.984130
vt 0.031437 0.984019
vt 0.031422 0.984099
vt 0.031407 0.984179
vt 0.031407 0.984194
vt 0.031407 0.984209
vt 0.019999 0.983084
vt 0.019983 0.983145
vt 0.020100 0.983074
vt 0.020166 0.983008
vt 0.019968 0.983205
vt 0.020151 0.983068
vt 0.020333 0.982932
vt 0.029521 0.979327
vt 0.029506 0.979304
vt 0.029688 0.979772
vt 0.029703 0.979783
vt 0.029490 0.979281
vt 0.029673 0.979760
vt 0.029855 0.980239
vt 0.029871 0.980239
vt 0.029886 0.980239
vt 0.029369 0.979205
vt 0.029445 0.979266
vt 0.029414 0.979190
vt 0.029338 0.979129
vt 0.029490 0.979251
vt 0.029460 0.979175
vt 0.029384 0.979114
vt 0.029308 0.979053
vt 0.026144 0.978353
vt 0.026113 0.978353
vt 0.026068 0.978414
vt 0.026113 0.978406
vt 0.026083 0.978353
vt 0.026022 0.978422
vt 0.025961 0.978490
vt 0.026022 0.978475
vt 0.026083 0.978460
vt 0.029308 0.979175
vt 0.029049 0.979129
vt 0.029042 0.979690
vt 0.029293 0.979715
vt 0.028791 0.979083
vt 0.028791 0.979665
vt 0.028791 0.980247
vt 0.029034 0.980251
vt 0.029277 0.980255
vt 0.028791 0.979083
vt 0.028532 0.979015
vt 0.028618 0.979425
vt 0.028791 0.979665
vt 0.028273 0.978946
vt 0.028532 0.979596
vt 0.028791 0.980247
vt 0.025961 0.978490
vt 0.025779 0.978634
vt 0.025759 0.978678
vt 0.025840 0.978627
vt 0.025596 0.978779
vt 0.025657 0.978771
vt 0.025718 0.978764
vt 0.025900 0.978612
vt 0.025921 0.978571
vt 0.026083 0.978459
vt 0.026022 0.978475
vt 0.020440 0.984289
vt 0.020660 0.984120
vt 0.020653 0.984107
vt 0.020455 0.984301
vt 0.020668 0.984133
vt 0.020881 0.983966
vt 0.020881 0.983951
vt 0.020881 0.983936
vt 0.024501 0.981084
vt 0.025140 0.980570
vt 0.025110 0.980551
vt 0.024471 0.981057
vt 0.025779 0.980057
vt 0.025748 0.980045
vt 0.025718 0.980034
vt 0.025079 0.980532
vt 0.024440 0.981030
vt 0.029551 0.980954
vt 0.029323 0.980973
vt 0.029498 0.981430
vt 0.029718 0.981392
vt 0.029095 0.980992
vt 0.029277 0.981468
vt 0.031392 0.984215
vt 0.031392 0.984198
vt 0.031392 0.984232
vt 0.026235 0.978277
vt 0.026296 0.978262
vt 0.027444 0.977376
vt 0.027391 0.977387
vt 0.026357 0.978247
vt 0.027498 0.977364
vt 0.028638 0.976482
vt 0.028593 0.976490
vt 0.028547 0.976497
vt 0.029247 0.978962
vt 0.029247 0.978969
vt 0.029262 0.978981
vt 0.029262 0.978969
vt 0.029247 0.978977
vt 0.029262 0.978992
vt 0.029277 0.979007
vt 0.029277 0.978992
vt 0.029277 0.978977
vt 0.028532 0.979597
vt 0.028502 0.979599
vt 0.028760 0.980251
vt 0.028273 0.978946
vt 0.028243 0.978946
vt 0.028213 0.978946
vt 0.028471 0.979600
vt 0.028730 0.980255
vt 0.029217 0.978946
vt 0.030342 0.978057
vt 0.030084 0.978003
vt 0.028958 0.978893
vt 0.031468 0.977167
vt 0.031209 0.977113
vt 0.030951 0.977060
vt 0.029825 0.977950
vt 0.028699 0.978840
vt 0.019664 0.983434
vt 0.019710 0.983354
vt 0.019702 0.983357
vt 0.019664 0.983437
vt 0.019755 0.983274
vt 0.019740 0.983278
vt 0.019725 0.983282
vt 0.019694 0.983361
vt 0.019664 0.983441
vt 0.019664 0.983495
vt 0.019664 0.983502
vt 0.019778 0.983713
vt 0.019786 0.983707
vt 0.019664 0.983510
vt 0.019770 0.983719
vt 0.019877 0.983928
vt 0.019892 0.983924
vt 0.019907 0.983920
vt 0.031407 0.984278
vt 0.031209 0.984369
vt 0.031209 0.984377
vt 0.031407 0.984285
vt 0.031011 0.984460
vt 0.031011 0.984468
vt 0.031011 0.984476
vt 0.031209 0.984384
vt 0.031407 0.984293
vt 0.024562 0.979669
vt 0.024501 0.979676
vt 0.024177 0.979907
vt 0.024045 0.980019
vt 0.024440 0.979684
vt 0.023984 0.980026
vt 0.023528 0.980368
vt 0.023558 0.980391
vt 0.023893 0.980150
vt 0.023588 0.980414
vt 0.024075 0.980041
vt 0.030373 0.984453
vt 0.030388 0.984464
vt 0.030357 0.984379
vt 0.030342 0.984369
vt 0.030403 0.984476
vt 0.030373 0.984388
vt 0.030342 0.984301
vt 0.030327 0.984293
vt 0.030312 0.984285
vt 0.022645 0.982453
vt 0.023543 0.981741
vt 0.023528 0.981721
vt 0.022630 0.982430
vt 0.024425 0.981011
vt 0.024410 0.980992
vt 0.023512 0.981700
vt 0.022615 0.982407
vt 0.031422 0.984156
vt 0.031422 0.984141
vt 0.031437 0.984103
vt 0.031437 0.984088
vt 0.031437 0.984073
vt 0.031422 0.984126
vt 0.031407 0.983974
vt 0.031422 0.984023
vt 0.031422 0.983998
vt 0.031407 0.983951
vt 0.031437 0.984046
vt 0.031422 0.983974
vt 0.031407 0.983928
vt 0.028730 0.978855
vt 0.028730 0.978870
vt 0.028988 0.978920
vt 0.028988 0.978908
vt 0.028730 0.978886
vt 0.028988 0.978931
vt 0.020257 0.984445
vt 0.020265 0.984441
vt 0.020242 0.984449
vt 0.020288 0.984434
vt 0.020303 0.984430
vt 0.020272 0.984438
vt 0.020242 0.984445
vt 0.031437 0.984160
vt 0.031453 0.984107
vt 0.031422 0.984213
vt 0.031437 0.984217
vt 0.031453 0.984164
vt 0.031468 0.984111
vt 0.020120 0.984346
vt 0.020181 0.984297
vt 0.020113 0.984059
vt 0.020044 0.984111
vt 0.020242 0.984247
vt 0.020181 0.984008
vt 0.020120 0.983768
vt 0.020044 0.983822
vt 0.019968 0.983875
vt 0.026631 0.978703
vt 0.026722 0.978627
vt 0.026539 0.978463
vt 0.026479 0.978513
vt 0.026813 0.978551
vt 0.026600 0.978414
vt 0.026387 0.978277
vt 0.026357 0.978300
vt 0.026326 0.978323
vt 0.025140 0.979851
vt 0.025399 0.979935
vt 0.025726 0.979387
vt 0.025459 0.979308
vt 0.025657 0.980019
vt 0.025992 0.979467
vt 0.026326 0.978916
vt 0.026053 0.978840
vt 0.025779 0.978764
vt 0.028137 0.978741
vt 0.028159 0.978733
vt 0.028152 0.978749
vt 0.028167 0.978741
vt 0.028182 0.978733
vt 0.028182 0.978726
vt 0.028182 0.978992
vt 0.028426 0.979635
vt 0.028448 0.979617
vt 0.028197 0.978969
vt 0.028669 0.980277
vt 0.028699 0.980266
vt 0.020120 0.984422
vt 0.020181 0.984434
vt 0.020181 0.984430
vt 0.020120 0.984419
vt 0.020242 0.984441
vt 0.020242 0.984438
vt 0.020181 0.984426
vt 0.020120 0.984415
vt 0.029338 0.979041
vt 0.029338 0.979030
vt 0.029338 0.979053
vt 0.029399 0.979098
vt 0.029399 0.979091
vt 0.029399 0.979083
vt 0.019846 0.983358
vt 0.019907 0.983308
vt 0.019907 0.983280
vt 0.019846 0.983327
vt 0.019968 0.983259
vt 0.019968 0.983232
vt 0.019968 0.983205
vt 0.019907 0.983251
vt 0.019846 0.983297
vt 0.020105 0.984362
vt 0.020120 0.984381
vt 0.020135 0.984365
vt 0.020090 0.984377
vt 0.020105 0.984396
vt 0.020135 0.984400
vt 0.026418 0.978247
vt 0.026418 0.978254
vt 0.026661 0.978349
vt 0.026661 0.978346
vt 0.026418 0.978262
vt 0.026661 0.978353
vt 0.026904 0.978444
vt 0.028152 0.978809
vt 0.028137 0.978825
vt 0.028167 0.978897
vt 0.028182 0.978878
vt 0.028121 0.978840
vt 0.028152 0.978916
vt 0.019740 0.983278
vt 0.019755 0.983249
vt 0.019740 0.983255
vt 0.019770 0.983244
vt 0.019786 0.983213
vt 0.019770 0.983221
vt 0.019755 0.983228
vt 0.030388 0.984464
vt 0.030403 0.984504
vt 0.030418 0.984517
vt 0.030388 0.984491
vt 0.030403 0.984529
vt 0.030418 0.984544
vt 0.030433 0.984559
vt 0.029460 0.979159
vt 0.029376 0.979095
vt 0.029460 0.979144
vt 0.029369 0.979076
vt 0.029293 0.979030
vt 0.022037 0.982859
vt 0.022052 0.982882
vt 0.021474 0.983335
vt 0.021489 0.983358
vt 0.022067 0.982905
vt 0.030798 0.982742
vt 0.030586 0.982221
vt 0.030563 0.982232
vt 0.030783 0.982757
vt 0.030373 0.981700
vt 0.030342 0.981707
vt 0.030312 0.981715
vt 0.030540 0.982243
vt 0.030768 0.982772
vt 0.031437 0.984240
vt 0.031453 0.984152
vt 0.031453 0.984149
vt 0.031437 0.984236
vt 0.031468 0.984065
vt 0.031468 0.984061
vt 0.031468 0.984057
vt 0.031453 0.984145
vt 0.031437 0.984232
vt 0.027543 0.978673
vt 0.027528 0.978688
vt 0.027536 0.978657
vt 0.027543 0.978635
vt 0.027513 0.978703
vt 0.027528 0.978680
vt 0.027543 0.978657
vt 0.027543 0.978627
vt 0.027543 0.978597
vt 0.029795 0.980232
vt 0.029582 0.979718
vt 0.029551 0.979709
vt 0.029764 0.980228
vt 0.029338 0.979190
vt 0.029521 0.979699
vt 0.029734 0.980224
vt 0.029369 0.979205
vt 0.029429 0.979243
vt 0.029429 0.979205
vt 0.029399 0.979167
vt 0.029490 0.979281
vt 0.029460 0.979205
vt 0.029429 0.979129
vt 0.029369 0.979091
vt 0.029369 0.979129
vt 0.029308 0.979053
vt 0.029338 0.979129
vt 0.030555 0.984635
vt 0.030540 0.984620
vt 0.030471 0.984580
vt 0.030479 0.984594
vt 0.030525 0.984605
vt 0.030464 0.984567
vt 0.030403 0.984540
vt 0.030403 0.984552
vt 0.020850 0.982422
vt 0.020866 0.982464
vt 0.021421 0.982040
vt 0.021398 0.982000
vt 0.020881 0.982506
vt 0.021444 0.982080
vt 0.022006 0.981654
vt 0.021976 0.981616
vt 0.021946 0.981578
vt 0.029247 0.979022
vt 0.029004 0.978977
vt 0.029026 0.979053
vt 0.029277 0.979098
vt 0.028760 0.978931
vt 0.028775 0.979007
vt 0.020318 0.984386
vt 0.020348 0.984358
vt 0.020288 0.984415
vt 0.020303 0.984415
vt 0.020333 0.984388
vt 0.020364 0.984362
vt 0.029795 0.980232
vt 0.029825 0.980235
vt 0.029713 0.979917
vt 0.029642 0.979756
vt 0.029855 0.980239
vt 0.029673 0.979760
vt 0.029551 0.979572
vt 0.029582 0.979718
vt 0.031453 0.984076
vt 0.031460 0.984080
vt 0.031468 0.984053
vt 0.031468 0.984084
vt 0.027574 0.978619
vt 0.027589 0.978615
vt 0.027589 0.978597
vt 0.027574 0.978642
vt 0.027589 0.978635
vt 0.027604 0.978612
vt 0.027604 0.978597
vt 0.020021 0.984128
vt 0.019999 0.984145
vt 0.019938 0.983894
vt 0.019907 0.983913
vt 0.023566 0.981768
vt 0.023588 0.981795
vt 0.022661 0.982479
vt 0.022676 0.982506
vt 0.026372 0.979593
vt 0.026349 0.979576
vt 0.026965 0.979129
vt 0.026950 0.979106
vt 0.026935 0.979083
vt 0.026326 0.979559
vt 0.026235 0.978292
vt 0.026205 0.978300
vt 0.026189 0.978307
vt 0.026220 0.978300
vt 0.026174 0.978307
vt 0.026159 0.978315
vt 0.026144 0.978323
vt 0.026174 0.978315
vt 0.026205 0.978307
vt 0.028060 0.978825
vt 0.028076 0.978809
vt 0.028081 0.978799
vt 0.028076 0.978802
vt 0.028091 0.978794
vt 0.028091 0.978787
vt 0.028091 0.978779
vt 0.028076 0.978794
vt 0.028071 0.978804
vt 0.028060 0.978809
vt 0.028060 0.978817
vt 0.027528 0.978642
vt 0.027505 0.978657
vt 0.027513 0.978688
vt 0.027513 0.978612
vt 0.027498 0.978627
vt 0.027482 0.978642
vt 0.027482 0.978673
vt 0.027482 0.978703
vt 0.029232 0.978954
vt 0.029255 0.978965
vt 0.029247 0.978962
vt 0.029277 0.978977
vt 0.020196 0.984413
vt 0.020257 0.984426
vt 0.029429 0.979121
vt 0.029419 0.979103
vt 0.029414 0.979098
vt 0.029429 0.979114
vt 0.029414 0.979091
vt 0.029399 0.979068
vt 0.029460 0.979144
vt 0.029445 0.979136
vt 0.029429 0.979119
vt 0.029414 0.979106
vt 0.029399 0.979083
vt 0.029399 0.979091
vt 0.029419 0.979109
vt 0.029399 0.979098
vt 0.029642 0.979751
vt 0.029840 0.980236
vt 0.028715 0.977745
vt 0.028715 0.977768
vt 0.029855 0.976893
vt 0.029855 0.976870
vt 0.029277 0.978946
vt 0.029277 0.978962
vt 0.029338 0.979011
vt 0.029338 0.979000
vt 0.029338 0.979022
vt 0.029399 0.979068
vt 0.029399 0.979060
vt 0.029399 0.979053
vt 0.019679 0.983491
vt 0.019679 0.983460
vt 0.019664 0.983464
vt 0.019694 0.983487
vt 0.019694 0.983456
vt 0.019694 0.983426
vt 0.019679 0.983430
vt 0.022037 0.981700
vt 0.022843 0.981076
vt 0.022820 0.981055
vt 0.022022 0.981677
vt 0.023649 0.980452
vt 0.023619 0.980433
vt 0.023588 0.980414
vt 0.022797 0.981034
vt 0.031468 0.984118
vt 0.031453 0.984175
vt 0.031453 0.984179
vt 0.031468 0.984122
vt 0.031453 0.984183
vt 0.031468 0.984126
vt 0.031468 0.984088
vt 0.031468 0.984091
vt 0.031468 0.984095
vt 0.019725 0.983456
vt 0.019710 0.983472
vt 0.019824 0.983683
vt 0.019846 0.983666
vt 0.019801 0.983700
vt 0.029825 0.983091
vt 0.029855 0.983091
vt 0.029612 0.982529
vt 0.029582 0.982532
vt 0.029886 0.983091
vt 0.029642 0.982525
vt 0.029399 0.981958
vt 0.029369 0.981966
vt 0.029338 0.981973
vt 0.031255 0.983943
vt 0.031011 0.983358
vt 0.030806 0.983439
vt 0.031057 0.984034
vt 0.030555 0.982844
vt 0.030601 0.983521
vt 0.030859 0.984126
vt 0.027528 0.977364
vt 0.028669 0.976482
vt 0.026387 0.978247
vt 0.027558 0.977364
vt 0.028699 0.976482
vt 0.022843 0.981076
vt 0.023010 0.981234
vt 0.023847 0.980589
vt 0.022174 0.981878
vt 0.022311 0.982057
vt 0.023178 0.981392
vt 0.024045 0.980726
vt 0.030814 0.984559
vt 0.030814 0.984567
vt 0.030616 0.984658
vt 0.030616 0.984666
vt 0.030616 0.984673
vt 0.030814 0.984574
vt 0.020059 0.984392
vt 0.020075 0.984388
vt 0.019983 0.984156
vt 0.019968 0.984160
vt 0.020090 0.984384
vt 0.019999 0.984152
vt 0.019892 0.983924
vt 0.028943 0.981023
vt 0.028958 0.981019
vt 0.028806 0.980648
vt 0.028791 0.980650
vt 0.028973 0.981015
vt 0.028821 0.980646
vt 0.028654 0.980277
vt 0.028638 0.980277
vt 0.026174 0.978292
vt 0.026205 0.978285
vt 0.026235 0.978269
vt 0.026205 0.978277
vt 0.026266 0.978262
vt 0.026296 0.978247
vt 0.026266 0.978254
vt 0.026235 0.978262
vt 0.026266 0.978292
vt 0.026281 0.978285
vt 0.026326 0.978277
vt 0.026342 0.978269
vt 0.026357 0.978262
vt 0.026296 0.978277
vt 0.031316 0.983753
vt 0.031087 0.983209
vt 0.031065 0.983266
vt 0.031300 0.983829
vt 0.030859 0.982665
vt 0.030829 0.982704
vt 0.031042 0.983323
vt 0.031285 0.983905
vt 0.026235 0.978277
vt 0.026235 0.978285
vt 0.026276 0.978277
vt 0.026296 0.978269
vt 0.026235 0.978292
vt 0.026296 0.978277
vt 0.026357 0.978262
vt 0.029962 0.980559
vt 0.030007 0.980559
vt 0.029916 0.980559
vt 0.030038 0.980886
vt 0.030084 0.980882
vt 0.030129 0.980878
vt 0.027553 0.978662
vt 0.027528 0.978680
vt 0.027533 0.978683
vt 0.019846 0.983297
vt 0.019862 0.983232
vt 0.019836 0.983233
vt 0.019816 0.983266
vt 0.019877 0.983167
vt 0.019831 0.983202
vt 0.019786 0.983236
vt 0.019755 0.983316
vt 0.019786 0.983309
vt 0.019725 0.983396
vt 0.019786 0.983346
vt 0.019877 0.983167
vt 0.019892 0.983145
vt 0.019846 0.983179
vt 0.019831 0.983202
vt 0.019907 0.983122
vt 0.019862 0.983156
vt 0.019816 0.983190
vt 0.019801 0.983213
vt 0.019786 0.983236
vt 0.019999 0.983065
vt 0.019968 0.983084
vt 0.019953 0.983103
vt 0.019999 0.983046
vt 0.019953 0.983084
vt 0.019907 0.983122
vt 0.019892 0.983145
vt 0.019928 0.983124
vt 0.019938 0.983126
vt 0.019907 0.983183
vt 0.019923 0.983190
vt 0.019907 0.983251
vt 0.019938 0.983195
vt 0.026479 0.978809
vt 0.026357 0.978604
vt 0.026235 0.978695
vt 0.026235 0.978399
vt 0.026144 0.978475
vt 0.022737 0.980973
vt 0.022737 0.980966
vt 0.021946 0.981570
vt 0.023528 0.980369
vt 0.023528 0.980361
vt 0.023528 0.980353
vt 0.022737 0.980958
vt 0.021946 0.981563
vt 0.030555 0.984639
vt 0.030586 0.984639
vt 0.030586 0.984635
vt 0.030555 0.984643
vt 0.030586 0.984643
vt 0.030616 0.984643
vt 0.030616 0.984639
vt 0.030616 0.984635
vt 0.029140 0.981496
vt 0.029156 0.981494
vt 0.029125 0.981498
vt 0.029308 0.981973
vt 0.029323 0.981973
vt 0.020333 0.982825
vt 0.020333 0.982814
vt 0.020222 0.982891
vt 0.020166 0.982935
vt 0.020333 0.982802
vt 0.020166 0.982924
vt 0.019770 0.983242
vt 0.019770 0.983240
vt 0.019755 0.983270
vt 0.019755 0.983266
vt 0.027482 0.978733
vt 0.027482 0.978718
vt 0.027406 0.978779
vt 0.027406 0.978794
vt 0.027406 0.978764
vt 0.027330 0.978825
vt 0.027330 0.978840
vt 0.027330 0.978855
vt 0.027399 0.978737
vt 0.027315 0.978802
vt 0.027391 0.978711
vt 0.027300 0.978779
vt 0.026083 0.978353
vt 0.026007 0.978421
vt 0.025992 0.978444
vt 0.026022 0.978421
vt 0.025931 0.978490
vt 0.025946 0.978490
vt 0.026174 0.978330
vt 0.026144 0.978334
vt 0.026113 0.978338
vt 0.029270 0.979015
vt 0.029277 0.979038
vt 0.029262 0.978992
vt 0.029247 0.979000
vt 0.026372 0.979597
vt 0.025779 0.980064
vt 0.025779 0.980072
vt 0.026372 0.979600
vt 0.028129 0.978798
vt 0.028106 0.978817
vt 0.028152 0.978779
vt 0.028121 0.978771
vt 0.028091 0.978794
vt 0.023984 0.980026
vt 0.023969 0.980021
vt 0.024440 0.979684
vt 0.024410 0.979680
vt 0.024379 0.979676
vt 0.023953 0.980015
vt 0.028152 0.979007
vt 0.028182 0.978977
vt 0.028152 0.978908
vt 0.028121 0.978939
vt 0.028121 0.978840
vt 0.028091 0.978870
vt 0.030464 0.984590
vt 0.030449 0.984574
vt 0.030426 0.984557
vt 0.030433 0.984571
vt 0.025033 0.980505
vt 0.025056 0.980519
vt 0.025688 0.980026
vt 0.024425 0.981011
vt 0.025079 0.980532
vt 0.031453 0.984076
vt 0.031445 0.984061
vt 0.028106 0.978756
vt 0.028114 0.978764
vt 0.028091 0.978779
vt 0.028091 0.978787
vt 0.028121 0.978771
vt 0.031407 0.984052
vt 0.031392 0.984130
vt 0.031392 0.984004
vt 0.031376 0.984080
vt 0.029353 0.981966
vt 0.029171 0.981489
vt 0.029216 0.981479
vt 0.029034 0.981000
vt 0.028988 0.981011
vt 0.020090 0.984438
vt 0.020151 0.984445
vt 0.020166 0.984443
vt 0.020105 0.984434
vt 0.020181 0.984441
vt 0.020120 0.984430
vt 0.019740 0.983259
vt 0.019725 0.983285
vt 0.019755 0.983232
vt 0.019755 0.983236
vt 0.019740 0.983263
vt 0.019725 0.983289
vt 0.026402 0.978269
vt 0.026372 0.978269
vt 0.026357 0.978277
vt 0.026387 0.978262
vt 0.024501 0.981099
vt 0.025140 0.980585
vt 0.025140 0.980578
vt 0.024501 0.981091
vt 0.030449 0.984495
vt 0.030411 0.984407
vt 0.030494 0.984514
vt 0.030449 0.984426
vt 0.030403 0.984339
vt 0.030373 0.984320
vt 0.030509 0.984559
vt 0.030540 0.984557
vt 0.030525 0.984510
vt 0.030555 0.984605
vt 0.030586 0.984605
vt 0.030570 0.984555
vt 0.030555 0.984506
vt 0.030738 0.984400
vt 0.030700 0.984314
vt 0.030509 0.984419
vt 0.030890 0.984209
vt 0.030662 0.984228
vt 0.030464 0.984331
vt 0.030798 0.984533
vt 0.030798 0.984536
vt 0.030616 0.984639
vt 0.030798 0.984540
vt 0.020059 0.984400
vt 0.020059 0.984396
vt 0.019968 0.984164
vt 0.019968 0.984168
vt 0.019877 0.983932
vt 0.019877 0.983936
vt 0.031011 0.983358
vt 0.031027 0.983340
vt 0.031270 0.983924
vt 0.027528 0.978566
vt 0.027543 0.978581
vt 0.027513 0.978566
vt 0.027528 0.978581
vt 0.027558 0.978597
vt 0.029277 0.980254
vt 0.029506 0.980239
vt 0.029440 0.979884
vt 0.029293 0.979714
vt 0.029734 0.980224
vt 0.029521 0.979699
vt 0.029308 0.979174
vt 0.028182 0.978726
vt 0.028456 0.978798
vt 0.028456 0.978787
vt 0.028456 0.978809
vt 0.028730 0.978870
vt 0.028243 0.978870
vt 0.028213 0.978874
vt 0.028213 0.978794
vt 0.028182 0.978802
vt 0.029779 0.980924
vt 0.029642 0.980582
vt 0.029414 0.980604
vt 0.030007 0.980893
vt 0.029871 0.980559
vt 0.029506 0.980239
vt 0.029779 0.980924
vt 0.029939 0.981348
vt 0.030160 0.981304
vt 0.030099 0.981772
vt 0.029559 0.977882
vt 0.028441 0.978771
vt 0.030677 0.976992
vt 0.030403 0.976923
vt 0.029293 0.977813
vt 0.030555 0.984658
vt 0.030555 0.984666
vt 0.030586 0.984666
vt 0.030586 0.984658
vt 0.030555 0.984673
vt 0.030586 0.984673
vt 0.030616 0.984666
vt 0.020364 0.984149
vt 0.020577 0.983981
vt 0.020493 0.983757
vt 0.020303 0.983909
vt 0.020409 0.983533
vt 0.020242 0.983669
vt 0.021398 0.983563
vt 0.022052 0.983046
vt 0.022260 0.982866
vt 0.022037 0.983034
vt 0.022706 0.982528
vt 0.022691 0.982517
vt 0.022676 0.982506
vt 0.022067 0.982989
vt 0.021844 0.983180
vt 0.021459 0.983472
vt 0.021428 0.983517
vt 0.027452 0.978627
vt 0.027361 0.978695
vt 0.027376 0.978703
vt 0.027467 0.978635
vt 0.027269 0.978764
vt 0.027285 0.978771
vt 0.020881 0.983966
vt 0.021048 0.983833
vt 0.021124 0.983758
vt 0.021079 0.983787
vt 0.021215 0.983700
vt 0.021246 0.983654
vt 0.021276 0.983608
vt 0.021079 0.983772
vt 0.021013 0.983837
vt 0.020881 0.983936
vt 0.020881 0.983951
vt 0.021489 0.983357
vt 0.021155 0.983612
vt 0.021063 0.983720
vt 0.021185 0.983647
vt 0.020820 0.983867
vt 0.020850 0.983901
vt 0.021215 0.983634
vt 0.021383 0.983483
vt 0.021307 0.983631
vt 0.021357 0.983578
vt 0.021337 0.983586
vt 0.021368 0.983540
vt 0.021317 0.983593
vt 0.021408 0.983479
vt 0.021474 0.983415
vt 0.020090 0.984381
vt 0.019999 0.984149
vt 0.019907 0.983917
vt 0.030084 0.980886
vt 0.029954 0.980561
vt 0.030129 0.980886
vt 0.029992 0.980563
vt 0.029825 0.980236
vt 0.028106 0.978787
vt 0.028114 0.978813
vt 0.028060 0.978825
vt 0.028076 0.978848
vt 0.020303 0.984198
vt 0.020318 0.984223
vt 0.020379 0.984175
vt 0.020257 0.984270
vt 0.029551 0.982532
vt 0.029566 0.982532
vt 0.029795 0.983091
vt 0.029810 0.983091
vt 0.029582 0.982532
vt 0.027513 0.978566
vt 0.027498 0.978574
vt 0.027503 0.978586
vt 0.027513 0.978589
vt 0.027482 0.978581
vt 0.027498 0.978596
vt 0.027523 0.978591
vt 0.027528 0.978581
vt 0.030144 0.983715
vt 0.030175 0.983709
vt 0.029916 0.983084
vt 0.030433 0.984335
vt 0.030205 0.983704
vt 0.020333 0.982802
vt 0.020333 0.982814
vt 0.020592 0.982614
vt 0.020592 0.982605
vt 0.020333 0.982825
vt 0.020592 0.982624
vt 0.020850 0.982414
vt 0.020850 0.982407
vt 0.030555 0.984650
vt 0.030509 0.984624
vt 0.030509 0.984632
vt 0.030509 0.984616
vt 0.030464 0.984597
vt 0.030464 0.984605
vt 0.027482 0.978642
vt 0.027498 0.978627
vt 0.027493 0.978612
vt 0.027482 0.978612
vt 0.027467 0.978604
vt 0.027472 0.978617
vt 0.027452 0.978627
vt 0.027467 0.978634
vt 0.027072 0.978916
vt 0.027095 0.978923
vt 0.026874 0.979068
vt 0.026904 0.979076
vt 0.027117 0.978931
vt 0.026266 0.979543
vt 0.026296 0.979551
vt 0.026326 0.979559
vt 0.029437 0.979136
vt 0.029445 0.979152
vt 0.029429 0.979121
vt 0.029414 0.979114
vt 0.029429 0.979129
vt 0.020333 0.982977
vt 0.020622 0.982768
vt 0.020615 0.982743
vt 0.020333 0.982955
vt 0.020911 0.982559
vt 0.020896 0.982532
vt 0.020607 0.982719
vt 0.020333 0.982932
vt 0.030760 0.984449
vt 0.030570 0.984555
vt 0.030783 0.984498
vt 0.020082 0.984415
vt 0.020090 0.984411
vt 0.020075 0.984419
vt 0.025596 0.978779
vt 0.025779 0.978634
vt 0.025764 0.978634
vt 0.025581 0.978779
vt 0.025946 0.978490
vt 0.025931 0.978490
vt 0.025748 0.978634
vt 0.025566 0.978779
vt 0.021124 0.983563
vt 0.021139 0.983588
vt 0.020805 0.983841
vt 0.020820 0.983867
vt 0.021155 0.983612
vt 0.027482 0.978581
vt 0.027498 0.978574
vt 0.027193 0.978517
vt 0.027178 0.978528
vt 0.027209 0.978505
vt 0.026889 0.978460
vt 0.026874 0.978475
vt 0.026418 0.978262
vt 0.026418 0.978254
vt 0.026397 0.978252
vt 0.026387 0.978254
vt 0.026418 0.978247
vt 0.026387 0.978247
vt 0.026357 0.978247
vt 0.019786 0.983407
vt 0.019786 0.983377
vt 0.019725 0.983426
vt 0.019786 0.983346
vt 0.019725 0.983396
vt 0.029475 0.979228
vt 0.029460 0.979205
vt 0.028060 0.978809
vt 0.028076 0.978794
vt 0.028076 0.978794
vt 0.028060 0.978810
vt 0.028091 0.978779
vt 0.026296 0.978300
vt 0.026326 0.978300
vt 0.026266 0.978323
vt 0.026296 0.978323
vt 0.026144 0.978475
vt 0.026235 0.978399
vt 0.026245 0.978373
vt 0.026205 0.978399
vt 0.026326 0.978323
vt 0.026296 0.978323
vt 0.026266 0.978323
vt 0.025779 0.978764
vt 0.025961 0.978619
vt 0.026002 0.978566
vt 0.025931 0.978612
vt 0.026113 0.978467
vt 0.025860 0.978662
vt 0.025748 0.978764
vt 0.025140 0.979216
vt 0.024968 0.979370
vt 0.025170 0.979220
vt 0.024592 0.979673
vt 0.024623 0.979676
vt 0.025201 0.979220
vt 0.025373 0.979068
vt 0.030806 0.984550
vt 0.030616 0.984650
vt 0.030996 0.984449
vt 0.031369 0.984149
vt 0.031346 0.984099
vt 0.030403 0.984559
vt 0.030418 0.984559
vt 0.030487 0.984605
vt 0.030479 0.984601
vt 0.030494 0.984609
vt 0.019633 0.983517
vt 0.019649 0.983514
vt 0.019649 0.983479
vt 0.019633 0.983483
vt 0.019664 0.983476
vt 0.019649 0.983445
vt 0.019633 0.983449
vt 0.023649 0.980452
vt 0.024136 0.980064
vt 0.024278 0.979932
vt 0.024106 0.980060
vt 0.023933 0.980178
vt 0.023619 0.980433
vt 0.021474 0.982129
vt 0.021459 0.982105
vt 0.020896 0.982532
vt 0.022022 0.981677
vt 0.031285 0.984031
vt 0.031308 0.984012
vt 0.031331 0.983993
vt 0.031194 0.984360
vt 0.031392 0.984270
vt 0.028197 0.978764
vt 0.028175 0.978771
vt 0.028167 0.978741
vt 0.023558 0.980391
vt 0.022767 0.981004
vt 0.022797 0.981034
vt 0.022737 0.980973
vt 0.021976 0.981616
vt 0.031415 0.984247
vt 0.031407 0.984240
vt 0.031422 0.984255
vt 0.031437 0.984225
vt 0.029217 0.978946
vt 0.029232 0.978954
vt 0.029247 0.978961
vt 0.029247 0.978961
vt 0.029262 0.978969
vt 0.029277 0.978977
vt 0.028943 0.980620
vt 0.028912 0.980623
vt 0.029064 0.980996
vt 0.028882 0.980627
vt 0.029277 0.981468
vt 0.029247 0.981473
vt 0.029429 0.981951
vt 0.019664 0.983470
vt 0.019664 0.983475
vt 0.023345 0.981546
vt 0.022463 0.982232
vt 0.024227 0.980859
vt 0.023178 0.981392
vt 0.030129 0.980882
vt 0.030000 0.980561
vt 0.030570 0.984620
vt 0.030601 0.984620
vt 0.029247 0.977828
vt 0.029217 0.977878
vt 0.028091 0.978764
vt 0.030373 0.976938
vt 0.030342 0.976992
vt 0.030312 0.977045
vt 0.029186 0.977927
vt 0.029308 0.979114
vt 0.029277 0.979098
vt 0.028684 0.980266
vt 0.028836 0.980639
vt 0.019717 0.983350
vt 0.019725 0.983346
vt 0.031453 0.984137
vt 0.031453 0.984141
vt 0.031468 0.984057
vt 0.019999 0.983046
vt 0.019999 0.983065
vt 0.020166 0.982972
vt 0.020166 0.982935
vt 0.019999 0.983084
vt 0.020166 0.983008
vt 0.020333 0.982878
vt 0.030205 0.981293
vt 0.030182 0.981298
vt 0.030023 0.980890
vt 0.030160 0.981304
vt 0.026342 0.978262
vt 0.026296 0.978270
vt 0.026387 0.978254
vt 0.027216 0.978505
vt 0.027224 0.978505
vt 0.019786 0.983407
vt 0.019915 0.983614
vt 0.019983 0.983563
vt 0.019907 0.983308
vt 0.020044 0.983513
vt 0.020105 0.983464
vt 0.020181 0.983719
vt 0.030479 0.984422
vt 0.030509 0.984419
vt 0.019710 0.983411
vt 0.019740 0.983331
vt 0.019755 0.983316
vt 0.019770 0.983251
vt 0.026813 0.978551
vt 0.026844 0.978513
vt 0.026691 0.978434
vt 0.026600 0.978414
vt 0.026874 0.978475
vt 0.026631 0.978376
vt 0.026387 0.978277
vt 0.030243 0.981285
vt 0.030281 0.981277
vt 0.030205 0.981293
vt 0.030403 0.981684
vt 0.030433 0.981669
vt 0.026083 0.978718
vt 0.026235 0.978695
vt 0.026053 0.978840
vt 0.026326 0.978916
vt 0.025180 0.979430
vt 0.025459 0.979308
vt 0.024881 0.979764
vt 0.025140 0.979851
vt 0.029597 0.982529
vt 0.029840 0.983091
vt 0.020622 0.982768
vt 0.020752 0.982968
vt 0.021048 0.982749
vt 0.020455 0.983186
vt 0.029004 0.981008
vt 0.029186 0.981487
vt 0.024554 0.980311
vt 0.024334 0.980201
vt 0.024775 0.980422
vt 0.024881 0.979764
vt 0.024623 0.979676
vt 0.024106 0.980285
vt 0.024334 0.980201
vt 0.023847 0.980589
vt 0.024045 0.980726
vt 0.029323 0.980973
vt 0.029178 0.980612
vt 0.020409 0.984331
vt 0.020394 0.984324
vt 0.020440 0.984289
vt 0.027269 0.978561
vt 0.027163 0.978551
vt 0.027178 0.978528
vt 0.030403 0.984555
vt 0.030479 0.984597
vt 0.027269 0.978764
vt 0.027361 0.978695
vt 0.027178 0.978647
vt 0.027041 0.978657
vt 0.027133 0.978589
vt 0.021946 0.981570
vt 0.021398 0.981992
vt 0.021398 0.981985
vt 0.020850 0.982414
vt 0.021611 0.982314
vt 0.022174 0.981878
vt 0.021748 0.982498
vt 0.027802 0.977463
vt 0.028943 0.976581
vt 0.028045 0.977562
vt 0.029186 0.976680
vt 0.031422 0.984261
vt 0.031422 0.984266
vt 0.030791 0.984516
vt 0.030601 0.984620
vt 0.024410 0.980992
vt 0.025033 0.980505
vt 0.025069 0.980287
vt 0.024775 0.980422
vt 0.025657 0.980019
vt 0.025399 0.979935
vt 0.029353 0.979072
vt 0.029369 0.979091
vt 0.020272 0.984434
vt 0.020272 0.984436
vt 0.031087 0.984120
vt 0.031453 0.984169
vt 0.031468 0.984114
vt 0.030373 0.978072
vt 0.031498 0.977182
vt 0.030403 0.978087
vt 0.031529 0.977197
vt 0.026205 0.978292
vt 0.026174 0.978300
vt 0.026235 0.978285
vt 0.029429 0.979114
vt 0.030555 0.978231
vt 0.030479 0.978159
vt 0.029353 0.979045
vt 0.031681 0.977349
vt 0.031605 0.977273
vt 0.030403 0.978087
vt 0.028486 0.978863
vt 0.028471 0.978836
vt 0.028745 0.978908
vt 0.028509 0.978939
vt 0.028243 0.978870
vt 0.028532 0.979015
vt 0.026205 0.978307
vt 0.026174 0.978330
vt 0.026205 0.978328
vt 0.026235 0.978315
vt 0.026144 0.978353
vt 0.026205 0.978338
vt 0.026296 0.978300
vt 0.026266 0.978302
vt 0.026326 0.978277
vt 0.026266 0.978292
vt 0.020280 0.984424
vt 0.020303 0.984422
vt 0.026174 0.978391
vt 0.026164 0.978378
vt 0.026113 0.978406
vt 0.029429 0.979106
vt 0.029414 0.979083
vt 0.029414 0.979091
vt 0.029429 0.979098
vt 0.029414 0.979076
vt 0.025018 0.979231
vt 0.024866 0.979377
vt 0.025079 0.979224
vt 0.025292 0.979070
vt 0.029232 0.978954
vt 0.028973 0.978901
vt 0.028715 0.978848
vt 0.030418 0.981677
vt 0.030251 0.981279
vt 0.030464 0.981654
vt 0.030297 0.981266
vt 0.020181 0.984438
vt 0.020120 0.984426
vt 0.030289 0.981272
vt 0.030449 0.981662
vt 0.019679 0.983369
vt 0.019687 0.983365
vt 0.019694 0.983361
vt 0.030433 0.984567
vt 0.030494 0.984620
vt 0.030494 0.984614
vt 0.030433 0.984563
vt 0.028996 0.978954
vt 0.027498 0.978718
vt 0.027505 0.978703
vt 0.027482 0.978718
vt 0.028137 0.978927
vt 0.028106 0.978855
vt 0.028167 0.979000
vt 0.030357 0.984312
vt 0.030395 0.984398
vt 0.030433 0.984483
vt 0.026402 0.978270
vt 0.026646 0.978364
vt 0.026631 0.978376
vt 0.027574 0.978551
vt 0.027558 0.978559
vt 0.027574 0.978577
vt 0.027589 0.978574
vt 0.030586 0.984650
vt 0.030616 0.984650
vt 0.029270 0.977821
vt 0.030388 0.976931
vt 0.026897 0.978771
vt 0.026752 0.978886
vt 0.027041 0.978657
vt 0.029353 0.979049
vt 0.029353 0.979053
vt 0.028091 0.978768
vt 0.028091 0.978771
vt 0.028152 0.978749
vt 0.028137 0.978741
vt 0.028111 0.978764
vt 0.028106 0.978779
vt 0.028121 0.978733
vt 0.028091 0.978771
vt 0.028091 0.978794
vt 0.028106 0.978787
vt 0.031065 0.983283
vt 0.030829 0.982715
vt 0.031300 0.983852
vt 0.031316 0.983799
vt 0.031087 0.983244
vt 0.030859 0.982688
vt 0.019786 0.983226
vt 0.019801 0.983202
vt 0.028091 0.978832
vt 0.028076 0.978809
vt 0.028060 0.978794
vt 0.028060 0.978802
vt 0.028076 0.978787
vt 0.028076 0.978779
vt 0.028091 0.978771
vt 0.028091 0.978764
vt 0.030403 0.983612
vt 0.030205 0.983704
vt 0.031468 0.984086
vt 0.022037 0.982859
vt 0.021892 0.982679
vt 0.022463 0.982232
vt 0.020105 0.984400
vt 0.020105 0.984403
vt 0.027558 0.978665
vt 0.027543 0.978688
vt 0.027558 0.978680
vt 0.027564 0.978667
vt 0.027574 0.978672
vt 0.027574 0.978657
vt 0.027513 0.978703
vt 0.027528 0.978695
vt 0.023596 0.981804
vt 0.022691 0.982517
vt 0.022706 0.982529
vt 0.023604 0.981814
vt 0.020630 0.984071
vt 0.020850 0.983901
vt 0.020607 0.984034
vt 0.027148 0.978977
vt 0.027133 0.978954
vt 0.027315 0.978802
vt 0.027117 0.978931
vt 0.029673 0.982517
vt 0.029414 0.979106
vt 0.029376 0.979064
vt 0.029338 0.979030
vt 0.029414 0.979098
vt 0.027148 0.978992
vt 0.027148 0.978984
vt 0.031399 0.984236
vt 0.030494 0.984597
vt 0.030509 0.984613
vt 0.030479 0.984582
vt 0.021459 0.983472
vt 0.022067 0.982989
vt 0.022067 0.982947
vt 0.021474 0.983415
vt 0.022067 0.982905
vt 0.019793 0.983704
vt 0.019801 0.983700
vt 0.020592 0.984008
vt 0.020196 0.984318
vt 0.030449 0.984582
vt 0.030449 0.984584
vt 0.030464 0.984605
vt 0.030449 0.984586
vt 0.029004 0.981007
vt 0.028851 0.980637
vt 0.030441 0.984578
vt 0.030433 0.984574
vt 0.020599 0.982671
vt 0.020866 0.982464
vt 0.030327 0.982308
vt 0.027269 0.978490
vt 0.027247 0.978498
vt 0.028715 0.978848
vt 0.028448 0.978779
vt 0.028182 0.978711
vt 0.025018 0.979232
vt 0.024995 0.979230
vt 0.024973 0.979228
vt 0.030464 0.984538
vt 0.030654 0.982169
vt 0.030662 0.982160
vt 0.030646 0.982179
vt 0.030859 0.982677
vt 0.029893 0.980559
vt 0.030433 0.984573
vt 0.030464 0.984590
vt 0.029293 0.978996
vt 0.020097 0.984407
vt 0.020120 0.984426
vt 0.031361 0.983886
vt 0.031346 0.983939
vt 0.031392 0.984027
vt 0.030449 0.984525
vt 0.020151 0.983069
vt 0.020151 0.983093
vt 0.020151 0.983118
vt 0.026164 0.978419
vt 0.019710 0.983441
vt 0.019694 0.983457
vt 0.019710 0.983472
vt 0.019763 0.983723
vt 0.019755 0.983727
vt 0.019877 0.983932
vt 0.030068 0.983692
vt 0.030053 0.983688
vt 0.030084 0.983696
vt 0.031407 0.984076
vt 0.030099 0.983702
vt 0.028395 0.979642
vt 0.028433 0.979621
vt 0.031361 0.983841
vt 0.031361 0.983863
vt 0.031316 0.983776
vt 0.030114 0.983706
vt 0.030144 0.983715
vt 0.028707 0.977783
vt 0.029840 0.976908
vt 0.027574 0.978657
vt 0.027574 0.978673
vt 0.028699 0.977798
vt 0.029825 0.976923
vt 0.028410 0.979638
vt 0.030616 0.982200
vt 0.030586 0.982221
vt 0.029361 0.979064
vt 0.029353 0.979053
vt 0.029369 0.979076
vt 0.029445 0.979137
vt 0.031087 0.983226
vt 0.028106 0.978749
vt 0.028106 0.978737
vt 0.028121 0.978703
vt 0.028121 0.978688
vt 0.028106 0.978726
vt 0.020280 0.983325
vt 0.030509 0.984635
vt 0.030509 0.984639
vt 0.031445 0.984133
vt 0.031437 0.984130
vt 0.030509 0.984614
vt 0.020242 0.983958
vt 0.031346 0.983917
vt 0.028106 0.978756
vt 0.028106 0.978752
vt 0.028121 0.978726
vt 0.027046 0.978551
vt 0.026631 0.978703
vt 0.026478 0.978809
vt 0.026610 0.978896
vt 0.026752 0.978885
vt 0.026600 0.978992
vt 0.026874 0.979068
vt 0.026266 0.979543
vt 0.026286 0.979334
vt 0.025992 0.979467
vt 0.030624 0.982190
vt 0.028365 0.977623
vt 0.029506 0.976741
vt 0.026935 0.978437
vt 0.026965 0.978429
vt 0.097999 0.858569
vt 0.097433 0.856686
vt 0.097631 0.856564
vt 0.098186 0.858409
vt 0.096867 0.854802
vt 0.097077 0.854719
vt 0.097287 0.854636
vt 0.097829 0.856442
vt 0.098372 0.858248
vt 0.097145 0.840375
vt 0.098069 0.839135
vt 0.098244 0.839360
vt 0.097341 0.840580
vt 0.098993 0.837894
vt 0.099148 0.838141
vt 0.099303 0.838387
vt 0.098420 0.839586
vt 0.097537 0.840784
vt 0.118750 0.846263
vt 0.119132 0.848034
vt 0.118951 0.848075
vt 0.118575 0.846330
vt 0.119514 0.849805
vt 0.119327 0.849820
vt 0.119141 0.849834
vt 0.118770 0.848116
vt 0.118400 0.846397
vt 0.096229 0.850926
vt 0.096096 0.849032
vt 0.096320 0.849067
vt 0.096451 0.850923
vt 0.095962 0.847138
vt 0.096188 0.847212
vt 0.096414 0.847285
vt 0.096544 0.849102
vt 0.096673 0.850919
vt 0.101666 0.836352
vt 0.103300 0.836132
vt 0.103369 0.836396
vt 0.101766 0.836618
vt 0.104935 0.835913
vt 0.104973 0.836174
vt 0.105011 0.836435
vt 0.103438 0.836659
vt 0.101866 0.836883
vt 0.116537 0.860672
vt 0.115261 0.862083
vt 0.115124 0.861892
vt 0.116381 0.860508
vt 0.113985 0.863495
vt 0.113866 0.863275
vt 0.113747 0.863055
vt 0.114986 0.861700
vt 0.116226 0.860345
vt 0.096181 0.843551
vt 0.096663 0.841963
vt 0.096870 0.842138
vt 0.096399 0.843696
vt 0.097077 0.842312
vt 0.096618 0.843840
vt 0.108427 0.836563
vt 0.110106 0.837328
vt 0.110058 0.837548
vt 0.108404 0.836801
vt 0.111786 0.838093
vt 0.111711 0.838296
vt 0.111635 0.838499
vt 0.110009 0.837769
vt 0.108382 0.837039
vt 0.110971 0.865385
vt 0.109407 0.865761
vt 0.109365 0.865482
vt 0.110901 0.865120
vt 0.107844 0.866136
vt 0.107830 0.865845
vt 0.107815 0.865553
vt 0.109323 0.865204
vt 0.110831 0.864854
vt 0.100329 0.837123
vt 0.100457 0.837379
vt 0.100584 0.837635
vt 0.114763 0.840298
vt 0.115951 0.841678
vt 0.115816 0.841817
vt 0.114644 0.840460
vt 0.117140 0.843057
vt 0.116987 0.843174
vt 0.116835 0.843290
vt 0.115680 0.841956
vt 0.114525 0.840622
vt 0.118381 0.857252
vt 0.117459 0.858962
vt 0.117292 0.858829
vt 0.118203 0.857149
vt 0.117125 0.858696
vt 0.118025 0.857046
vt 0.104858 0.865765
vt 0.103490 0.865047
vt 0.103562 0.864763
vt 0.104902 0.865470
vt 0.102122 0.864329
vt 0.102222 0.864056
vt 0.102322 0.863782
vt 0.103634 0.864479
vt 0.104946 0.865175
vt 0.106681 0.836238
vt 0.106689 0.836487
vt 0.106696 0.836737
vt 0.112478 0.864440
vt 0.112383 0.864197
vt 0.112289 0.863955
vt 0.099770 0.861868
vt 0.098884 0.860219
vt 0.099052 0.860025
vt 0.099919 0.861641
vt 0.099220 0.859832
vt 0.100068 0.861415
vt 0.113275 0.839195
vt 0.113177 0.839378
vt 0.113080 0.839561
vt 0.106351 0.865951
vt 0.106366 0.865657
vt 0.106381 0.865364
vt 0.096548 0.852864
vt 0.096764 0.852821
vt 0.096980 0.852778
vt 0.117945 0.844660
vt 0.117781 0.844752
vt 0.117618 0.844844
vt 0.100946 0.863098
vt 0.101070 0.862848
vt 0.101195 0.862599
vt 0.096071 0.845345
vt 0.096294 0.845454
vt 0.096516 0.845563
vt 0.119393 0.853542
vt 0.118887 0.855397
vt 0.118704 0.855324
vt 0.119204 0.853499
vt 0.118520 0.855251
vt 0.119016 0.853456
vt 0.119454 0.851674
vt 0.119266 0.851659
vt 0.119078 0.851645
vt 0.117794 0.854997
vt 0.118260 0.853303
vt 0.117327 0.856690
vt 0.116630 0.856333
vt 0.117067 0.854742
vt 0.117505 0.853151
vt 0.115950 0.854386
vt 0.116348 0.852939
vt 0.115552 0.855833
vt 0.114473 0.855334
vt 0.114832 0.854031
vt 0.115190 0.852728
vt 0.114832 0.854031
vt 0.113622 0.853670
vt 0.113941 0.852514
vt 0.113303 0.854827
vt 0.112133 0.854319
vt 0.112413 0.853310
vt 0.112692 0.852300
vt 0.114469 0.861080
vt 0.115634 0.859803
vt 0.113304 0.862357
vt 0.112862 0.861658
vt 0.113952 0.860459
vt 0.115042 0.859260
vt 0.113129 0.859582
vt 0.114110 0.858499
vt 0.112149 0.860665
vt 0.111435 0.859672
vt 0.112307 0.858704
vt 0.113178 0.857737
vt 0.112307 0.858704
vt 0.111399 0.857805
vt 0.112156 0.856960
vt 0.110641 0.858650
vt 0.109848 0.857628
vt 0.110491 0.856905
vt 0.111134 0.856182
vt 0.109173 0.864374
vt 0.110576 0.864046
vt 0.107771 0.864701
vt 0.107726 0.863849
vt 0.109024 0.863544
vt 0.110321 0.863238
vt 0.108779 0.862334
vt 0.109901 0.862069
vt 0.107658 0.862599
vt 0.107589 0.861350
vt 0.108535 0.861124
vt 0.109480 0.860899
vt 0.108535 0.861124
vt 0.108260 0.859859
vt 0.109006 0.859681
vt 0.107515 0.860037
vt 0.107440 0.858725
vt 0.107986 0.858594
vt 0.108532 0.858463
vt 0.103892 0.863709
vt 0.105111 0.864354
vt 0.102672 0.863064
vt 0.103022 0.862345
vt 0.104149 0.862940
vt 0.105276 0.863534
vt 0.104605 0.861826
vt 0.105573 0.862334
vt 0.103637 0.861318
vt 0.104252 0.860290
vt 0.105061 0.860713
vt 0.105869 0.861135
vt 0.105592 0.859553
vt 0.106218 0.859877
vt 0.104967 0.859229
vt 0.105681 0.858168
vt 0.106123 0.858394
vt 0.106566 0.858620
vt 0.099762 0.859356
vt 0.100563 0.860850
vt 0.098962 0.857863
vt 0.099552 0.857477
vt 0.100305 0.858881
vt 0.101057 0.860285
vt 0.101223 0.858232
vt 0.101905 0.859504
vt 0.100541 0.856959
vt 0.101530 0.856441
vt 0.102141 0.857583
vt 0.102753 0.858724
vt 0.102141 0.857583
vt 0.103190 0.856934
vt 0.103727 0.857937
vt 0.102653 0.855930
vt 0.103776 0.855419
vt 0.104239 0.856285
vt 0.104702 0.857151
vt 0.097639 0.852655
vt 0.097932 0.854429
vt 0.097346 0.850880
vt 0.098020 0.850842
vt 0.098298 0.852532
vt 0.098577 0.854222
vt 0.099376 0.852341
vt 0.099639 0.853935
vt 0.099113 0.850747
vt 0.100207 0.850653
vt 0.100454 0.852151
vt 0.100700 0.853648
vt 0.101662 0.851943
vt 0.101894 0.853357
vt 0.101429 0.850529
vt 0.102650 0.850405
vt 0.102869 0.851736
vt 0.103088 0.853066
vt 0.097196 0.845781
vt 0.097100 0.847412
vt 0.097293 0.844150
vt 0.097967 0.844459
vt 0.097876 0.845999
vt 0.097785 0.847540
vt 0.098975 0.846223
vt 0.098893 0.847639
vt 0.099057 0.844807
vt 0.100147 0.845155
vt 0.100074 0.846447
vt 0.100000 0.847739
vt 0.101297 0.846616
vt 0.101233 0.847784
vt 0.101360 0.845449
vt 0.102573 0.845742
vt 0.102520 0.846786
vt 0.102467 0.847830
vt 0.098974 0.840182
vt 0.098155 0.841290
vt 0.099792 0.839074
vt 0.100281 0.839760
vt 0.099528 0.840778
vt 0.098774 0.841795
vt 0.100413 0.841598
vt 0.099775 0.842458
vt 0.101051 0.840738
vt 0.101822 0.841715
vt 0.101299 0.842417
vt 0.100776 0.843120
vt 0.102278 0.843241
vt 0.101890 0.843761
vt 0.102667 0.842721
vt 0.103512 0.843728
vt 0.103258 0.844065
vt 0.103005 0.844402
vt 0.103622 0.837483
vt 0.102160 0.837689
vt 0.105085 0.837277
vt 0.105159 0.838118
vt 0.103806 0.838306
vt 0.102454 0.838494
vt 0.104040 0.839518
vt 0.102874 0.839678
vt 0.105207 0.839357
vt 0.105255 0.840596
vt 0.104275 0.840729
vt 0.103294 0.840862
vt 0.104496 0.842004
vt 0.103728 0.842107
vt 0.105264 0.841900
vt 0.105273 0.843205
vt 0.104717 0.843278
vt 0.104162 0.843352
vt 0.109780 0.838538
vt 0.108247 0.837848
vt 0.111313 0.839229
vt 0.110991 0.839958
vt 0.109551 0.839307
vt 0.108111 0.838657
vt 0.109146 0.840434
vt 0.107838 0.839841
vt 0.110454 0.841028
vt 0.109917 0.842097
vt 0.108741 0.841561
vt 0.107565 0.841025
vt 0.108268 0.842744
vt 0.107227 0.842268
vt 0.109308 0.843219
vt 0.108699 0.844342
vt 0.107794 0.843926
vt 0.106889 0.843510
vt 0.115125 0.842491
vt 0.114038 0.841235
vt 0.116211 0.843747
vt 0.115587 0.844204
vt 0.114569 0.843026
vt 0.113551 0.841847
vt 0.113705 0.843817
vt 0.112785 0.842751
vt 0.114625 0.844883
vt 0.113663 0.845563
vt 0.112841 0.844609
vt 0.112018 0.843655
vt 0.112841 0.844609
vt 0.111899 0.845446
vt 0.111178 0.844608
vt 0.112621 0.846283
vt 0.111578 0.847003
vt 0.110958 0.846282
vt 0.110338 0.845562
vt 0.118029 0.848280
vt 0.117681 0.846666
vt 0.118377 0.849894
vt 0.117613 0.849954
vt 0.117287 0.848444
vt 0.116962 0.846934
vt 0.116153 0.848692
vt 0.115860 0.847335
vt 0.116446 0.850049
vt 0.115279 0.850143
vt 0.115018 0.848939
vt 0.114758 0.847736
vt 0.115018 0.848939
vt 0.113795 0.849204
vt 0.113569 0.848162
vt 0.114021 0.850246
vt 0.112763 0.850349
vt 0.112571 0.849468
vt 0.112379 0.848587
vt 0.118319 0.851599
vt 0.117559 0.851552
vt 0.116397 0.851494
vt 0.115235 0.851435
vt 0.115235 0.851435
vt 0.113981 0.851380
vt 0.112728 0.851325
vt 0.116481 0.858246
vt 0.115836 0.857796
vt 0.114831 0.857166
vt 0.113826 0.856535
vt 0.113826 0.856535
vt 0.112729 0.855893
vt 0.111633 0.855251
vt 0.111940 0.863201
vt 0.111592 0.862448
vt 0.111025 0.861367
vt 0.110457 0.860286
vt 0.110457 0.860285
vt 0.109824 0.859165
vt 0.109190 0.858046
vt 0.106441 0.864528
vt 0.106501 0.863691
vt 0.106615 0.862467
vt 0.106729 0.861242
vt 0.106729 0.861242
vt 0.106866 0.859957
vt 0.107003 0.858672
vt 0.101617 0.861957
vt 0.102040 0.861315
vt 0.102771 0.860411
vt 0.103503 0.859507
vt 0.104347 0.858583
vt 0.105191 0.857660
vt 0.098447 0.856146
vt 0.099065 0.855850
vt 0.100090 0.855447
vt 0.101115 0.855045
vt 0.102274 0.854644
vt 0.103432 0.854242
vt 0.097223 0.849146
vt 0.097902 0.849191
vt 0.099003 0.849193
vt 0.100104 0.849196
vt 0.101331 0.849157
vt 0.102558 0.849117
vt 0.097724 0.842720
vt 0.098371 0.843127
vt 0.099416 0.843632
vt 0.100461 0.844137
vt 0.101625 0.844605
vt 0.102789 0.845072
vt 0.100976 0.838381
vt 0.101368 0.839127
vt 0.101963 0.840208
vt 0.102558 0.841289
vt 0.102558 0.841289
vt 0.103197 0.842414
vt 0.103837 0.843540
vt 0.106666 0.837562
vt 0.106635 0.838387
vt 0.106523 0.839599
vt 0.106410 0.840811
vt 0.106410 0.840811
vt 0.106246 0.842084
vt 0.106081 0.843358
vt 0.112676 0.840232
vt 0.112271 0.840903
vt 0.111619 0.841889
vt 0.110967 0.842876
vt 0.110968 0.842876
vt 0.110243 0.843914
vt 0.109518 0.844952
vt 0.116946 0.845206
vt 0.116275 0.845569
vt 0.115242 0.846109
vt 0.114210 0.846649
vt 0.113095 0.847222
vt 0.111979 0.847795
vt 0.335234 0.294574
vt 0.323820 0.296316
vt 0.322176 0.370677
vt 0.311693 0.370448
vt 0.340618 0.367771
vt 0.331392 0.369245
vt 0.298649 0.295794
vt 0.277226 0.291670
vt 0.206917 0.292609
vt 0.219197 0.290094
vt 0.331392 0.369245
vt 0.255819 0.363050
vt 0.245477 0.362902
vt 0.377822 0.363218
vt 0.359116 0.365526
vt 0.235698 0.364936
vt 0.283748 0.366778
vt 0.266139 0.363235
vt 0.231452 0.287489
vt 0.346638 0.292874
vt 0.301205 0.370221
vt 0.235698 0.364936
vt 0.225945 0.367059
vt 0.243693 0.287585
vt 0.340618 0.367771
vt 0.369400 0.290235
vt 0.277226 0.291670
vt 0.255956 0.287644
vt 0.311232 0.296056
vt 0.301205 0.370221
vt 0.298649 0.295794
vt 0.311324 0.310934
vt 0.323491 0.311188
vt 0.311416 0.325813
vt 0.323162 0.326060
vt 0.311509 0.340691
vt 0.322834 0.340932
vt 0.311601 0.355570
vt 0.322505 0.355805
vt 0.300694 0.355336
vt 0.300182 0.340451
vt 0.299671 0.325565
vt 0.299160 0.310680
vt 0.222497 0.305062
vt 0.234257 0.302572
vt 0.225797 0.320030
vt 0.237062 0.317654
vt 0.229098 0.334999
vt 0.239867 0.332737
vt 0.232398 0.349967
vt 0.242672 0.347819
vt 0.222139 0.352169
vt 0.218333 0.337279
vt 0.214528 0.322389
vt 0.210722 0.307499
vt 0.246118 0.302678
vt 0.257992 0.302762
vt 0.248543 0.317771
vt 0.260029 0.317880
vt 0.250969 0.332864
vt 0.262066 0.332999
vt 0.253394 0.347957
vt 0.264102 0.348117
vt 0.391954 0.287661
vt 0.367343 0.305294
vt 0.389127 0.302772
vt 0.365286 0.320352
vt 0.386301 0.317884
vt 0.363229 0.335410
vt 0.383474 0.332995
vt 0.361172 0.350468
vt 0.380648 0.348107
vt 0.341822 0.352792
vt 0.343026 0.337812
vt 0.344230 0.322833
vt 0.345434 0.307853
vt 0.334465 0.309508
vt 0.333697 0.324442
vt 0.332929 0.339376
vt 0.332161 0.354311
vt 0.278531 0.306691
vt 0.279835 0.321713
vt 0.281139 0.336734
vt 0.282444 0.351756
s 1
usemtl Lama_Pinata_InGame
f 1/1/1 702/2/1 1995/3/1 703/4/1
f 2/5/2 827/6/3 1995/3/1 702/2/1
f 3/7/4 703/4/1 1995/3/1 827/6/3
f 1/1/5 703/4/5 1996/8/5 704/9/5
f 3/7/6 920/10/7 1996/8/5 703/4/5
f 4/11/8 704/9/5 1996/8/5 920/10/7
f 4/12/8 920/13/7 1997/14/9 1037/15/10
f 3/16/6 921/17/11 1997/14/9 920/13/7
f 5/18/12 1037/15/10 1997/14/9 921/17/11
f 8/19/13 869/20/14 1998/21/15 993/22/16
f 7/23/17 870/24/15 1998/21/15 869/20/14
f 13/25/18 993/22/16 1998/21/15 870/24/15
f 13/25/18 646/26/19 1999/27/20 993/22/16
f 16/28/21 994/29/22 1999/27/20 646/26/19
f 8/19/13 993/22/16 1999/27/20 994/29/22
f 17/30/23 780/31/24 2000/32/25 923/33/26
f 14/34/25 922/35/25 2000/32/25 780/31/24
f 11/36/27 923/33/26 2000/32/25 922/35/25
f 16/28/21 996/37/28 2001/38/29 995/39/30
f 25/40/31 707/41/29 2001/38/29 996/37/28
f 17/30/23 995/39/30 2001/38/29 707/41/29
f 26/42/32 832/43/33 2002/44/34 874/45/34
f 28/46/35 875/47/34 2002/44/34 832/43/33
f 23/48/34 874/45/34 2002/44/34 875/47/34
f 24/49/36 873/50/37 2003/51/37 997/52/38
f 23/48/37 875/47/37 2003/51/37 873/50/37
f 28/46/39 997/52/38 2003/51/37 875/47/37
f 24/49/36 997/52/38 2004/53/40 998/54/40
f 28/46/39 1043/55/41 2004/53/40 997/52/38
f 29/56/42 998/54/40 2004/53/40 1043/55/41
f 29/56/42 1043/55/41 2005/57/43 650/58/43
f 28/46/39 1044/59/43 2005/57/43 1043/55/41
f 30/60/43 650/58/43 2005/57/43 1044/59/43
f 26/42/32 833/61/44 2006/62/44 832/43/33
f 31/63/45 1045/64/46 2006/62/44 833/61/44
f 28/46/35 832/43/33 2006/62/44 1045/64/46
f 22/65/47 784/66/48 2007/67/48 782/68/49
f 33/69/50 928/70/51 2007/67/48 784/66/48
f 27/71/52 782/68/49 2007/67/48 928/70/51
f 33/69/50 709/72/53 2008/73/53 928/70/51
f 34/74/54 929/75/55 2008/73/53 709/72/53
f 27/71/52 928/70/51 2008/73/53 929/75/55
f 34/74/54 834/76/56 2009/77/56 929/75/55
f 35/78/56 930/79/56 2009/77/56 834/76/56
f 27/71/52 929/75/55 2009/77/56 930/79/56
f 167/80/57 908/81/58 2010/82/59 826/83/60
f 908/81/58 2891/84/61 3597/85/62 2010/82/59
f 2010/82/59 3597/85/62 2890/86/63 851/87/64
f 826/83/60 2010/82/59 851/87/64 166/88/65
f 16/28/21 999/89/66 2011/90/67 996/37/28
f 36/91/68 710/92/67 2011/90/67 999/89/66
f 25/40/31 996/37/28 2011/90/67 710/92/67
f 38/93/69 652/94/70 2012/95/71 1047/96/72
f 37/97/73 1046/98/71 2012/95/71 652/94/70
f 36/91/68 1047/96/72 2012/95/71 1046/98/71
f 38/93/69 1047/96/72 2013/99/74 1000/100/75
f 36/91/68 999/89/66 2013/99/74 1047/96/72
f 16/28/21 1000/100/75 2013/99/74 999/89/66
f 39/101/76 1001/102/77 2014/103/78 653/104/79
f 32/105/80 651/106/81 2014/103/78 1001/102/77
f 13/25/18 653/104/79 2014/103/78 651/106/81
f 30/60/82 783/107/83 2015/108/84 785/109/85
f 32/105/80 1001/102/77 2015/108/84 783/107/83
f 39/101/76 785/109/85 2015/108/84 1001/102/77
f 39/101/76 653/104/79 2016/110/86 877/111/87
f 13/25/18 870/24/86 2016/110/86 653/104/79
f 7/23/88 877/111/87 2016/110/86 870/24/86
f 29/112/89 650/113/90 2017/114/90 690/115/91
f 30/60/82 785/109/85 2017/114/90 650/113/90
f 39/101/76 690/115/91 2017/114/90 785/109/85
f 40/116/92 878/117/93 2018/118/94 654/119/94
f 7/23/88 645/120/94 2018/118/94 878/117/93
f 5/121/94 654/119/94 2018/118/94 645/120/94
f 43/122/95 837/123/96 2019/124/96 712/125/97
f 42/126/96 711/127/96 2019/124/96 837/123/96
f 41/128/98 712/125/97 2019/124/96 711/127/96
f 41/128/98 713/129/99 2020/130/100 712/125/97
f 44/131/101 932/132/100 2020/130/100 713/129/99
f 43/122/95 712/125/97 2020/130/100 932/132/100
f 45/133/102 656/134/103 2021/135/103 657/136/104
f 46/137/103 786/138/103 2021/135/103 656/134/103
f 47/139/105 657/136/104 2021/135/103 786/138/103
f 47/139/105 880/140/106 2022/141/107 657/136/104
f 48/142/108 658/143/107 2022/141/107 880/140/106
f 45/133/102 657/136/104 2022/141/107 658/143/107
f 46/144/109 656/145/110 2023/146/111 859/147/112
f 656/145/110 45/148/113 660/149/114 2023/146/111
f 2023/146/111 660/149/114 58/150/115 716/151/116
f 859/147/112 2023/146/111 716/151/116 57/152/117
f 52/153/118 1004/154/119 2024/155/119 839/156/120
f 48/142/108 1003/157/121 2024/155/119 1004/154/119
f 50/158/122 839/156/120 2024/155/119 1003/157/121
f 50/158/122 841/159/123 2025/160/123 839/156/120
f 55/161/124 1048/162/125 2025/160/123 841/159/123
f 52/153/118 839/156/120 2025/160/123 1048/162/125
f 56/163/126 787/164/127 2026/165/128 1006/166/129
f 54/167/130 788/168/128 2026/165/128 787/164/127
f 57/169/131 1006/166/129 2026/165/128 788/168/128
f 57/169/131 716/170/132 2027/171/132 1006/166/129
f 58/172/132 1007/173/132 2027/171/132 716/170/132
f 56/163/126 1006/166/129 2027/171/132 1007/173/132
f 59/174/133 661/175/134 2028/176/134 1008/177/135
f 53/178/136 659/179/137 2028/176/134 661/175/134
f 56/163/126 1008/177/135 2028/176/134 659/179/137
f 56/163/126 1009/180/138 2029/181/138 1008/177/135
f 60/182/139 935/183/140 2029/181/138 1009/180/138
f 59/174/133 1008/177/135 2029/181/138 935/183/140
f 59/174/141 936/184/142 2030/185/142 937/186/143
f 62/187/144 789/188/142 2030/185/142 936/184/142
f 63/189/145 937/186/143 2030/185/142 789/188/142
f 63/189/145 883/190/146 2031/191/147 937/186/143
f 55/161/148 882/192/149 2031/191/147 883/190/146
f 59/174/141 937/186/143 2031/191/147 882/192/149
f 52/153/118 1048/162/125 2032/193/150 1051/194/151
f 55/161/124 883/190/150 2032/193/150 1048/162/125
f 63/189/152 1051/194/151 2032/193/150 883/190/150
f 63/189/152 884/195/153 2033/196/153 1051/194/151
f 64/197/153 1052/198/153 2033/196/153 884/195/153
f 52/153/118 1051/194/151 2033/196/153 1052/198/153
f 150/199/154 821/200/155 2034/201/156 770/202/157
f 821/200/155 152/203/158 735/204/159 2034/201/156
f 2034/201/156 735/204/159 149/205/160 769/206/161
f 770/202/157 2034/201/156 769/206/161 146/207/162
f 83/208/163 845/209/164 2035/210/165 721/211/166
f 845/209/164 84/212/167 1012/213/168 2035/210/165
f 2035/210/165 1012/213/168 81/214/169 1011/215/170
f 721/211/166 2035/210/165 1011/215/170 82/216/171
f 87/217/172 792/218/173 2036/219/174 1057/220/175
f 792/218/173 88/221/176 668/222/177 2036/219/174
f 2036/219/174 668/222/177 86/223/178 1056/224/179
f 1057/220/175 2036/219/174 1056/224/179 85/225/180
f 87/217/181 791/226/182 2037/227/183 792/218/184
f 791/226/182 79/228/185 667/229/186 2037/227/183
f 2037/227/183 667/229/186 78/230/187 700/231/188
f 792/218/184 2037/227/183 700/231/188 88/221/189
f 85/225/180 1056/224/179 2038/232/190 846/233/191
f 1056/224/179 86/223/178 942/234/192 2038/232/190
f 2038/232/190 942/234/192 84/212/193 845/209/194
f 846/233/191 2038/232/190 845/209/194 83/208/195
f 42/235/196 655/236/197 2039/237/198 711/238/199
f 655/236/197 29/239/89 690/240/91 2039/237/198
f 2039/237/198 690/240/91 39/241/76 879/242/200
f 711/238/199 2039/237/198 879/242/200 41/243/201
f 8/244/13 992/245/202 2040/246/203 991/247/204
f 992/245/202 11/248/205 828/249/206 2040/246/203
f 2040/246/203 828/249/206 10/250/207 705/251/208
f 991/247/204 2040/246/203 705/251/208 9/252/209
f 11/248/210 922/253/211 2041/254/212 828/255/213
f 922/253/211 14/256/214 1039/257/215 2041/254/212
f 2041/254/212 1039/257/215 12/258/216 829/259/217
f 828/255/213 2041/254/212 829/259/217 10/260/218
f 17/261/23 706/262/219 2042/263/220 780/264/24
f 706/262/219 22/265/47 831/266/221 2042/263/220
f 2042/263/220 831/266/221 18/267/222 781/268/223
f 780/264/24 2042/263/220 781/268/223 14/256/224
f 25/269/225 708/270/226 2043/271/227 707/272/228
f 708/270/226 33/273/229 784/274/230 2043/271/227
f 2043/271/227 784/274/230 22/265/47 706/262/219
f 707/272/228 2043/271/227 706/262/219 17/261/23
f 20/275/231 1041/276/232 2044/277/233 924/278/234
f 1041/276/232 26/279/235 648/280/236 2044/277/233
f 2044/277/233 648/280/236 21/281/237 925/282/238
f 924/278/234 2044/277/233 925/282/238 19/283/239
f 21/281/240 648/280/241 2045/284/242 647/285/243
f 648/280/241 26/279/244 874/286/245 2045/284/242
f 2045/284/242 874/286/245 23/287/246 873/288/247
f 647/285/243 2045/284/242 873/288/247 24/289/248
f 18/267/249 831/290/221 2046/291/250 830/292/251
f 831/290/221 22/265/47 782/293/49 2046/291/250
f 2046/291/250 782/293/49 27/294/52 1042/295/252
f 830/292/251 2046/291/250 1042/295/252 20/275/253
f 27/294/254 927/296/255 2047/297/256 1042/298/257
f 927/296/255 31/299/258 833/300/259 2047/297/256
f 2047/297/256 833/300/259 26/279/235 1041/276/232
f 1042/298/257 2047/297/256 1041/276/232 20/275/231
f 2898/301/260 3787/302/261 2048/303/262 853/304/263
f 3787/302/261 2900/305/264 800/306/265 2048/303/262
f 2048/303/262 800/306/265 46/307/109 842/308/266
f 853/304/263 2048/303/262 842/308/266 150/309/154
f 36/310/267 1046/311/268 2049/312/269 835/313/270
f 1046/311/268 37/314/271 931/315/272 2049/312/269
f 2049/312/269 931/315/272 35/316/273 834/317/274
f 835/313/270 2049/312/269 834/317/274 34/318/275
f 80/319/276 887/320/277 2050/321/278 1054/322/279
f 887/320/277 82/216/280 1011/215/281 2050/321/278
f 2050/321/278 1011/215/281 81/214/282 1055/323/283
f 1054/322/279 2050/321/278 1055/323/283 2782/324/284
f 38/325/69 1014/326/285 2051/327/286 652/328/70
f 1014/326/285 28/329/35 1045/330/46 2051/327/286
f 2051/327/286 1045/330/46 31/299/45 876/331/287
f 652/328/70 2051/327/286 876/331/287 37/314/73
f 16/332/21 995/333/30 2052/334/288 994/335/22
f 995/333/30 17/261/23 923/336/26 2052/334/288
f 2052/334/288 923/336/26 11/248/27 992/245/289
f 994/335/22 2052/334/288 992/245/289 8/244/13
f 16/332/21 646/337/19 2053/338/290 1000/339/75
f 646/337/19 13/340/18 651/341/81 2053/338/290
f 2053/338/290 651/341/81 32/342/80 965/343/291
f 1000/339/75 2053/338/290 965/343/291 38/325/69
f 40/344/292 836/345/293 2054/346/294 1002/347/295
f 836/345/293 2/348/2 838/349/296 2054/346/294
f 2054/346/294 838/349/296 44/350/101 713/351/99
f 1002/347/295 2054/346/294 713/351/99 41/243/98
f 51/352/297 933/353/298 2055/354/299 715/355/300
f 933/353/298 53/356/301 840/357/302 2055/354/299
f 2055/354/299 840/357/302 50/358/303 714/359/304
f 715/355/300 2055/354/299 714/359/304 49/360/305
f 54/361/130 787/362/127 2056/363/306 934/364/307
f 787/362/127 56/365/126 659/366/137 2056/363/306
f 2056/363/306 659/366/137 53/356/136 933/353/308
f 934/364/307 2056/363/306 933/353/308 51/352/309
f 59/367/141 882/368/149 2057/369/310 661/370/311
f 882/368/149 55/371/148 841/372/312 2057/369/310
f 2057/369/310 841/372/312 50/358/303 840/357/302
f 661/370/311 2057/369/310 840/357/302 53/356/301
f 61/373/313 662/374/314 2058/375/315 1050/376/316
f 662/374/314 62/377/317 936/378/318 2058/375/315
f 2058/375/315 936/378/318 59/367/133 935/379/140
f 1050/376/316 2058/375/315 935/379/140 60/380/139
f 2911/381/319 3486/382/319 2059/383/320 802/384/321
f 3486/382/319 2912/385/322 747/386/323 2059/383/320
f 2059/383/320 747/386/323 165/387/324 777/388/325
f 802/384/321 2059/383/320 777/388/325 162/389/326
f 7/390/17 778/391/327 2060/392/328 645/393/329
f 778/391/327 6/394/330 1038/395/331 2060/392/328
f 2060/392/328 1038/395/331 4/396/8 1037/397/10
f 645/393/329 2060/392/328 1037/397/10 5/398/12
f 94/399/332 888/400/332 2061/401/332 722/402/332
f 888/400/332 92/403/332 889/404/332 2061/401/332
f 2061/401/332 889/404/332 95/405/332 849/406/332
f 722/402/332 2061/401/332 849/406/332 96/407/332
f 47/408/333 860/409/333 2062/410/333 881/411/333
f 860/409/333 2896/412/333 3482/413/333 2062/410/333
f 2062/410/333 3482/413/333 2895/414/334 742/415/334
f 881/411/333 2062/410/333 742/415/334 49/416/335
f 91/417/336 793/418/337 2063/419/338 795/420/339
f 93/421/340 1013/422/338 2063/419/338 793/418/337
f 96/423/341 795/420/339 2063/419/338 1013/422/338
f 96/423/341 849/424/342 2064/425/342 795/420/339
f 95/426/342 794/427/342 2064/425/342 849/424/342
f 91/417/336 795/420/339 2064/425/342 794/427/342
f 52/428/343 1049/429/344 2065/430/345 1004/431/346
f 1049/429/344 60/432/139 1009/433/347 2065/430/345
f 2065/430/345 1009/433/347 56/434/348 1005/435/349
f 1004/431/346 2065/430/345 1005/435/349 48/436/350
f 2909/437/351 3603/438/352 2066/439/353 1021/440/354
f 3603/438/352 2904/441/355 910/442/356 2066/439/353
f 2066/439/353 910/442/356 43/443/357 932/444/358
f 1021/440/354 2066/439/353 932/444/358 44/445/359
f 18/267/360 830/292/361 2067/446/362 871/447/363
f 830/292/361 20/275/364 924/278/365 2067/446/362
f 2067/446/362 924/278/365 19/283/366 872/448/367
f 871/447/363 2067/446/362 872/448/367 15/449/368
f 15/450/369 892/451/370 2068/452/371 1040/453/372
f 892/451/370 105/454/373 852/455/374 2068/452/371
f 2068/452/371 852/455/374 10/456/375 829/457/376
f 1040/453/372 2068/452/371 829/457/376 12/458/377
f 2911/381/378 802/384/378 2069/459/378 3848/460/378
f 802/384/378 162/389/378 689/461/378 2069/459/378
f 2069/459/378 689/461/378 161/462/379 695/463/380
f 3848/460/378 2069/459/378 695/463/380 2910/464/381
f 118/465/382 811/466/383 2070/467/384 1025/468/385
f 811/466/383 121/469/386 979/470/387 2070/467/384
f 2070/467/384 979/470/387 116/471/388 978/472/389
f 1025/468/385 2070/467/384 978/472/389 24/473/390
f 184/474/391 805/475/392 2071/476/393 917/477/394
f 805/475/392 87/478/172 1057/479/175 2071/476/393
f 2071/476/393 1057/479/175 85/480/180 1023/481/395
f 917/477/394 2071/476/393 1023/481/395 182/482/396
f 167/483/57 826/484/60 2072/485/397 737/486/398
f 826/484/60 166/487/65 990/488/399 2072/485/397
f 2072/485/397 990/488/399 164/489/400 989/490/401
f 737/486/398 2072/485/397 989/490/401 165/491/402
f 52/428/343 1052/492/403 2073/493/404 1049/429/344
f 1052/492/403 64/494/405 663/495/406 2073/493/404
f 2073/493/404 663/495/406 61/496/313 1050/497/316
f 1049/429/344 2073/493/404 1050/497/316 60/432/139
f 114/498/407 810/499/408 2074/500/409 947/501/410
f 810/499/408 110/502/411 976/503/412 2074/500/409
f 2074/500/409 976/503/412 108/504/413 977/505/414
f 947/501/410 2074/500/409 977/505/414 111/506/415
f 5/507/12 921/508/11 2075/509/416 654/510/417
f 921/508/11 3/511/4 827/512/3 2075/509/416
f 2075/509/416 827/512/3 2/348/2 836/345/293
f 654/510/417 2075/509/416 836/345/293 40/344/292
f 149/205/160 735/204/159 2076/513/418 985/514/419
f 735/204/159 152/203/158 958/515/420 2076/513/418
f 2076/513/418 958/515/420 151/516/421 986/517/422
f 985/514/419 2076/513/418 986/517/422 148/518/423
f 40/344/92 1002/347/424 2077/519/425 878/520/93
f 1002/347/424 41/243/201 879/242/200 2077/519/425
f 2077/519/425 879/242/200 39/241/76 877/521/87
f 878/520/93 2077/519/425 877/521/87 7/390/88
f 79/522/426 790/523/427 2078/524/428 667/525/429
f 790/523/427 80/319/276 1054/322/279 2078/524/428
f 2078/524/428 1054/322/279 2782/324/284 1053/526/430
f 667/525/429 2078/524/428 1053/526/430 78/527/431
f 63/528/432 789/529/433 2079/530/434 884/531/435
f 789/529/433 62/532/317 662/533/314 2079/530/434
f 2079/530/434 662/533/314 61/496/313 663/495/406
f 884/531/435 2079/530/434 663/495/406 64/494/405
f 14/256/224 781/268/223 2080/534/436 1039/257/437
f 781/268/223 18/267/222 871/447/438 2080/534/436
f 2080/534/436 871/447/438 15/449/439 1040/535/440
f 1039/257/437 2080/534/436 1040/535/440 12/258/441
f 48/436/350 1005/435/349 2081/536/442 658/537/443
f 1005/435/349 56/434/348 1007/538/444 2081/536/442
f 2081/536/442 1007/538/444 58/150/115 660/149/114
f 658/537/443 2081/536/442 660/149/114 45/148/113
f 126/539/445 814/540/446 2082/541/447 980/542/448
f 814/540/446 128/543/449 952/544/450 2082/541/447
f 2082/541/447 952/544/450 127/545/451 981/546/452
f 980/542/448 2082/541/447 981/546/452 124/547/453
f 170/548/454 749/549/455 2083/550/456 748/551/457
f 749/549/455 173/552/458 865/553/459 2083/550/456
f 2083/550/456 865/553/459 73/554/459 886/555/456
f 748/551/457 2083/550/456 886/555/456 74/556/457
f 2909/437/351 1021/440/354 2084/557/460 3662/558/461
f 1021/440/354 44/445/359 838/559/462 2084/557/460
f 2084/557/460 838/559/462 2/560/463 855/561/464
f 3662/558/461 2084/557/460 855/561/464 2908/562/465
f 105/454/373 678/563/466 2085/564/467 807/565/468
f 678/563/466 116/471/388 761/566/469 2085/564/467
f 2085/564/467 761/566/469 106/567/470 808/568/471
f 807/565/468 2085/564/467 808/568/471 102/569/472
f 100/570/473 890/571/474 2086/572/475 973/573/476
f 99/574/477 891/575/478 2086/572/475 890/571/474
f 101/576/479 973/573/476 2086/572/475 891/575/478
f 101/576/479 723/577/480 2087/578/481 973/573/476
f 103/579/482 974/580/483 2087/578/481 723/577/480
f 100/570/473 973/573/476 2087/578/481 974/580/483
f 35/316/273 931/581/272 2088/582/484 930/583/485
f 931/581/272 37/314/271 876/331/486 2088/582/484
f 2088/582/484 876/331/486 31/299/258 927/296/255
f 930/583/485 2088/582/484 927/296/255 27/294/254
f 2906/584/487 671/585/488 2089/586/489 3728/587/490
f 671/585/488 113/588/491 1028/589/492 2089/586/489
f 2089/586/489 1028/589/492 112/590/493 1016/591/494
f 3728/587/490 2089/586/489 1016/591/494 2878/592/495
f 105/593/373 676/594/496 2090/595/497 852/596/374
f 107/597/498 809/598/499 2090/595/497 676/594/496
f 10/599/375 852/596/374 2090/595/497 809/598/499
f 105/593/373 892/600/370 2091/601/500 943/602/501
f 15/603/369 872/604/500 2091/601/500 892/600/370
f 19/605/502 943/602/501 2091/601/500 872/604/500
f 19/605/502 925/606/503 2092/607/503 926/608/504
f 21/609/503 647/610/503 2092/607/503 925/606/503
f 24/611/390 926/608/504 2092/607/503 647/610/503
f 19/605/502 948/612/505 2093/613/506 943/602/501
f 116/614/388 678/615/466 2093/613/506 948/612/505
f 105/593/373 943/602/501 2093/613/506 678/615/466
f 24/611/390 978/616/389 2094/617/507 926/608/504
f 116/614/388 948/612/505 2094/617/507 978/616/389
f 19/605/502 926/608/504 2094/617/507 948/612/505
f 54/618/130 934/619/307 2095/620/508 772/621/509
f 934/619/307 51/622/309 960/623/510 2095/620/508
f 2095/620/508 960/623/510 154/624/511 687/625/512
f 772/621/509 2095/620/508 687/625/512 153/626/513
f 121/627/386 811/628/383 2096/629/514 679/630/515
f 118/631/382 812/632/516 2096/629/514 811/628/383
f 123/633/517 679/630/515 2096/629/514 812/632/516
f 123/633/517 812/632/516 2097/634/518 894/635/519
f 118/631/382 813/636/520 2097/634/518 812/632/516
f 125/637/521 894/635/519 2097/634/518 813/636/520
f 125/637/521 730/638/522 2098/639/523 894/635/519
f 126/640/445 895/641/524 2098/639/523 730/638/522
f 123/633/517 894/635/519 2098/639/523 895/641/524
f 136/642/525 982/643/526 2099/644/527 815/645/528
f 132/646/529 963/647/527 2099/644/527 982/643/526
f 134/648/530 815/645/528 2099/644/527 963/647/527
f 42/649/531 817/650/532 2100/651/533 816/652/534
f 138/653/535 684/654/536 2100/651/533 817/650/532
f 137/655/537 816/652/534 2100/651/533 684/654/536
f 140/656/538 685/657/539 2101/658/540 767/659/541
f 137/655/537 684/654/536 2101/658/540 685/657/539
f 138/653/535 767/659/541 2101/658/540 684/654/536
f 138/653/535 768/660/542 2102/661/543 767/659/541
f 141/662/544 983/663/545 2102/661/543 768/660/542
f 140/656/538 767/659/541 2102/661/543 983/663/545
f 94/664/546 722/665/547 2103/666/548 670/667/549
f 722/665/547 96/407/550 1013/668/551 2103/666/548
f 2103/666/548 1013/668/551 93/669/552 669/670/553
f 670/667/549 2103/666/548 669/670/553 90/671/554
f 142/672/555 820/673/556 2104/674/557 818/675/558
f 147/676/559 843/677/560 2104/674/557 820/673/556
f 134/648/530 818/675/558 2104/674/557 843/677/560
f 147/676/559 900/678/561 2105/679/562 901/680/563
f 148/681/423 986/682/422 2105/679/562 900/678/561
f 151/683/421 901/680/563 2105/679/562 986/682/422
f 152/684/158 755/685/564 2106/686/565 771/687/566
f 57/688/117 788/689/565 2106/686/565 755/685/564
f 54/690/130 771/687/566 2106/686/565 788/689/565
f 155/691/567 688/692/568 2107/693/569 773/694/570
f 153/695/513 687/696/512 2107/693/569 688/692/568
f 154/697/511 773/694/570 2107/693/569 687/696/512
f 155/691/567 773/694/570 2108/698/571 903/699/572
f 154/697/511 774/700/573 2108/698/571 773/694/570
f 156/701/574 903/699/572 2108/698/571 774/700/573
f 158/702/575 823/703/576 2109/704/577 824/705/578
f 161/706/579 689/707/577 2109/704/577 823/703/576
f 162/708/580 824/705/578 2109/704/577 689/707/577
f 163/709/581 905/710/582 2110/711/583 775/712/584
f 155/691/567 904/713/585 2110/711/583 905/710/582
f 162/708/580 775/712/584 2110/711/583 904/713/585
f 134/648/530 825/714/586 2111/715/587 815/645/528
f 163/709/581 1035/716/588 2111/715/587 825/714/586
f 136/642/525 815/645/528 2111/715/587 1035/716/588
f 164/717/400 906/718/589 2112/719/590 776/720/591
f 163/709/581 775/712/584 2112/719/590 906/718/589
f 162/708/580 776/720/591 2112/719/590 775/712/584
f 162/708/580 777/721/592 2113/722/592 776/720/591
f 165/723/402 989/724/401 2113/722/592 777/721/592
f 164/717/400 776/720/591 2113/722/592 989/724/401
f 157/725/593 736/726/594 2114/727/595 987/728/596
f 736/726/594 159/729/597 822/730/598 2114/727/595
f 2114/727/595 822/730/598 158/731/575 988/732/599
f 987/728/596 2114/727/595 988/732/599 156/733/574
f 2907/734/600 745/735/601 2115/736/602 3602/737/603
f 745/735/601 1/738/604 704/739/605 2115/736/602
f 2115/736/602 704/739/605 4/740/606 1010/741/607
f 3602/737/603 2115/736/602 1010/741/607 2905/742/608
f 131/743/609 896/744/610 2116/745/611 681/746/612
f 896/744/610 134/747/530 963/748/613 2116/745/611
f 2116/745/611 963/748/613 132/749/614 682/750/615
f 681/746/612 2116/745/611 682/750/615 129/751/616
f 28/329/35 1014/752/285 2117/753/617 1044/754/618
f 1014/752/285 38/325/69 965/343/291 2117/753/617
f 2117/753/617 965/343/291 32/342/80 783/755/83
f 1044/754/618 2117/753/617 783/755/83 30/756/82
f 123/757/517 895/758/524 2118/759/619 763/760/620
f 895/758/524 126/539/445 980/542/448 2118/759/619
f 2118/759/619 980/542/448 124/547/453 764/761/621
f 763/760/620 2118/759/619 764/761/621 122/762/622
f 135/763/623 955/764/624 2119/765/625 897/766/626
f 955/764/624 142/767/555 818/768/558 2119/765/625
f 2119/765/625 818/768/558 134/747/530 896/744/610
f 897/766/626 2119/765/625 896/744/610 131/743/609
f 91/769/627 794/770/628 2120/771/629 847/772/630
f 794/770/628 95/405/631 889/773/632 2120/771/629
f 2120/771/629 889/773/632 92/774/633 848/775/634
f 847/772/630 2120/771/629 848/775/634 89/776/635
f 49/360/636 714/359/637 2121/777/638 881/778/639
f 714/359/637 50/358/122 1003/779/121 2121/777/638
f 2121/777/638 1003/779/121 48/780/108 880/781/106
f 881/778/639 2121/777/638 880/781/106 47/782/105
f 98/783/640 796/784/641 2122/785/642 758/786/643
f 2874/787/644 918/788/645 2122/785/642 796/784/641
f 99/789/477 758/786/643 2122/785/642 918/788/645
f 2875/790/646 738/791/647 2123/792/648 3653/793/649
f 738/791/647 101/794/479 891/795/478 2123/792/648
f 2123/792/648 891/795/478 99/796/477 918/797/645
f 3653/793/649 2123/792/648 918/797/645 2874/798/644
f 2875/790/646 3836/799/650 2124/800/651 738/791/647
f 3836/799/650 2876/801/652 964/802/653 2124/800/651
f 2124/800/651 964/802/653 104/803/654 724/804/655
f 738/791/647 2124/800/651 724/804/655 101/794/479
f 2876/801/652 3668/805/656 2125/806/656 964/802/653
f 3668/805/656 2877/807/657 739/808/658 2125/806/656
f 2125/806/656 739/808/658 109/809/659 1027/810/660
f 964/802/653 2125/806/656 1027/810/660 104/803/654
f 112/811/493 727/812/661 2126/813/662 1015/814/663
f 109/815/659 739/816/658 2126/813/662 727/812/661
f 2877/817/657 1015/814/663 2126/813/662 739/816/658
f 2877/817/657 3531/818/664 2127/819/665 1015/814/663
f 2878/820/495 1016/821/494 2127/819/665 3531/818/664
f 112/811/493 1015/814/663 2127/819/665 1016/821/494
f 9/822/666 705/823/667 2128/824/668 725/825/669
f 705/823/667 10/456/375 809/826/499 2128/824/668
f 2128/824/668 809/826/499 107/827/498 893/828/670
f 725/825/669 2128/824/668 893/828/670 110/502/411
f 29/829/89 680/830/671 2129/831/672 998/832/673
f 680/830/671 125/833/521 813/834/520 2129/831/672
f 2129/831/672 813/834/520 118/465/382 1025/468/385
f 998/832/673 2129/831/672 1025/468/385 24/473/390
f 133/835/674 733/836/675 2130/837/676 765/838/677
f 733/836/675 139/839/678 954/840/679 2130/837/676
f 2130/837/676 954/840/679 135/763/623 766/841/680
f 765/838/677 2130/837/676 766/841/680 130/842/681
f 116/471/388 979/843/387 2131/844/682 761/566/469
f 979/843/387 121/469/386 729/845/683 2131/844/682
f 2131/844/682 729/845/683 117/846/684 762/847/685
f 761/566/469 2131/844/682 762/847/685 106/567/470
f 105/454/373 975/848/686 2132/849/687 676/850/496
f 975/848/686 100/851/473 974/852/483 2132/849/687
f 2132/849/687 974/852/483 103/853/482 944/854/688
f 676/850/496 2132/849/687 944/854/688 107/827/498
f 102/855/689 808/856/690 2133/857/691 850/858/692
f 808/856/690 106/859/693 797/860/694 2133/857/691
f 2133/857/691 797/860/694 2879/861/695 3594/862/696
f 850/858/692 2133/857/691 3594/862/696 2880/863/697
f 117/864/684 740/865/698 2134/866/699 762/867/685
f 740/865/698 2881/868/700 3595/869/701 2134/866/699
f 2134/866/699 3595/869/701 2879/861/695 797/860/694
f 762/867/685 2134/866/699 797/860/694 106/859/693
f 99/870/477 890/871/474 2135/872/702 758/873/643
f 890/871/474 100/851/473 674/874/703 2135/872/702
f 2135/872/702 674/874/703 97/875/704 673/876/705
f 758/873/643 2135/872/702 673/876/705 98/877/640
f 2880/878/697 3669/879/706 2136/880/707 692/881/708
f 2873/882/709 691/883/710 2136/880/707 3669/879/706
f 97/884/704 692/881/708 2136/880/707 691/883/710
f 97/884/704 675/885/711 2137/886/712 692/881/708
f 102/887/689 850/888/692 2137/886/712 675/885/711
f 2880/878/697 692/881/708 2137/886/712 850/888/692
f 2881/889/700 740/890/698 2138/891/713 1017/892/714
f 117/893/684 728/894/715 2138/891/713 740/890/698
f 120/895/716 1017/892/714 2138/891/713 728/894/715
f 120/895/716 1018/896/717 2139/897/718 1017/892/714
f 2882/898/719 3784/899/719 2139/897/718 1018/896/717
f 2881/889/700 1017/892/714 2139/897/718 3784/899/719
f 120/900/716 949/901/720 2140/902/721 1018/903/717
f 949/901/720 119/904/722 868/905/723 2140/902/721
f 2140/902/721 868/905/723 2883/906/724 3533/907/725
f 1018/903/717 2140/902/721 3533/907/725 2882/908/726
f 121/469/386 679/909/515 2141/910/727 950/911/728
f 679/909/515 123/757/517 763/760/620 2141/910/727
f 2141/910/727 763/760/620 122/762/622 951/912/729
f 950/911/728 2141/910/727 951/912/729 119/913/722
f 122/914/622 798/915/730 2142/916/731 951/917/729
f 798/915/730 2884/918/732 3841/919/733 2142/916/731
f 2142/916/731 3841/919/733 2883/906/724 868/920/723
f 951/917/729 2142/916/731 868/920/723 119/904/722
f 143/921/734 957/922/735 2143/923/736 819/924/737
f 957/922/735 148/518/423 900/925/561 2143/923/736
f 2143/923/736 900/925/561 147/926/559 820/927/556
f 819/924/737 2143/923/736 820/927/556 142/767/555
f 127/928/451 907/929/738 2144/930/739 981/931/452
f 907/929/738 2886/932/740 3670/933/741 2144/930/739
f 2144/930/739 3670/933/741 2885/934/742 966/935/743
f 981/931/452 2144/930/739 966/935/743 124/936/453
f 122/914/622 764/937/621 2145/938/744 798/915/730
f 764/937/621 124/936/453 966/935/743 2145/938/744
f 2145/938/744 966/935/743 2885/934/742 3581/939/745
f 798/915/730 2145/938/744 3581/939/745 2884/918/732
f 125/833/521 731/940/746 2146/941/747 730/942/522
f 731/940/746 130/842/681 1030/943/748 2146/941/747
f 2146/941/747 1030/943/748 128/543/449 814/540/446
f 730/942/522 2146/941/747 814/540/446 126/539/445
f 129/944/616 693/945/749 2147/946/750 953/947/751
f 693/945/749 2887/948/752 3534/949/753 2147/946/750
f 2147/946/750 3534/949/753 2886/932/740 907/929/738
f 953/947/751 2147/946/750 907/929/738 127/928/451
f 29/829/89 683/950/754 2148/951/755 680/830/671
f 683/950/754 133/835/674 765/838/677 2148/951/755
f 2148/951/755 765/838/677 130/842/681 731/940/746
f 680/830/671 2148/951/755 731/940/746 125/833/521
f 132/952/614 967/953/756 2149/954/757 682/955/615
f 967/953/756 2888/956/758 3671/957/759 2149/954/757
f 2149/954/757 3671/957/759 2887/948/752 693/958/749
f 682/955/615 2149/954/757 693/958/749 129/944/616
f 130/842/681 766/841/680 2150/959/760 1030/960/748
f 766/841/680 135/763/623 897/766/626 2150/959/760
f 2150/959/760 897/766/626 131/743/609 1031/961/761
f 1030/960/748 2150/959/760 1031/961/761 128/543/449
f 136/962/525 1019/963/762 2151/964/763 982/965/526
f 1019/963/762 2889/966/764 3535/967/765 2151/964/763
f 2151/964/763 3535/967/765 2888/956/765 967/953/766
f 982/965/526 2151/964/763 967/953/766 132/952/529
f 166/88/767 851/87/768 2152/968/769 1036/969/770
f 851/87/768 2890/86/771 3843/970/771 2152/968/769
f 2152/968/769 3843/970/771 2889/966/764 1019/963/762
f 1036/969/770 2152/968/769 1019/963/762 136/962/525
f 103/853/482 945/971/772 2153/972/773 944/854/688
f 945/971/772 108/504/413 976/503/412 2153/972/773
f 2153/972/773 976/503/412 110/502/411 893/828/670
f 944/854/688 2153/972/773 893/828/670 107/827/498
f 100/851/473 975/973/686 2154/974/774 674/874/703
f 975/973/686 105/454/373 807/565/468 2154/974/774
f 2154/974/774 807/565/468 102/569/472 675/975/711
f 674/874/703 2154/974/774 675/975/711 97/875/704
f 29/829/89 655/976/197 2155/977/775 683/950/754
f 655/976/197 42/978/531 816/979/534 2155/977/775
f 2155/977/775 816/979/534 137/980/537 732/981/776
f 683/950/754 2155/977/775 732/981/776 133/835/674
f 25/269/225 710/982/777 2156/983/778 708/270/226
f 710/982/777 36/310/267 835/313/270 2156/983/778
f 2156/983/778 835/313/270 34/318/275 709/984/779
f 708/270/226 2156/983/778 709/984/779 33/273/229
f 139/839/678 899/985/780 2157/986/781 954/840/679
f 899/985/780 143/921/734 819/924/737 2157/986/781
f 2157/986/781 819/924/737 142/767/555 955/764/624
f 954/840/679 2157/986/781 955/764/624 135/763/623
f 140/987/538 984/988/782 2158/989/783 898/990/784
f 984/988/782 144/991/785 956/992/786 2158/989/783
f 2158/989/783 956/992/786 143/921/734 899/985/780
f 898/990/784 2158/989/783 899/985/780 139/839/678
f 144/991/785 1033/993/787 2159/994/788 956/992/786
f 1033/993/787 149/205/160 985/514/419 2159/994/788
f 2159/994/788 985/514/419 148/518/423 957/922/735
f 956/992/786 2159/994/788 957/922/735 143/921/734
f 141/995/544 734/996/789 2160/997/790 983/998/545
f 734/996/789 145/999/791 1032/1000/792 2160/997/790
f 2160/997/790 1032/1000/792 144/991/785 984/988/782
f 983/998/545 2160/997/790 984/988/782 140/987/538
f 153/626/513 688/1001/568 2161/1002/793 959/1003/794
f 688/1001/568 155/1004/567 902/1005/795 2161/1002/793
f 2161/1002/793 902/1005/795 147/926/559 901/1006/563
f 959/1003/794 2161/1002/793 901/1006/563 151/516/421
f 152/203/158 771/1007/566 2162/1008/796 958/515/420
f 771/1007/566 54/618/130 772/621/509 2162/1008/796
f 2162/1008/796 772/621/509 153/626/513 959/1003/794
f 958/515/420 2162/1008/796 959/1003/794 151/516/421
f 146/207/162 769/1009/161 2163/1010/797 686/1011/798
f 769/1009/161 149/205/160 1033/993/787 2163/1010/797
f 2163/1010/797 1033/993/787 144/991/785 1032/1012/792
f 686/1011/798 2163/1010/797 1032/1012/792 145/999/791
f 57/1013/117 755/1014/564 2164/1015/799 859/1016/112
f 755/1014/564 152/203/158 821/1017/155 2164/1015/799
f 2164/1015/799 821/1017/155 150/199/154 842/1018/266
f 859/1016/112 2164/1015/799 842/1018/266 46/1019/109
f 51/622/309 961/1020/800 2165/1021/801 960/623/510
f 961/1020/800 157/725/593 987/728/596 2165/1021/801
f 2165/1021/801 987/728/596 156/733/574 774/1022/573
f 960/623/510 2165/1021/801 774/1022/573 154/624/511
f 162/1023/580 904/1024/585 2166/1025/802 824/1026/578
f 904/1024/585 155/1004/567 903/1027/572 2166/1025/802
f 2166/1025/802 903/1027/572 156/733/574 988/732/599
f 824/1026/578 2166/1025/802 988/732/599 158/731/575
f 2892/1028/803 741/1029/804 2167/1030/805 672/1031/806
f 741/1029/804 157/725/593 961/1020/800 2167/1030/805
f 2167/1030/805 961/1020/800 51/622/807 715/1032/808
f 672/1031/806 2167/1030/805 715/1032/808 49/416/335
f 161/1033/579 823/1034/576 2168/1035/809 1034/1036/810
f 823/1034/576 158/731/575 822/730/598 2168/1035/809
f 2168/1035/809 822/730/598 159/729/597 962/1037/811
f 1034/1036/810 2168/1035/809 962/1037/811 160/1038/812
f 159/1039/597 736/1040/594 2169/1041/813 909/1042/814
f 736/1040/594 157/1043/593 741/1044/804 2169/1041/813
f 2169/1041/813 741/1044/804 2892/1028/803 3657/1045/815
f 909/1042/814 2169/1041/813 3657/1045/815 2893/1046/816
f 141/1047/544 743/1048/817 2170/1049/818 734/1050/789
f 743/1048/817 2901/1051/819 3454/1052/820 2170/1049/818
f 2170/1049/818 3454/1052/820 2899/1053/821 694/1054/822
f 734/1050/789 2170/1049/818 694/1054/822 145/1055/791
f 49/1056/335 742/1057/334 2171/1058/823 672/1059/806
f 2895/1060/334 3658/1061/823 2171/1058/823 742/1057/334
f 2892/1062/803 672/1059/806 2171/1058/823 3658/1061/823
f 145/1055/791 694/1063/822 2172/1064/824 686/1065/798
f 694/1063/822 2899/1053/821 3674/1066/825 2172/1064/824
f 2172/1064/824 3674/1066/825 2897/1067/826 799/1068/827
f 686/1065/798 2172/1064/824 799/1068/827 146/1069/162
f 2900/305/264 3609/1070/828 2173/1071/828 800/306/265
f 3609/1070/828 2896/1072/828 860/1073/828 2173/1071/828
f 2173/1071/828 860/1073/828 47/1074/828 786/1075/828
f 800/306/265 2173/1071/828 786/1075/828 46/307/109
f 160/1076/812 962/1077/811 2174/1078/829 1020/1079/830
f 962/1077/811 159/1039/597 909/1042/814 2174/1078/829
f 2174/1078/829 909/1042/814 2893/1046/816 3725/1080/831
f 1020/1079/830 2174/1078/829 3725/1080/831 2894/1081/832
f 141/1047/544 768/1082/542 2175/1083/833 743/1048/817
f 768/1082/542 138/1084/535 801/1085/834 2175/1083/833
f 2175/1083/833 801/1085/834 2902/1086/835 3726/1087/836
f 743/1048/817 2175/1083/833 3726/1087/836 2901/1051/819
f 8/244/13 991/247/204 2176/1088/837 869/1089/14
f 991/247/204 9/252/209 779/1090/838 2176/1088/837
f 2176/1088/837 779/1090/838 6/394/330 778/391/327
f 869/1089/14 2176/1088/837 778/391/327 7/390/17
f 138/1084/535 817/1091/532 2177/1092/839 801/1085/834
f 817/1091/532 42/1093/531 854/1094/840 2177/1092/839
f 2177/1092/839 854/1094/840 2903/1095/841 3845/1096/842
f 801/1085/834 2177/1092/839 3845/1096/842 2902/1086/835
f 43/1097/357 910/1098/356 2178/1099/843 837/1100/844
f 910/1098/356 2904/1101/355 3484/1102/845 2178/1099/843
f 2178/1099/843 3484/1102/845 2903/1095/841 854/1094/840
f 837/1100/844 2178/1099/843 854/1094/840 42/1093/531
f 104/1103/654 1026/1104/846 2179/1105/847 724/1106/655
f 1026/1104/846 108/504/413 945/971/772 2179/1105/847
f 2179/1105/847 945/971/772 103/853/482 723/1107/480
f 724/1106/655 2179/1105/847 723/1107/480 101/1108/479
f 109/1109/659 726/1110/848 2180/1111/849 1027/1112/660
f 726/1110/848 111/506/415 977/505/414 2180/1111/849
f 2180/1111/849 977/505/414 108/504/413 1026/1104/846
f 1027/1112/660 2180/1111/849 1026/1104/846 104/1103/654
f 9/822/666 725/825/669 2181/1113/850 779/1114/851
f 725/825/669 110/502/411 810/499/408 2181/1113/850
f 2181/1113/850 810/499/408 114/498/407 759/1115/852
f 779/1114/851 2181/1113/850 759/1115/852 6/1116/853
f 112/1117/493 1028/1118/492 2182/1119/854 727/1120/661
f 1028/1118/492 113/1121/491 946/1122/855 2182/1119/854
f 2182/1119/854 946/1122/855 111/506/415 726/1110/848
f 727/1120/661 2182/1119/854 726/1110/848 109/1109/659
f 6/1116/853 759/1115/852 2183/1123/856 1038/1124/857
f 759/1115/852 114/498/407 760/1125/858 2183/1123/856
f 2183/1123/856 760/1125/858 115/1126/859 1029/1127/860
f 1038/1124/857 2183/1123/856 1029/1127/860 4/1128/606
f 113/1121/491 677/1129/861 2184/1130/862 946/1122/855
f 677/1129/861 115/1126/859 760/1125/858 2184/1130/862
f 2184/1130/862 760/1125/858 114/498/407 947/501/410
f 946/1122/855 2184/1130/862 947/501/410 111/506/415
f 2905/742/608 861/1131/863 2185/1132/864 3601/1133/865
f 861/1131/863 115/1134/859 677/1135/861 2185/1132/864
f 2185/1132/864 677/1135/861 113/588/491 671/585/488
f 3601/1133/865 2185/1132/864 671/585/488 2906/584/487
f 115/1136/859 861/1137/863 2186/1138/866 1029/1139/860
f 2905/1140/608 1010/1141/607 2186/1138/866 861/1137/863
f 4/1142/606 1029/1139/860 2186/1138/866 1010/1141/607
f 164/489/400 990/488/399 2187/1143/867 906/1144/589
f 990/488/399 166/487/65 1036/1145/868 2187/1143/867
f 2187/1143/867 1036/1145/868 136/1146/525 1035/1147/588
f 906/1144/589 2187/1143/867 1035/1147/588 163/1148/581
f 1/1149/869 745/1150/870 2188/1151/870 746/1152/871
f 2907/1153/872 3788/1154/872 2188/1151/870 745/1150/870
f 2908/1155/873 746/1152/871 2188/1151/870 3788/1154/872
f 2908/1155/873 855/1156/874 2189/1157/874 746/1152/871
f 2/1158/874 702/1159/874 2189/1157/874 855/1156/874
f 1/1149/869 746/1152/871 2189/1157/874 702/1159/874
f 160/1160/875 1020/1161/876 2190/1162/876 972/1163/877
f 2894/1164/878 3847/1165/878 2190/1162/876 1020/1161/876
f 2910/1166/381 972/1163/877 2190/1162/876 3847/1165/878
f 2910/1166/381 695/1167/380 2191/1168/879 972/1163/877
f 161/1169/379 1034/1170/879 2191/1168/879 695/1167/380
f 160/1160/875 972/1163/877 2191/1168/879 1034/1170/879
f 117/846/684 729/1171/683 2192/1172/880 728/1173/715
f 729/1171/683 121/469/386 950/911/728 2192/1172/880
f 2192/1172/880 950/911/728 119/913/722 949/1174/720
f 728/1173/715 2192/1172/880 949/1174/720 120/1175/716
f 167/1176/881 737/1177/882 2193/1178/882 919/1179/883
f 165/1180/324 747/1181/323 2193/1178/882 737/1177/882
f 2912/1182/322 919/1179/883 2193/1178/882 747/1181/323
f 2912/1182/322 3676/1183/884 2194/1184/885 919/1179/883
f 2891/1185/884 908/1186/885 2194/1184/885 3676/1183/884
f 167/1176/881 919/1179/883 2194/1184/885 908/1186/885
f 177/1187/886 971/1188/887 2195/1189/888 914/1190/889
f 971/1188/887 179/1191/890 752/1192/891 2195/1189/888
f 2195/1189/888 752/1192/891 70/1193/891 719/1194/888
f 914/1190/889 2195/1189/888 719/1194/888 71/1195/889
f 168/1196/892 862/1197/893 2196/1198/894 863/1199/895
f 169/1200/896 968/1201/894 2196/1198/894 862/1197/893
f 170/1202/454 863/1199/895 2196/1198/894 968/1201/894
f 169/1200/896 969/1203/897 2197/1204/894 970/1205/894
f 171/1206/898 856/1207/899 2197/1204/894 969/1203/897
f 172/1208/900 970/1205/894 2197/1204/894 856/1207/899
f 75/1209/901 939/1210/902 2198/1211/903 911/1212/901
f 939/1210/902 76/1213/904 696/1214/904 2198/1211/903
f 2198/1211/903 696/1214/904 169/1215/896 862/1216/893
f 911/1212/901 2198/1211/903 862/1216/893 168/1217/892
f 179/1191/890 701/1218/905 2199/1219/906 752/1192/891
f 701/1218/905 178/1220/907 940/1221/908 2199/1219/906
f 2199/1219/906 940/1221/908 69/1222/908 885/1223/909
f 752/1192/891 2199/1219/906 885/1223/909 70/1193/891
f 175/1224/910 1022/1225/911 2200/1226/894 751/1227/894
f 173/1228/458 749/1229/455 2200/1226/894 1022/1225/911
f 170/1202/454 751/1227/894 2200/1226/894 749/1229/455
f 172/1208/900 912/1230/912 2201/1231/894 913/1232/894
f 174/1233/913 698/1234/914 2201/1231/894 912/1230/912
f 176/1235/915 913/1232/894 2201/1231/894 698/1234/914
f 77/1236/916 844/1237/917 2202/1238/917 864/1239/916
f 844/1237/917 67/1240/918 757/1241/918 2202/1238/917
f 2202/1238/917 757/1241/918 172/1242/900 856/1243/899
f 864/1239/916 2202/1238/917 856/1243/899 171/1244/898
f 76/1213/904 666/1245/919 2203/1246/919 696/1214/904
f 666/1245/919 77/1236/916 864/1239/916 2203/1246/919
f 2203/1246/919 864/1239/916 171/1244/898 969/1247/897
f 696/1214/904 2203/1246/919 969/1247/897 169/1215/896
f 179/1248/890 971/1249/887 2204/1250/894 804/1251/894
f 177/1252/886 803/1253/920 2204/1250/894 971/1249/887
f 175/1224/910 804/1251/894 2204/1250/894 803/1253/920
f 176/1235/915 866/1254/921 2205/1255/894 941/1256/894
f 178/1257/907 701/1258/905 2205/1255/894 866/1254/921
f 179/1248/890 941/1256/894 2205/1255/894 701/1258/905
f 172/1208/900 913/1232/894 2206/1259/894 915/1260/894
f 176/1235/915 941/1256/894 2206/1259/894 913/1232/894
f 179/1248/890 915/1260/894 2206/1259/894 941/1256/894
f 179/1248/890 804/1251/894 2207/1261/894 756/1262/894
f 175/1224/910 751/1227/894 2207/1261/894 804/1251/894
f 170/1202/454 756/1262/894 2207/1261/894 751/1227/894
f 68/1263/922 664/1264/923 2208/1265/923 649/1266/922
f 664/1264/923 69/1222/908 940/1221/908 2208/1265/923
f 2208/1265/923 940/1221/908 178/1220/907 866/1267/921
f 649/1266/922 2208/1265/923 866/1267/921 176/1268/915
f 175/1269/910 803/1270/920 2209/1271/924 697/1272/925
f 803/1270/920 177/1187/886 914/1190/889 2209/1271/924
f 2209/1271/924 914/1190/889 71/1195/889 938/1273/924
f 697/1272/925 2209/1271/924 938/1273/924 72/1274/925
f 67/1240/918 717/1275/926 2210/1276/927 757/1241/918
f 717/1275/926 66/1277/928 750/1278/928 2210/1276/927
f 2210/1276/927 750/1278/928 174/1279/913 912/1280/912
f 757/1241/918 2210/1276/927 912/1280/912 172/1242/900
f 66/1277/928 718/1281/929 2211/1282/929 750/1278/928
f 718/1281/929 68/1263/922 649/1266/922 2211/1282/929
f 2211/1282/929 649/1266/922 176/1268/915 698/1283/914
f 750/1278/928 2211/1282/929 698/1283/914 174/1279/913
f 128/543/449 1031/961/761 2212/1284/930 952/1285/450
f 1031/961/761 131/743/609 681/746/612 2212/1284/930
f 2212/1284/930 681/746/612 129/751/616 953/1286/751
f 952/1285/450 2212/1284/930 953/1286/751 127/545/451
f 168/1217/892 863/1287/895 2213/1288/931 911/1289/901
f 863/1287/895 170/548/454 748/551/457 2213/1288/931
f 2213/1288/931 748/551/457 74/556/457 720/1290/931
f 911/1289/901 2213/1288/931 720/1290/931 75/1209/901
f 172/1242/900 915/1291/894 2214/1292/894 970/1293/894
f 915/1291/894 179/1191/890 756/1294/894 2214/1292/894
f 2214/1292/894 756/1294/894 170/548/454 968/1295/894
f 970/1293/894 2214/1292/894 968/1295/894 169/1215/896
f 173/552/458 1022/1296/911 2215/1297/932 865/553/459
f 1022/1296/911 175/1269/910 697/1272/925 2215/1297/932
f 2215/1297/932 697/1272/925 72/1274/925 665/1298/932
f 865/553/459 2215/1297/932 665/1298/932 73/554/459
f 2873/1299/709 3667/1300/933 2216/1301/934 691/1302/710
f 3667/1300/933 2874/798/644 796/1303/641 2216/1301/934
f 2216/1301/934 796/1303/641 98/1304/640 673/1305/705
f 691/1302/710 2216/1301/934 673/1305/705 97/1306/704
f 182/482/396 1023/481/395 2217/1307/935 754/1308/936
f 1023/481/395 85/480/180 846/1309/191 2217/1307/935
f 2217/1307/935 846/1309/191 83/1310/195 857/1311/937
f 754/1308/936 2217/1307/935 857/1311/937 180/1312/938
f 181/1313/939 858/1314/940 2218/1315/941 744/1316/942
f 858/1314/940 183/1317/943 916/1318/944 2218/1315/941
f 2218/1315/941 916/1318/944 182/482/945 754/1319/946
f 744/1316/942 2218/1315/941 754/1319/946 180/1312/947
f 79/1320/426 806/1321/948 2219/1322/949 790/1323/427
f 806/1321/948 185/1324/950 1024/1325/951 2219/1322/949
f 2219/1322/949 1024/1325/951 183/1317/952 867/1326/953
f 790/1323/427 2219/1322/949 867/1326/953 80/1327/276
f 82/1328/171 753/1329/954 2220/1330/955 721/1331/166
f 753/1329/954 181/1313/939 744/1332/942 2220/1330/955
f 2220/1330/955 744/1332/942 180/1312/956 857/1333/957
f 721/1331/166 2220/1330/955 857/1333/957 83/1310/163
f 80/1327/276 867/1326/953 2221/1334/958 887/1335/277
f 867/1326/953 183/1317/952 858/1314/959 2221/1334/958
f 2221/1334/958 858/1314/959 181/1313/960 753/1329/961
f 887/1335/277 2221/1334/958 753/1329/961 82/1328/280
f 155/1004/567 905/1336/582 2222/1337/962 902/1005/795
f 905/1336/582 163/1148/581 825/1338/586 2222/1337/962
f 2222/1337/962 825/1338/586 134/747/530 843/1339/560
f 902/1005/795 2222/1337/962 843/1339/560 147/926/559
f 185/1324/963 699/1340/964 2223/1341/965 1024/1325/966
f 699/1340/964 184/474/967 917/1342/968 2223/1341/965
f 2223/1341/965 917/1342/968 182/482/945 916/1318/944
f 1024/1325/966 2223/1341/965 916/1318/944 183/1317/943
f 185/1324/969 806/1343/970 2224/1344/971 699/1345/972
f 806/1343/970 79/1320/185 791/1346/182 2224/1344/971
f 2224/1344/971 791/1346/182 87/478/181 805/475/973
f 699/1345/972 2224/1344/971 805/475/973 184/474/974
f 150/309/154 770/1347/157 2225/1348/975 853/1349/263
f 770/1347/157 146/1069/162 799/1068/827 2225/1348/975
f 2225/1348/975 799/1068/827 2897/1067/826 3673/1350/976
f 853/1349/263 2225/1348/975 3673/1350/976 2898/301/260
f 137/980/537 685/1351/539 2226/1352/977 732/981/776
f 685/1351/539 140/987/538 898/990/784 2226/1352/977
f 2226/1352/977 898/990/784 139/839/678 733/836/675
f 732/981/776 2226/1352/977 733/836/675 133/835/674
f 187/1353/978 1058/1354/978 2227/1355/979 1132/1356/979
f 1058/1354/978 186/1357/980 1130/1357/979 2227/1355/979
f 2227/1355/979 1130/1357/979 198/1357/978 1071/1354/979
f 1132/1356/979 2227/1355/979 1071/1354/979 202/1353/979
f 189/1358/981 1060/1359/982 2228/1360/983 1134/1358/983
f 1060/1359/982 188/1361/982 1133/1361/984 2228/1360/983
f 2228/1360/983 1133/1361/984 205/1361/984 1083/1359/983
f 1134/1358/983 2228/1360/983 1083/1359/983 208/1358/983
f 196/1362/985 1067/1363/986 2229/1364/987 1141/1365/987
f 1067/1363/986 195/1366/988 1140/1366/989 2229/1364/987
f 2229/1364/987 1140/1366/989 226/1366/990 1118/1363/989
f 1141/1365/987 2229/1364/987 1118/1363/989 229/1362/987
f 193/1367/991 1064/1368/991 2230/1369/992 1138/1370/992
f 1064/1368/991 192/1371/991 1137/1371/992 2230/1369/992
f 2230/1369/992 1137/1371/992 217/1371/993 1103/1368/992
f 1138/1370/992 2230/1369/992 1103/1368/992 220/1367/992
f 190/1372/994 1061/1373/995 2231/1374/996 1135/1375/996
f 1061/1373/995 189/1358/997 1134/1358/998 2231/1374/996
f 2231/1374/996 1134/1358/998 208/1358/999 1088/1373/997
f 1135/1375/996 2231/1374/996 1088/1373/997 211/1372/997
f 197/1376/1000 1068/1377/1000 2232/1378/1000 1131/1379/1001
f 1068/1377/1000 196/1362/1000 1141/1365/1000 2232/1378/1000
f 2232/1378/1000 1141/1365/1000 229/1362/1000 1123/1377/1001
f 1131/1379/1001 2232/1378/1000 1123/1377/1001 232/1376/1001
f 194/1380/1002 1065/1381/1002 2233/1382/1003 1139/1383/1002
f 1065/1381/1002 193/1367/1004 1138/1370/1004 2233/1382/1003
f 2233/1382/1003 1138/1370/1004 220/1367/1002 1108/1381/1003
f 1139/1383/1002 2233/1382/1003 1108/1381/1003 223/1380/1005
f 191/1384/1006 1062/1385/1007 2234/1386/1007 1136/1387/1006
f 1062/1385/1007 190/1372/1007 1135/1375/1007 2234/1386/1007
f 2234/1386/1007 1135/1375/1007 211/1372/1007 1093/1385/1007
f 1136/1387/1006 2234/1386/1007 1093/1385/1007 214/1384/1006
f 188/1361/1008 1059/1388/1009 2235/1389/1010 1133/1361/1010
f 1059/1388/1009 187/1353/1011 1132/1356/1011 2235/1389/1010
f 2235/1389/1010 1132/1356/1011 202/1353/1012 1078/1388/1012
f 1133/1361/1010 2235/1389/1010 1078/1388/1012 205/1361/1012
f 195/1366/1013 1066/1390/1014 2236/1391/1014 1140/1366/1015
f 1066/1390/1014 194/1380/1016 1139/1383/1014 2236/1391/1014
f 2236/1391/1014 1139/1383/1014 223/1380/1017 1113/1390/1015
f 1140/1366/1015 2236/1391/1014 1113/1390/1015 226/1366/1014
f 192/1371/1018 1063/1392/1018 2237/1393/1018 1137/1371/1018
f 1063/1392/1018 191/1384/1018 1136/1387/1018 2237/1393/1018
f 2237/1393/1018 1136/1387/1018 214/1384/1018 1098/1392/1018
f 1137/1371/1018 2237/1393/1018 1098/1392/1018 217/1371/1018
f 186/1357/1019 1069/1394/1019 2238/1394/1019 1130/1357/1019
f 1069/1394/1019 197/1376/1020 1131/1379/1020 2238/1394/1019
f 2238/1394/1019 1131/1379/1020 232/1376/1019 1127/1394/1019
f 1130/1357/1019 2238/1394/1019 1127/1394/1019 198/1357/1019
f 202/1353/1021 1070/1395/1022 2239/1396/1023 1071/1354/1023
f 1070/1395/1022 203/1397/1024 1073/1398/1025 2239/1396/1023
f 2239/1396/1023 1073/1398/1025 200/1399/1026 1072/1400/1027
f 1071/1354/1023 2239/1396/1023 1072/1400/1027 198/1357/1027
f 203/1397/1024 1074/1401/1028 2240/1402/1029 1073/1398/1025
f 1074/1401/1028 201/1403/1030 1076/1404/1031 2240/1402/1029
f 2240/1402/1029 1076/1404/1031 199/1405/1032 1075/1406/1033
f 1073/1398/1025 2240/1402/1029 1075/1406/1033 200/1399/1026
f 205/1361/1034 1077/1407/1034 2241/1408/1035 1078/1388/1035
f 1077/1407/1034 206/1409/1036 1079/1410/1037 2241/1408/1035
f 2241/1408/1035 1079/1410/1037 203/1397/1024 1070/1395/1022
f 1078/1388/1035 2241/1408/1035 1070/1395/1022 202/1353/1021
f 206/1409/1036 1080/1411/1038 2242/1412/1039 1079/1410/1037
f 1080/1411/1038 204/1413/1040 1081/1414/1041 2242/1412/1039
f 2242/1412/1039 1081/1414/1041 201/1403/1030 1074/1401/1028
f 1079/1410/1037 2242/1412/1039 1074/1401/1028 203/1397/1024
f 208/1358/1042 1082/1415/1042 2243/1416/1043 1083/1359/1044
f 1082/1415/1042 209/1417/1045 1084/1418/1046 2243/1416/1043
f 2243/1416/1043 1084/1418/1046 206/1409/1036 1077/1407/1034
f 1083/1359/1044 2243/1416/1043 1077/1407/1034 205/1361/1034
f 209/1417/1045 1085/1419/1047 2244/1420/1048 1084/1418/1046
f 1085/1419/1047 207/1421/1049 1086/1422/1050 2244/1420/1048
f 2244/1420/1048 1086/1422/1050 204/1413/1040 1080/1411/1038
f 1084/1418/1046 2244/1420/1048 1080/1411/1038 206/1409/1036
f 211/1372/1051 1087/1423/1051 2245/1424/1052 1088/1373/1052
f 1087/1423/1051 212/1425/1053 1089/1426/1054 2245/1424/1052
f 2245/1424/1052 1089/1426/1054 209/1417/1045 1082/1415/1042
f 1088/1373/1052 2245/1424/1052 1082/1415/1042 208/1358/1042
f 212/1425/1053 1090/1427/1055 2246/1428/1056 1089/1426/1054
f 1090/1427/1055 210/1429/1057 1091/1430/1058 2246/1428/1056
f 2246/1428/1056 1091/1430/1058 207/1421/1049 1085/1419/1047
f 1089/1426/1054 2246/1428/1056 1085/1419/1047 209/1417/1045
f 214/1384/1059 1092/1431/1059 2247/1432/1060 1093/1385/1061
f 1092/1431/1059 215/1433/1062 1094/1434/1063 2247/1432/1060
f 2247/1432/1060 1094/1434/1063 212/1425/1053 1087/1423/1051
f 1093/1385/1061 2247/1432/1060 1087/1423/1051 211/1372/1051
f 215/1433/1062 1095/1435/1064 2248/1436/1065 1094/1434/1063
f 1095/1435/1064 213/1437/1066 1096/1438/1067 2248/1436/1065
f 2248/1436/1065 1096/1438/1067 210/1429/1057 1090/1427/1055
f 1094/1434/1063 2248/1436/1065 1090/1427/1055 212/1425/1053
f 217/1371/1068 1097/1439/1068 2249/1440/1069 1098/1392/1069
f 1097/1439/1068 218/1441/1070 1099/1442/1071 2249/1440/1069
f 2249/1440/1069 1099/1442/1071 215/1433/1062 1092/1431/1059
f 1098/1392/1069 2249/1440/1069 1092/1431/1059 214/1384/1059
f 218/1441/1070 1100/1443/1072 2250/1444/1073 1099/1442/1071
f 1100/1443/1072 216/1445/1074 1101/1446/1075 2250/1444/1073
f 2250/1444/1073 1101/1446/1075 213/1437/1066 1095/1435/1064
f 1099/1442/1071 2250/1444/1073 1095/1435/1064 215/1433/1062
f 220/1367/1076 1102/1447/1076 2251/1448/1077 1103/1368/1077
f 1102/1447/1076 221/1449/1078 1104/1450/1079 2251/1448/1077
f 2251/1448/1077 1104/1450/1079 218/1441/1070 1097/1439/1068
f 1103/1368/1077 2251/1448/1077 1097/1439/1068 217/1371/1068
f 221/1449/1078 1105/1451/1080 2252/1452/1081 1104/1450/1079
f 1105/1451/1080 219/1453/1082 1106/1454/1083 2252/1452/1081
f 2252/1452/1081 1106/1454/1083 216/1445/1074 1100/1443/1072
f 1104/1450/1079 2252/1452/1081 1100/1443/1072 218/1441/1070
f 223/1380/1084 1107/1455/1084 2253/1456/1085 1108/1381/1085
f 1107/1455/1084 224/1457/1086 1109/1458/1087 2253/1456/1085
f 2253/1456/1085 1109/1458/1087 221/1449/1078 1102/1447/1076
f 1108/1381/1085 2253/1456/1085 1102/1447/1076 220/1367/1076
f 224/1457/1086 1110/1459/1088 2254/1460/1089 1109/1458/1087
f 1110/1459/1088 222/1461/1090 1111/1462/1091 2254/1460/1089
f 2254/1460/1089 1111/1462/1091 219/1453/1082 1105/1451/1080
f 1109/1458/1087 2254/1460/1089 1105/1451/1080 221/1449/1078
f 226/1366/1092 1112/1463/1092 2255/1464/1093 1113/1390/1093
f 1112/1463/1092 227/1465/1094 1114/1466/1095 2255/1464/1093
f 2255/1464/1093 1114/1466/1095 224/1457/1086 1107/1455/1084
f 1113/1390/1093 2255/1464/1093 1107/1455/1084 223/1380/1084
f 227/1465/1094 1115/1467/1096 2256/1468/1097 1114/1466/1095
f 1115/1467/1096 225/1469/1098 1116/1470/1099 2256/1468/1097
f 2256/1468/1097 1116/1470/1099 222/1461/1090 1110/1459/1088
f 1114/1466/1095 2256/1468/1097 1110/1459/1088 224/1457/1086
f 229/1362/1100 1117/1471/1101 2257/1472/1102 1118/1363/1102
f 1117/1471/1101 230/1473/1103 1119/1474/1104 2257/1472/1102
f 2257/1472/1102 1119/1474/1104 227/1465/1094 1112/1463/1092
f 1118/1363/1102 2257/1472/1102 1112/1463/1092 226/1366/1092
f 230/1473/1103 1120/1475/1105 2258/1476/1106 1119/1474/1104
f 1120/1475/1105 228/1477/1107 1121/1478/1108 2258/1476/1106
f 2258/1476/1106 1121/1478/1108 225/1469/1098 1115/1467/1096
f 1119/1474/1104 2258/1476/1106 1115/1467/1096 227/1465/1094
f 232/1376/1109 1122/1479/1109 2259/1480/1110 1123/1377/1111
f 1122/1479/1109 233/1481/1112 1124/1482/1113 2259/1480/1110
f 2259/1480/1110 1124/1482/1113 230/1473/1103 1117/1471/1101
f 1123/1377/1111 2259/1480/1110 1117/1471/1101 229/1362/1100
f 233/1481/1112 1125/1483/1114 2260/1484/1115 1124/1482/1113
f 1125/1483/1114 231/1485/1116 1126/1486/1117 2260/1484/1115
f 2260/1484/1115 1126/1486/1117 228/1477/1107 1120/1475/1105
f 1124/1482/1113 2260/1484/1115 1120/1475/1105 230/1473/1103
f 198/1357/1027 1072/1400/1027 2261/1487/1118 1127/1394/1118
f 1072/1400/1027 200/1399/1026 1128/1488/1119 2261/1487/1118
f 2261/1487/1118 1128/1488/1119 233/1481/1112 1122/1479/1109
f 1127/1394/1118 2261/1487/1118 1122/1479/1109 232/1376/1109
f 200/1399/1026 1075/1406/1033 2262/1489/1120 1128/1488/1119
f 1075/1406/1033 199/1405/1032 1129/1490/1121 2262/1489/1120
f 2262/1489/1120 1129/1490/1121 231/1485/1116 1125/1483/1114
f 1128/1488/1119 2262/1489/1120 1125/1483/1114 233/1481/1112
f 201/1491/1030 1081/1492/1041 2263/1493/1122 1076/1494/1031
f 204/1495/1040 1086/1496/1050 2263/1493/1122 1081/1492/1041
f 207/1497/1049 1091/1498/1058 2263/1493/1122 1086/1496/1050
f 210/1499/1057 1096/1500/1067 2263/1493/1122 1091/1498/1058
f 213/1501/1066 1101/1502/1075 2263/1493/1122 1096/1500/1067
f 216/1503/1074 1106/1504/1083 2263/1493/1122 1101/1502/1075
f 219/1505/1082 1111/1506/1091 2263/1493/1122 1106/1504/1083
f 222/1507/1090 1116/1508/1099 2263/1493/1122 1111/1506/1091
f 225/1509/1098 1121/1510/1108 2263/1493/1122 1116/1508/1099
f 228/1511/1107 1126/1512/1117 2263/1493/1122 1121/1510/1108
f 231/1513/1116 1129/1514/1121 2263/1493/1122 1126/1512/1117
f 199/1515/1032 1076/1494/1031 2263/1493/1122 1129/1514/1121
f 239/1516/1123 1159/1517/1124 2264/1518/1125 1345/1519/1126
f 1159/1517/1124 251/1520/1127 1346/1521/1128 2264/1518/1125
f 2264/1518/1125 1346/1521/1128 327/1522/1129 1306/1523/1130
f 1345/1519/1126 2264/1518/1125 1306/1523/1130 278/1524/1131
f 253/1525/1132 1149/1526/1133 2265/1527/1134 1350/1528/1135
f 1149/1526/1133 242/1529/1136 1351/1530/1137 2265/1527/1134
f 2265/1527/1134 1351/1530/1137 290/1531/1138 1237/1532/1139
f 1350/1528/1135 2265/1527/1134 1237/1532/1139 335/1533/1140
f 257/1534/1141 1153/1535/1142 2266/1536/1143 1336/1537/1144
f 1153/1535/1142 234/1538/1145 1334/1539/1146 2266/1536/1143
f 2266/1536/1143 1334/1539/1146 258/1540/1147 1277/1541/1148
f 1336/1537/1144 2266/1536/1143 1277/1541/1148 351/1542/1149
f 240/1543/1150 1160/1544/1151 2267/1545/1152 1347/1546/1153
f 1160/1544/1151 252/1547/1154 1348/1548/1155 2267/1545/1152
f 2267/1545/1152 1348/1548/1155 331/1549/1156 1310/1550/1157
f 1347/1546/1153 2267/1545/1152 1310/1550/1157 282/1551/1158
f 254/1552/1159 1150/1553/1160 2268/1554/1161 1352/1555/1162
f 1150/1553/1160 243/1556/1163 1353/1557/1164 2268/1554/1161
f 2268/1554/1161 1353/1557/1164 294/1558/1165 1247/1559/1166
f 1352/1555/1162 2268/1554/1161 1247/1559/1166 339/1560/1167
f 247/1561/1168 1143/1562/1169 2269/1563/1170 1338/1564/1171
f 1143/1562/1169 236/1565/1172 1339/1566/1173 2269/1563/1170
f 2269/1563/1170 1339/1566/1173 266/1567/1174 1177/1568/1175
f 1338/1564/1171 2269/1563/1170 1177/1568/1175 311/1569/1176
f 241/1570/1177 1161/1571/1178 2270/1572/1179 1349/1573/1180
f 1161/1571/1178 253/1525/1132 1350/1528/1135 2270/1572/1179
f 2270/1572/1179 1350/1528/1135 335/1533/1140 1314/1574/1181
f 1349/1573/1180 2270/1572/1179 1314/1574/1181 286/1575/1182
f 255/1576/1183 1151/1577/1184 2271/1578/1185 1354/1579/1186
f 1151/1577/1184 244/1580/1187 1355/1581/1188 2271/1578/1185
f 2271/1578/1185 1355/1581/1188 298/1582/1189 1257/1583/1190
f 1354/1579/1186 2271/1578/1185 1257/1583/1190 343/1584/1191
f 248/1585/1192 1144/1586/1193 2272/1587/1194 1340/1588/1195
f 1144/1586/1193 237/1589/1196 1341/1590/1197 2272/1587/1194
f 2272/1587/1194 1341/1590/1197 270/1591/1198 1187/1592/1199
f 1340/1588/1195 2272/1587/1194 1187/1592/1199 315/1593/1200
f 242/1529/1136 1162/1594/1201 2273/1595/1202 1351/1530/1137
f 1162/1594/1201 254/1552/1159 1352/1555/1162 2273/1595/1202
f 2273/1595/1202 1352/1555/1162 339/1560/1167 1318/1596/1203
f 1351/1530/1137 2273/1595/1202 1318/1596/1203 290/1531/1138
f 256/1597/1204 1152/1598/1205 2274/1599/1206 1356/1600/1207
f 1152/1598/1205 245/1601/1208 1357/1602/1209 2274/1599/1206
f 2274/1599/1206 1357/1602/1209 302/1603/1210 1267/1604/1211
f 1356/1600/1207 2274/1599/1206 1267/1604/1211 347/1605/1212
f 235/1606/1213 1155/1607/1214 2275/1608/1215 1337/1609/1216
f 1155/1607/1214 247/1561/1168 1338/1564/1171 2275/1608/1215
f 2275/1608/1215 1338/1564/1171 311/1569/1176 1290/1610/1217
f 1337/1609/1216 2275/1608/1215 1290/1610/1217 262/1611/1218
f 249/1612/1219 1145/1613/1220 2276/1614/1221 1342/1615/1222
f 1145/1613/1220 238/1616/1223 1343/1617/1224 2276/1614/1221
f 2276/1614/1221 1343/1617/1224 274/1618/1225 1197/1619/1226
f 1342/1615/1222 2276/1614/1221 1197/1619/1226 319/1620/1227
f 243/1556/1163 1163/1621/1228 2277/1622/1229 1353/1557/1164
f 1163/1621/1228 255/1576/1183 1354/1579/1186 2277/1622/1229
f 2277/1622/1229 1354/1579/1186 343/1584/1191 1322/1623/1230
f 1353/1557/1164 2277/1622/1229 1322/1623/1230 294/1558/1165
f 236/1565/1172 1156/1624/1231 2278/1625/1232 1339/1566/1173
f 1156/1624/1231 248/1585/1192 1340/1588/1195 2278/1625/1232
f 2278/1625/1232 1340/1588/1195 315/1593/1200 1294/1626/1233
f 1339/1566/1173 2278/1625/1232 1294/1626/1233 266/1567/1174
f 250/1627/1234 1146/1628/1235 2279/1629/1236 1344/1630/1237
f 1146/1628/1235 239/1516/1123 1345/1519/1126 2279/1629/1236
f 2279/1629/1236 1345/1519/1126 278/1524/1131 1207/1631/1238
f 1344/1630/1237 2279/1629/1236 1207/1631/1238 323/1632/1239
f 244/1580/1187 1164/1633/1240 2280/1634/1241 1355/1581/1188
f 1164/1633/1240 256/1597/1204 1356/1600/1207 2280/1634/1241
f 2280/1634/1241 1356/1600/1207 347/1605/1212 1326/1635/1242
f 1355/1581/1188 2280/1634/1241 1326/1635/1242 298/1582/1189
f 237/1589/1196 1157/1636/1243 2281/1637/1244 1341/1590/1197
f 1157/1636/1243 249/1612/1219 1342/1615/1222 2281/1637/1244
f 2281/1637/1244 1342/1615/1222 319/1620/1227 1298/1638/1245
f 1341/1590/1197 2281/1637/1244 1298/1638/1245 270/1591/1198
f 251/1520/1127 1147/1639/1246 2282/1640/1247 1346/1521/1128
f 1147/1639/1246 240/1543/1150 1347/1546/1153 2282/1640/1247
f 2282/1640/1247 1347/1546/1153 282/1551/1158 1217/1641/1248
f 1346/1521/1128 2282/1640/1247 1217/1641/1248 327/1522/1129
f 245/1601/1208 1165/1642/1249 2283/1643/1250 1357/1602/1209
f 1165/1642/1249 257/1534/1141 1336/1537/1144 2283/1643/1250
f 2283/1643/1250 1336/1537/1144 351/1542/1149 1330/1644/1251
f 1357/1602/1209 2283/1643/1250 1330/1644/1251 302/1603/1210
f 238/1616/1223 1158/1645/1252 2284/1646/1253 1343/1617/1224
f 1158/1645/1252 250/1627/1234 1344/1630/1237 2284/1646/1253
f 2284/1646/1253 1344/1630/1237 323/1632/1239 1302/1647/1254
f 1343/1617/1224 2284/1646/1253 1302/1647/1254 274/1618/1225
f 252/1547/1154 1148/1648/1255 2285/1649/1256 1348/1548/1155
f 1148/1648/1255 241/1570/1177 1349/1573/1180 2285/1649/1256
f 2285/1649/1256 1349/1573/1180 286/1575/1182 1227/1650/1257
f 1348/1548/1155 2285/1649/1256 1227/1650/1257 331/1549/1156
f 246/1651/1258 1142/1652/1259 2286/1653/1260 1335/1654/1261
f 1142/1652/1259 235/1606/1213 1337/1609/1216 2286/1653/1260
f 2286/1653/1260 1337/1609/1216 262/1611/1218 1167/1655/1262
f 1335/1654/1261 2286/1653/1260 1167/1655/1262 307/1656/1263
f 234/1538/1145 1154/1657/1264 2287/1658/1265 1334/1539/1146
f 1154/1657/1264 246/1651/1258 1335/1654/1261 2287/1658/1265
f 2287/1658/1265 1335/1654/1261 307/1656/1263 1286/1659/1266
f 1334/1539/1146 2287/1658/1265 1286/1659/1266 258/1540/1147
f 307/1656/1263 1167/1655/1262 2288/1660/1267 1166/1661/1268
f 1167/1655/1262 262/1611/1218 1168/1662/1269 2288/1660/1267
f 2288/1660/1267 1168/1662/1269 264/1663/1270 1169/1664/1271
f 1166/1661/1268 2288/1660/1267 1169/1664/1271 309/1665/1272
f 309/1665/1272 1169/1664/1271 2289/1666/1273 1170/1667/1274
f 1169/1664/1271 264/1663/1270 1171/1668/1275 2289/1666/1273
f 2289/1666/1273 1171/1668/1275 265/1669/1276 1172/1670/1277
f 1170/1667/1274 2289/1666/1273 1172/1670/1277 308/1671/1278
f 308/1671/1278 1172/1672/1277 2290/1673/1279 1173/1674/1280
f 1172/1672/1277 265/1669/1276 1174/1675/1281 2290/1673/1279
f 2290/1673/1279 1174/1675/1281 263/1676/1282 1175/1677/1283
f 1173/1674/1280 2290/1673/1279 1175/1677/1283 306/1678/1284
f 311/1569/1176 1177/1568/1175 2291/1679/1285 1176/1680/1286
f 1177/1568/1175 266/1567/1174 1178/1681/1287 2291/1679/1285
f 2291/1679/1285 1178/1681/1287 268/1682/1288 1179/1683/1289
f 1176/1680/1286 2291/1679/1285 1179/1683/1289 313/1684/1290
f 313/1684/1290 1179/1683/1289 2292/1685/1291 1180/1686/1292
f 1179/1683/1289 268/1682/1288 1181/1687/1293 2292/1685/1291
f 2292/1685/1291 1181/1687/1293 269/1688/1294 1182/1689/1295
f 1180/1686/1292 2292/1685/1291 1182/1689/1295 312/1690/1296
f 312/1690/1296 1182/1691/1295 2293/1692/1297 1183/1693/1298
f 1182/1691/1295 269/1688/1294 1184/1694/1299 2293/1692/1297
f 2293/1692/1297 1184/1694/1299 267/1695/1300 1185/1696/1301
f 1183/1693/1298 2293/1692/1297 1185/1696/1301 310/1697/1302
f 315/1593/1200 1187/1592/1199 2294/1698/1303 1186/1699/1304
f 1187/1592/1199 270/1591/1198 1188/1700/1305 2294/1698/1303
f 2294/1698/1303 1188/1700/1305 272/1701/1306 1189/1702/1307
f 1186/1699/1304 2294/1698/1303 1189/1702/1307 317/1703/1308
f 317/1703/1308 1189/1702/1307 2295/1704/1309 1190/1705/1310
f 1189/1702/1307 272/1701/1306 1191/1706/1311 2295/1704/1309
f 2295/1704/1309 1191/1706/1311 273/1707/1312 1192/1708/1313
f 1190/1705/1310 2295/1704/1309 1192/1708/1313 316/1709/1314
f 316/1709/1314 1192/1710/1313 2296/1711/1315 1193/1712/1316
f 1192/1710/1313 273/1707/1312 1194/1713/1317 2296/1711/1315
f 2296/1711/1315 1194/1713/1317 271/1714/1318 1195/1715/1319
f 1193/1712/1316 2296/1711/1315 1195/1715/1319 314/1716/1320
f 319/1620/1227 1197/1619/1226 2297/1717/1321 1196/1718/1322
f 1197/1619/1226 274/1618/1225 1198/1719/1323 2297/1717/1321
f 2297/1717/1321 1198/1719/1323 276/1720/1324 1199/1721/1325
f 1196/1718/1322 2297/1717/1321 1199/1721/1325 321/1722/1326
f 321/1722/1326 1199/1721/1325 2298/1723/1327 1200/1724/1328
f 1199/1721/1325 276/1720/1324 1201/1725/1329 2298/1723/1327
f 2298/1723/1327 1201/1725/1329 277/1726/1330 1202/1727/1331
f 1200/1724/1328 2298/1723/1327 1202/1727/1331 320/1728/1332
f 320/1728/1332 1202/1727/1331 2299/1729/1333 1203/1730/1334
f 1202/1727/1331 277/1726/1330 1204/1731/1335 2299/1729/1333
f 2299/1729/1333 1204/1731/1335 275/1732/1336 1205/1733/1337
f 1203/1730/1334 2299/1729/1333 1205/1733/1337 318/1734/1338
f 323/1632/1239 1207/1631/1238 2300/1735/1339 1206/1736/1340
f 1207/1631/1238 278/1524/1131 1208/1737/1341 2300/1735/1339
f 2300/1735/1339 1208/1737/1341 280/1738/1342 1209/1739/1343
f 1206/1736/1340 2300/1735/1339 1209/1739/1343 325/1740/1344
f 325/1740/1344 1209/1739/1343 2301/1741/1345 1210/1742/1346
f 1209/1739/1343 280/1738/1342 1211/1743/1347 2301/1741/1345
f 2301/1741/1345 1211/1743/1347 281/1744/1348 1212/1745/1349
f 1210/1742/1346 2301/1741/1345 1212/1745/1349 324/1746/1350
f 324/1746/1350 1212/1747/1349 2302/1748/1351 1213/1749/1352
f 1212/1747/1349 281/1744/1348 1214/1750/1353 2302/1748/1351
f 2302/1748/1351 1214/1750/1353 279/1751/1354 1215/1752/1355
f 1213/1749/1352 2302/1748/1351 1215/1752/1355 322/1753/1356
f 327/1522/1129 1217/1641/1248 2303/1754/1357 1216/1755/1358
f 1217/1641/1248 282/1551/1158 1218/1756/1359 2303/1754/1357
f 2303/1754/1357 1218/1756/1359 284/1757/1360 1219/1758/1361
f 1216/1755/1358 2303/1754/1357 1219/1758/1361 329/1759/1362
f 329/1759/1362 1219/1758/1361 2304/1760/1363 1220/1761/1364
f 1219/1758/1361 284/1757/1360 1221/1762/1365 2304/1760/1363
f 2304/1760/1363 1221/1762/1365 285/1763/1366 1222/1764/1367
f 1220/1761/1364 2304/1760/1363 1222/1764/1367 328/1765/1368
f 328/1765/1368 1222/1764/1367 2305/1766/1369 1223/1767/1370
f 1222/1764/1367 285/1763/1366 1224/1768/1371 2305/1766/1369
f 2305/1766/1369 1224/1768/1371 283/1769/1372 1225/1770/1373
f 1223/1767/1370 2305/1766/1369 1225/1770/1373 326/1771/1374
f 331/1549/1156 1227/1650/1257 2306/1772/1375 1226/1773/1376
f 1227/1650/1257 286/1575/1182 1228/1774/1377 2306/1772/1375
f 2306/1772/1375 1228/1774/1377 288/1775/1378 1229/1776/1379
f 1226/1773/1376 2306/1772/1375 1229/1776/1379 333/1777/1380
f 333/1777/1380 1229/1776/1379 2307/1778/1381 1230/1779/1382
f 1229/1776/1379 288/1775/1378 1231/1780/1383 2307/1778/1381
f 2307/1778/1381 1231/1780/1383 289/1781/1384 1232/1782/1385
f 1230/1779/1382 2307/1778/1381 1232/1782/1385 332/1783/1386
f 332/1783/1386 1232/1782/1385 2308/1784/1387 1233/1785/1388
f 1232/1782/1385 289/1781/1384 1234/1786/1389 2308/1784/1387
f 2308/1784/1387 1234/1786/1389 287/1787/1390 1235/1788/1391
f 1233/1785/1388 2308/1784/1387 1235/1788/1391 330/1789/1392
f 335/1533/1140 1237/1532/1139 2309/1790/1393 1236/1791/1394
f 1237/1532/1139 290/1531/1138 1238/1792/1395 2309/1790/1393
f 2309/1790/1393 1238/1792/1395 292/1793/1396 1239/1794/1397
f 1236/1791/1394 2309/1790/1393 1239/1794/1397 337/1795/1398
f 337/1795/1398 1239/1794/1397 2310/1796/1399 1240/1797/1400
f 1239/1794/1397 292/1793/1396 1241/1798/1401 2310/1796/1399
f 2310/1796/1399 1241/1798/1401 293/1799/1402 1242/1800/1403
f 1240/1797/1400 2310/1796/1399 1242/1800/1403 336/1801/1404
f 336/1801/1404 1242/1800/1403 2311/1802/1405 1243/1803/1406
f 1242/1800/1403 293/1799/1402 1244/1804/1407 2311/1802/1405
f 2311/1802/1405 1244/1804/1407 291/1805/1408 1245/1806/1409
f 1243/1803/1406 2311/1802/1405 1245/1806/1409 334/1807/1410
f 339/1560/1167 1247/1559/1166 2312/1808/1411 1246/1809/1412
f 1247/1559/1166 294/1558/1165 1248/1810/1413 2312/1808/1411
f 2312/1808/1411 1248/1810/1413 296/1811/1414 1249/1812/1415
f 1246/1809/1412 2312/1808/1411 1249/1812/1415 341/1813/1416
f 341/1813/1416 1249/1812/1415 2313/1814/1417 1250/1815/1418
f 1249/1812/1415 296/1811/1414 1251/1816/1419 2313/1814/1417
f 2313/1814/1417 1251/1816/1419 297/1817/1420 1252/1818/1421
f 1250/1815/1418 2313/1814/1417 1252/1818/1421 340/1819/1422
f 340/1819/1422 1252/1818/1421 2314/1820/1423 1253/1821/1424
f 1252/1818/1421 297/1817/1420 1254/1822/1425 2314/1820/1423
f 2314/1820/1423 1254/1822/1425 295/1823/1426 1255/1824/1427
f 1253/1821/1424 2314/1820/1423 1255/1824/1427 338/1825/1428
f 343/1584/1191 1257/1583/1190 2315/1826/1429 1256/1827/1430
f 1257/1583/1190 298/1582/1189 1258/1828/1431 2315/1826/1429
f 2315/1826/1429 1258/1828/1431 300/1829/1432 1259/1830/1433
f 1256/1827/1430 2315/1826/1429 1259/1830/1433 345/1831/1434
f 345/1831/1434 1259/1830/1433 2316/1832/1435 1260/1833/1436
f 1259/1830/1433 300/1829/1432 1261/1834/1437 2316/1832/1435
f 2316/1832/1435 1261/1834/1437 301/1835/1438 1262/1836/1439
f 1260/1833/1436 2316/1832/1435 1262/1836/1439 344/1837/1440
f 344/1837/1440 1262/1836/1439 2317/1838/1441 1263/1839/1442
f 1262/1836/1439 301/1835/1438 1264/1840/1443 2317/1838/1441
f 2317/1838/1441 1264/1840/1443 299/1841/1444 1265/1842/1445
f 1263/1839/1442 2317/1838/1441 1265/1842/1445 342/1843/1446
f 347/1605/1212 1267/1604/1211 2318/1844/1447 1266/1845/1448
f 1267/1604/1211 302/1603/1210 1268/1846/1449 2318/1844/1447
f 2318/1844/1447 1268/1846/1449 304/1847/1450 1269/1848/1451
f 1266/1845/1448 2318/1844/1447 1269/1848/1451 349/1849/1452
f 349/1849/1452 1269/1848/1451 2319/1850/1453 1270/1851/1454
f 1269/1848/1451 304/1847/1450 1271/1852/1455 2319/1850/1453
f 2319/1850/1453 1271/1852/1455 305/1853/1456 1272/1854/1457
f 1270/1851/1454 2319/1850/1453 1272/1854/1457 348/1855/1458
f 348/1855/1458 1272/1856/1457 2320/1857/1459 1273/1858/1460
f 1272/1856/1457 305/1853/1456 1274/1859/1461 2320/1857/1459
f 2320/1857/1459 1274/1859/1461 303/1860/1462 1275/1861/1463
f 1273/1858/1460 2320/1857/1459 1275/1861/1463 346/1862/1464
f 351/1542/1149 1277/1541/1148 2321/1863/1465 1276/1864/1466
f 1277/1541/1148 258/1540/1147 1278/1865/1467 2321/1863/1465
f 2321/1863/1465 1278/1865/1467 260/1866/1468 1279/1867/1469
f 1276/1864/1466 2321/1863/1465 1279/1867/1469 353/1868/1470
f 353/1868/1470 1279/1867/1469 2322/1869/1471 1280/1870/1472
f 1279/1867/1469 260/1866/1468 1281/1871/1473 2322/1869/1471
f 2322/1869/1471 1281/1871/1473 261/1872/1474 1282/1873/1475
f 1280/1870/1472 2322/1869/1471 1282/1873/1475 352/1874/1476
f 352/1874/1476 1282/1875/1475 2323/1876/1477 1283/1877/1478
f 1282/1875/1475 261/1872/1474 1284/1878/1479 2323/1876/1477
f 2323/1876/1477 1284/1878/1479 259/1879/1480 1285/1880/1481
f 1283/1877/1478 2323/1876/1477 1285/1880/1481 350/1881/1482
f 258/1540/1147 1286/1659/1266 2324/1882/1483 1278/1865/1467
f 1286/1659/1266 307/1656/1263 1166/1661/1268 2324/1882/1483
f 2324/1882/1483 1166/1661/1268 309/1665/1272 1287/1883/1484
f 1278/1865/1467 2324/1882/1483 1287/1883/1484 260/1866/1468
f 260/1866/1468 1287/1883/1484 2325/1884/1485 1281/1871/1473
f 1287/1883/1484 309/1665/1272 1170/1667/1274 2325/1884/1485
f 2325/1884/1485 1170/1667/1274 308/1671/1278 1288/1885/1486
f 1281/1871/1473 2325/1884/1485 1288/1885/1486 261/1872/1474
f 261/1872/1474 1288/1886/1486 2326/1887/1487 1284/1878/1479
f 1288/1886/1486 308/1671/1278 1173/1674/1280 2326/1887/1487
f 2326/1887/1487 1173/1674/1280 306/1678/1284 1289/1888/1488
f 1284/1878/1479 2326/1887/1487 1289/1888/1488 259/1879/1480
f 262/1611/1218 1290/1610/1217 2327/1889/1489 1168/1662/1269
f 1290/1610/1217 311/1569/1176 1176/1680/1286 2327/1889/1489
f 2327/1889/1489 1176/1680/1286 313/1684/1290 1291/1890/1490
f 1168/1662/1269 2327/1889/1489 1291/1890/1490 264/1663/1270
f 264/1663/1270 1291/1890/1490 2328/1891/1491 1171/1668/1275
f 1291/1890/1490 313/1684/1290 1180/1686/1292 2328/1891/1491
f 2328/1891/1491 1180/1686/1292 312/1690/1296 1292/1892/1492
f 1171/1668/1275 2328/1891/1491 1292/1892/1492 265/1669/1276
f 265/1669/1276 1292/1893/1492 2329/1894/1493 1174/1675/1281
f 1292/1893/1492 312/1690/1296 1183/1693/1298 2329/1894/1493
f 2329/1894/1493 1183/1693/1298 310/1697/1302 1293/1895/1494
f 1174/1675/1281 2329/1894/1493 1293/1895/1494 263/1676/1282
f 266/1567/1174 1294/1626/1233 2330/1896/1495 1178/1681/1287
f 1294/1626/1233 315/1593/1200 1186/1699/1304 2330/1896/1495
f 2330/1896/1495 1186/1699/1304 317/1703/1308 1295/1897/1496
f 1178/1681/1287 2330/1896/1495 1295/1897/1496 268/1682/1288
f 268/1682/1288 1295/1897/1496 2331/1898/1497 1181/1687/1293
f 1295/1897/1496 317/1703/1308 1190/1705/1310 2331/1898/1497
f 2331/1898/1497 1190/1705/1310 316/1709/1314 1296/1899/1498
f 1181/1687/1293 2331/1898/1497 1296/1899/1498 269/1688/1294
f 269/1688/1294 1296/1900/1498 2332/1901/1499 1184/1694/1299
f 1296/1900/1498 316/1709/1314 1193/1712/1316 2332/1901/1499
f 2332/1901/1499 1193/1712/1316 314/1716/1320 1297/1902/1500
f 1184/1694/1299 2332/1901/1499 1297/1902/1500 267/1695/1300
f 270/1591/1198 1298/1638/1245 2333/1903/1501 1188/1700/1305
f 1298/1638/1245 319/1620/1227 1196/1718/1322 2333/1903/1501
f 2333/1903/1501 1196/1718/1322 321/1722/1326 1299/1904/1502
f 1188/1700/1305 2333/1903/1501 1299/1904/1502 272/1701/1306
f 272/1701/1306 1299/1904/1502 2334/1905/1503 1191/1706/1311
f 1299/1904/1502 321/1722/1326 1200/1724/1328 2334/1905/1503
f 2334/1905/1503 1200/1724/1328 320/1728/1332 1300/1906/1504
f 1191/1706/1311 2334/1905/1503 1300/1906/1504 273/1707/1312
f 273/1707/1312 1300/1907/1504 2335/1908/1505 1194/1713/1317
f 1300/1907/1504 320/1728/1332 1203/1730/1334 2335/1908/1505
f 2335/1908/1505 1203/1730/1334 318/1734/1338 1301/1909/1506
f 1194/1713/1317 2335/1908/1505 1301/1909/1506 271/1714/1318
f 274/1618/1225 1302/1647/1254 2336/1910/1507 1198/1719/1323
f 1302/1647/1254 323/1632/1239 1206/1736/1340 2336/1910/1507
f 2336/1910/1507 1206/1736/1340 325/1740/1344 1303/1911/1508
f 1198/1719/1323 2336/1910/1507 1303/1911/1508 276/1720/1324
f 276/1720/1324 1303/1911/1508 2337/1912/1509 1201/1725/1329
f 1303/1911/1508 325/1740/1344 1210/1742/1346 2337/1912/1509
f 2337/1912/1509 1210/1742/1346 324/1746/1350 1304/1913/1510
f 1201/1725/1329 2337/1912/1509 1304/1913/1510 277/1726/1330
f 277/1726/1330 1304/1913/1510 2338/1914/1511 1204/1731/1335
f 1304/1913/1510 324/1746/1350 1213/1749/1352 2338/1914/1511
f 2338/1914/1511 1213/1749/1352 322/1753/1356 1305/1915/1512
f 1204/1731/1335 2338/1914/1511 1305/1915/1512 275/1732/1336
f 278/1524/1131 1306/1523/1130 2339/1916/1513 1208/1737/1341
f 1306/1523/1130 327/1522/1129 1216/1755/1358 2339/1916/1513
f 2339/1916/1513 1216/1755/1358 329/1759/1362 1307/1917/1514
f 1208/1737/1341 2339/1916/1513 1307/1917/1514 280/1738/1342
f 280/1738/1342 1307/1917/1514 2340/1918/1515 1211/1743/1347
f 1307/1917/1514 329/1759/1362 1220/1761/1364 2340/1918/1515
f 2340/1918/1515 1220/1761/1364 328/1765/1368 1308/1919/1516
f 1211/1743/1347 2340/1918/1515 1308/1919/1516 281/1744/1348
f 281/1744/1348 1308/1919/1516 2341/1920/1517 1214/1750/1353
f 1308/1919/1516 328/1765/1368 1223/1767/1370 2341/1920/1517
f 2341/1920/1517 1223/1767/1370 326/1771/1374 1309/1921/1518
f 1214/1750/1353 2341/1920/1517 1309/1921/1518 279/1751/1354
f 282/1551/1158 1310/1550/1157 2342/1922/1519 1218/1756/1359
f 1310/1550/1157 331/1549/1156 1226/1773/1376 2342/1922/1519
f 2342/1922/1519 1226/1773/1376 333/1777/1380 1311/1923/1520
f 1218/1756/1359 2342/1922/1519 1311/1923/1520 284/1757/1360
f 284/1757/1360 1311/1923/1520 2343/1924/1521 1221/1762/1365
f 1311/1923/1520 333/1777/1380 1230/1779/1382 2343/1924/1521
f 2343/1924/1521 1230/1779/1382 332/1783/1386 1312/1925/1522
f 1221/1762/1365 2343/1924/1521 1312/1925/1522 285/1763/1366
f 285/1763/1366 1312/1926/1522 2344/1927/1523 1224/1768/1371
f 1312/1926/1522 332/1783/1386 1233/1785/1388 2344/1927/1523
f 2344/1927/1523 1233/1785/1388 330/1789/1392 1313/1928/1524
f 1224/1768/1371 2344/1927/1523 1313/1928/1524 283/1769/1372
f 286/1575/1182 1314/1574/1181 2345/1929/1525 1228/1774/1377
f 1314/1574/1181 335/1533/1140 1236/1791/1394 2345/1929/1525
f 2345/1929/1525 1236/1791/1394 337/1795/1398 1315/1930/1526
f 1228/1774/1377 2345/1929/1525 1315/1930/1526 288/1775/1378
f 288/1775/1378 1315/1930/1526 2346/1931/1527 1231/1780/1383
f 1315/1930/1526 337/1795/1398 1240/1797/1400 2346/1931/1527
f 2346/1931/1527 1240/1797/1400 336/1801/1404 1316/1932/1528
f 1231/1780/1383 2346/1931/1527 1316/1932/1528 289/1781/1384
f 289/1781/1384 1316/1932/1528 2347/1933/1529 1234/1786/1389
f 1316/1932/1528 336/1801/1404 1243/1803/1406 2347/1933/1529
f 2347/1933/1529 1243/1803/1406 334/1807/1410 1317/1934/1530
f 1234/1786/1389 2347/1933/1529 1317/1934/1530 287/1787/1390
f 290/1531/1138 1318/1596/1203 2348/1935/1531 1238/1792/1395
f 1318/1596/1203 339/1560/1167 1246/1809/1412 2348/1935/1531
f 2348/1935/1531 1246/1809/1412 341/1813/1416 1319/1936/1532
f 1238/1792/1395 2348/1935/1531 1319/1936/1532 292/1793/1396
f 292/1793/1396 1319/1936/1532 2349/1937/1533 1241/1798/1401
f 1319/1936/1532 341/1813/1416 1250/1815/1418 2349/1937/1533
f 2349/1937/1533 1250/1815/1418 340/1819/1422 1320/1938/1534
f 1241/1798/1401 2349/1937/1533 1320/1938/1534 293/1799/1402
f 293/1799/1402 1320/1939/1534 2350/1940/1535 1244/1804/1407
f 1320/1939/1534 340/1819/1422 1253/1821/1424 2350/1940/1535
f 2350/1940/1535 1253/1821/1424 338/1825/1428 1321/1941/1536
f 1244/1804/1407 2350/1940/1535 1321/1941/1536 291/1805/1408
f 294/1558/1165 1322/1623/1230 2351/1942/1537 1248/1810/1413
f 1322/1623/1230 343/1584/1191 1256/1827/1430 2351/1942/1537
f 2351/1942/1537 1256/1827/1430 345/1831/1434 1323/1943/1538
f 1248/1810/1413 2351/1942/1537 1323/1943/1538 296/1811/1414
f 296/1811/1414 1323/1943/1538 2352/1944/1539 1251/1816/1419
f 1323/1943/1538 345/1831/1434 1260/1833/1436 2352/1944/1539
f 2352/1944/1539 1260/1833/1436 344/1837/1440 1324/1945/1540
f 1251/1816/1419 2352/1944/1539 1324/1945/1540 297/1817/1420
f 297/1817/1420 1324/1946/1540 2353/1947/1541 1254/1822/1425
f 1324/1946/1540 344/1837/1440 1263/1839/1442 2353/1947/1541
f 2353/1947/1541 1263/1839/1442 342/1843/1446 1325/1948/1542
f 1254/1822/1425 2353/1947/1541 1325/1948/1542 295/1823/1426
f 298/1582/1189 1326/1635/1242 2354/1949/1543 1258/1828/1431
f 1326/1635/1242 347/1605/1212 1266/1845/1448 2354/1949/1543
f 2354/1949/1543 1266/1845/1448 349/1849/1452 1327/1950/1544
f 1258/1828/1431 2354/1949/1543 1327/1950/1544 300/1829/1432
f 300/1829/1432 1327/1950/1544 2355/1951/1545 1261/1834/1437
f 1327/1950/1544 349/1849/1452 1270/1851/1454 2355/1951/1545
f 2355/1951/1545 1270/1851/1454 348/1855/1458 1328/1952/1546
f 1261/1834/1437 2355/1951/1545 1328/1952/1546 301/1835/1438
f 301/1835/1438 1328/1953/1546 2356/1954/1547 1264/1840/1443
f 1328/1953/1546 348/1855/1458 1273/1858/1460 2356/1954/1547
f 2356/1954/1547 1273/1858/1460 346/1862/1464 1329/1955/1548
f 1264/1840/1443 2356/1954/1547 1329/1955/1548 299/1841/1444
f 302/1603/1210 1330/1644/1251 2357/1956/1549 1268/1846/1449
f 1330/1644/1251 351/1542/1149 1276/1864/1466 2357/1956/1549
f 2357/1956/1549 1276/1864/1466 353/1868/1470 1331/1957/1550
f 1268/1846/1449 2357/1956/1549 1331/1957/1550 304/1847/1450
f 304/1847/1450 1331/1957/1550 2358/1958/1551 1271/1852/1455
f 1331/1957/1550 353/1868/1470 1280/1870/1472 2358/1958/1551
f 2358/1958/1551 1280/1870/1472 352/1874/1476 1332/1959/1552
f 1271/1852/1455 2358/1958/1551 1332/1959/1552 305/1853/1456
f 305/1853/1456 1332/1959/1552 2359/1960/1553 1274/1859/1461
f 1332/1959/1552 352/1874/1476 1283/1877/1478 2359/1960/1553
f 2359/1960/1553 1283/1877/1478 350/1881/1482 1333/1961/1554
f 1274/1859/1461 2359/1960/1553 1333/1961/1554 303/1860/1462
f 306/1962/1284 1175/1963/1283 2360/1964/1555 1289/1965/1488
f 263/1966/1282 1293/1967/1494 2360/1964/1555 1175/1963/1283
f 310/1968/1302 1185/1969/1301 2360/1964/1555 1293/1967/1494
f 267/1970/1300 1297/1971/1500 2360/1964/1555 1185/1969/1301
f 314/1972/1320 1195/1973/1319 2360/1964/1555 1297/1971/1500
f 271/1974/1318 1301/1975/1506 2360/1964/1555 1195/1973/1319
f 318/1976/1338 1205/1977/1337 2360/1964/1555 1301/1975/1506
f 275/1978/1336 1305/1979/1512 2360/1964/1555 1205/1977/1337
f 322/1980/1356 1215/1981/1355 2360/1964/1555 1305/1979/1512
f 279/1982/1354 1309/1983/1518 2360/1964/1555 1215/1981/1355
f 326/1984/1374 1225/1985/1373 2360/1964/1555 1309/1983/1518
f 283/1986/1372 1313/1987/1524 2360/1964/1555 1225/1985/1373
f 330/1988/1392 1235/1989/1391 2360/1964/1555 1313/1987/1524
f 287/1990/1390 1317/1991/1530 2360/1964/1555 1235/1989/1391
f 334/1992/1410 1245/1993/1409 2360/1964/1555 1317/1991/1530
f 291/1994/1408 1321/1995/1536 2360/1964/1555 1245/1993/1409
f 338/1996/1428 1255/1997/1427 2360/1964/1555 1321/1995/1536
f 295/1998/1426 1325/1999/1542 2360/1964/1555 1255/1997/1427
f 342/2000/1446 1265/2001/1445 2360/1964/1555 1325/1999/1542
f 299/2002/1444 1329/2003/1548 2360/1964/1555 1265/2001/1445
f 346/2004/1464 1275/2005/1463 2360/1964/1555 1329/2003/1548
f 303/2006/1462 1333/2007/1554 2360/1964/1555 1275/2005/1463
f 350/2008/1482 1285/2009/1481 2360/1964/1555 1333/2007/1554
f 259/2010/1480 1289/1965/1488 2360/1964/1555 1285/2009/1481
f 91/769/1556 847/772/1556 2361/2011/1556 1359/769/1556
f 847/772/1556 89/776/1556 1358/776/1556 2361/2011/1556
f 2361/2011/1556 1358/776/1556 3099/776/1556 4187/772/1556
f 1359/769/1556 2361/2011/1556 4187/772/1556 3101/769/1556
f 93/669/340 793/2012/337 2362/2013/1557 1360/669/1557
f 793/2012/337 91/769/336 1359/769/1557 2362/2013/1557
f 2362/2013/1557 1359/769/1557 3101/769/1557 4186/2012/1557
f 1360/669/1557 2362/2013/1557 4186/2012/1557 3102/669/1557
f 90/671/1558 669/670/1558 2363/670/1558 1361/2014/1558
f 669/670/1558 93/669/1558 1360/669/1558 2363/670/1558
f 2363/670/1558 1360/669/1558 3102/669/1558 4185/670/1558
f 1361/2014/1558 2363/670/1558 4185/670/1558 3100/671/1558
f 626/2015/1559 1486/2016/1560 2364/2017/1561 1412/2018/1562
f 1486/2016/1560 507/2019/1563 1704/2020/1564 2364/2017/1561
f 2364/2017/1561 1704/2020/1564 526/2021/1565 1487/2022/1566
f 1412/2018/1562 2364/2017/1561 1487/2022/1566 524/2023/1567
f 355/2024/1568 1621/2025/1569 2365/2026/1570 1433/2027/1571
f 1621/2025/1569 356/2028/1572 1544/2029/1573 2365/2026/1570
f 2365/2026/1570 1544/2029/1573 530/2030/1574 1458/2031/1575
f 1433/2027/1571 2365/2026/1570 1458/2031/1575 531/2032/1576
f 485/2033/1577 1675/2034/1578 2366/2035/1579 1719/2033/1580
f 1675/2034/1578 484/2036/1581 1614/2037/1582 2366/2035/1579
f 2366/2035/1579 1614/2037/1582 3307/2038/1583 4631/2039/1584
f 1719/2033/1580 2366/2035/1579 4631/2039/1584 3117/2033/1585
f 358/2040/1586 1625/2041/1587 2367/2042/1588 1465/2043/1589
f 1625/2041/1587 359/2044/1590 1800/2045/1591 2367/2042/1588
f 2367/2042/1588 1800/2045/1591 532/2046/1592 1708/2047/1593
f 1465/2043/1589 2367/2042/1588 1708/2047/1593 357/2048/1594
f 359/2044/1590 1625/2041/1587 2368/2049/1595 1779/2050/1596
f 1625/2041/1587 358/2040/1586 1993/2051/1597 2368/2049/1595
f 2368/2049/1595 1993/2051/1597 530/2030/1574 1544/2029/1573
f 1779/2050/1596 2368/2049/1595 1544/2029/1573 356/2028/1572
f 360/2052/1598 1850/2053/1599 2369/2054/1600 1820/2055/1601
f 1850/2053/1599 534/2056/1602 1470/2057/1603 2369/2054/1600
f 2369/2054/1600 1470/2057/1603 533/2058/1604 1513/2059/1605
f 1820/2055/1601 2369/2054/1600 1513/2059/1605 527/2060/1606
f 3310/2061/1607 1405/2062/1608 2370/2063/1609 4205/2064/1610
f 1405/2062/1608 499/2065/1611 1982/2066/1612 2370/2063/1609
f 2370/2063/1609 1982/2066/1613 364/2067/1614 1375/2068/1615
f 4205/2064/1610 2370/2063/1609 1375/2068/1615 3304/2069/1616
f 536/2070/1617 1939/2071/1618 2371/2072/1619 1744/2073/1620
f 363/2074/1621 1774/2075/1622 2371/2072/1619 1939/2071/1618
f 361/2076/1623 1744/2073/1620 2371/2072/1619 1774/2075/1622
f 362/2077/1624 1503/2078/1625 2372/2079/1626 1504/2080/1627
f 537/2081/1628 1471/2082/1629 2372/2079/1626 1503/2078/1630
f 364/2083/1631 1504/2080/1632 2372/2079/1626 1471/2082/1629
f 364/2083/1631 1878/2084/1633 2609/2085/1634 1504/2080/1632
f 536/2070/1617 1502/2086/1635 2609/2085/1634 1878/2084/1633
f 362/2077/1624 1504/2080/1627 2609/2085/1636 1502/2086/1637
f 365/2087/1638 1418/2088/1639 2373/2089/1640 1834/2090/1641
f 1418/2088/1639 540/2091/1642 1662/2092/1643 2373/2089/1640
f 2373/2089/1640 1662/2092/1643 538/2093/1644 1660/2094/1645
f 1834/2090/1641 2373/2089/1640 1660/2094/1645 539/2095/1646
f 366/2096/1647 1482/2097/1648 2374/2098/1649 1715/2099/1650
f 1482/2097/1648 367/2100/1651 1994/2101/1652 2374/2098/1649
f 2374/2098/1649 1994/2101/1652 539/2095/1646 1660/2094/1645
f 1715/2099/1650 2374/2098/1649 1660/2094/1645 538/2093/1644
f 445/2102/1653 1695/2103/1654 2375/2104/1655 1956/2105/1656
f 1695/2103/1654 442/2106/1657 1844/2107/1658 2375/2104/1655
f 2375/2104/1655 1844/2107/1658 618/2108/1659 1521/2109/1660
f 1956/2105/1656 2375/2104/1655 1521/2109/1660 619/2110/1661
f 415/2111/1662 1743/2112/1663 2376/2113/1664 1747/2114/1665
f 1743/2112/1663 408/2115/1666 1414/2116/1667 2376/2113/1664
f 2376/2113/1664 1414/2116/1667 569/2117/1668 1450/2118/1669
f 1747/2114/1665 2376/2113/1664 1450/2118/1669 572/2119/1670
f 371/2120/1671 1473/2121/1672 2377/2122/1673 1784/2123/1674
f 372/2124/1675 1785/2125/1676 2377/2122/1673 1473/2121/1672
f 370/2126/1677 1784/2123/1674 2377/2122/1673 1785/2125/1676
f 578/2127/1678 1462/2128/1679 2378/2129/1680 1427/2130/1681
f 1462/2128/1679 427/2131/1682 1663/2132/1683 2378/2129/1680
f 2378/2129/1680 1663/2132/1683 437/2133/1684 1698/2134/1685
f 1427/2130/1681 2378/2129/1680 1698/2134/1685 438/2135/1686
f 577/2136/1687 1753/2137/1688 2379/2138/1689 1942/2139/1690
f 1753/2137/1688 578/2127/1691 1584/2140/1692 2379/2138/1689
f 2379/2138/1689 1584/2140/1692 425/2141/1693 1617/2142/1694
f 1942/2139/1690 2379/2138/1689 1617/2142/1694 422/2143/1695
f 547/2144/1696 1395/2145/1697 2380/2146/1698 1799/2147/1699
f 1395/2145/1697 474/2148/1700 1384/2149/1701 2380/2146/1698
f 2380/2146/1698 1384/2149/1701 377/2150/1702 1559/2151/1703
f 1799/2147/1699 2380/2146/1698 1559/2151/1703 550/2152/1704
f 617/2153/1705 1546/2154/1706 2381/2155/1707 1961/2156/1708
f 1546/2154/1706 376/2157/1709 1366/2158/1710 2381/2155/1707
f 2381/2155/1707 1366/2158/1710 551/2159/1711 1991/2160/1712
f 1961/2156/1708 2381/2155/1707 1991/2160/1712 378/2161/1713
f 376/2162/1709 1802/2163/1714 2382/2164/1715 1366/2165/1710
f 375/2166/1716 1992/2167/1717 2382/2164/1715 1802/2163/1714
f 551/2168/1711 1366/2165/1710 2382/2164/1715 1992/2167/1717
f 377/2169/1702 1721/2170/1718 2383/2171/1719 1748/2172/1720
f 552/2173/1721 1581/2174/1722 2383/2171/1719 1721/2170/1718
f 553/2175/1723 1748/2172/1720 2383/2171/1719 1581/2174/1722
f 553/2175/1723 1806/2176/1724 2384/2177/1725 1748/2172/1720
f 550/2178/1704 1559/2179/1703 2384/2177/1725 1806/2176/1724
f 377/2169/1702 1748/2172/1720 2384/2177/1725 1559/2179/1703
f 366/2096/1647 1484/2180/1726 2385/2181/1727 1485/2182/1728
f 1484/2180/1726 462/2183/1729 1701/2184/1730 2385/2181/1727
f 2385/2181/1727 1701/2184/1730 601/2185/1731 1416/2186/1732
f 1485/2182/1728 2385/2181/1727 1416/2186/1732 468/2187/1733
f 369/2188/1734 1550/2189/1735 2386/2190/1736 1929/2191/1737
f 1550/2189/1735 607/2192/1738 1383/2193/1739 2386/2190/1736
f 2386/2190/1736 1383/2193/1739 608/2194/1740 1815/2195/1741
f 1929/2191/1737 2386/2190/1736 1815/2195/1741 542/2196/1742
f 388/2197/1743 1954/2198/1744 2387/2199/1745 1452/2200/1746
f 1954/2198/1744 387/2201/1747 1364/2202/1748 2387/2199/1745
f 2387/2199/1745 1364/2202/1748 534/2056/1602 1850/2053/1599
f 1452/2200/1746 2387/2199/1745 1850/2053/1599 360/2052/1598
f 530/2030/1574 1993/2051/1597 2388/2203/1749 1461/2204/1750
f 1993/2051/1597 358/2040/1586 1399/2205/1751 2388/2203/1749
f 2388/2203/1749 1399/2205/1751 572/2119/1752 1450/2118/1753
f 1461/2204/1750 2388/2203/1749 1450/2118/1753 569/2117/1754
f 386/2206/1755 1685/2207/1756 2389/2208/1757 1955/2209/1758
f 1685/2207/1756 562/2210/1759 1814/2211/1760 2389/2208/1757
f 2389/2208/1757 1814/2211/1760 3296/2212/1761 4673/2213/1762
f 1955/2209/1758 2389/2208/1757 4673/2213/1762 3297/2214/1763
f 558/2215/1764 1893/2216/1765 2390/2217/1766 1606/2218/1767
f 1893/2216/1765 557/2219/1768 1894/2220/1769 2390/2217/1766
f 2390/2217/1766 1894/2220/1769 576/2221/1770 1687/2222/1771
f 1606/2218/1767 2390/2217/1766 1687/2222/1771 446/2223/1772
f 551/2159/1711 1992/2224/1717 2391/2225/1773 1949/2226/1774
f 1992/2224/1717 375/2227/1716 1804/2228/1775 2391/2225/1773
f 2391/2225/1773 1804/2228/1775 429/2229/1776 1589/2230/1777
f 1949/2226/1774 2391/2225/1773 1589/2230/1777 580/2231/1778
f 559/2232/1779 1836/2233/1780 2392/2234/1781 1496/2235/1782
f 1836/2233/1780 3104/2236/1783 4688/2237/1784 2392/2234/1781
f 2392/2234/1781 4688/2237/1784 3103/2238/1785 1829/2239/1786
f 1496/2235/1782 2392/2234/1781 1829/2239/1786 381/2240/1787
f 561/2241/1788 1396/2242/1789 2393/2243/1790 1899/2244/1791
f 1396/2242/1789 560/2245/1792 1742/2246/1793 2393/2243/1790
f 2393/2243/1790 1742/2246/1793 389/2247/1794 1571/2248/1795
f 1899/2244/1791 2393/2243/1790 1571/2248/1795 390/2249/1796
f 517/2250/1797 1491/2251/1798 2394/2252/1799 1446/2253/1800
f 1491/2251/1798 635/2254/1801 1612/2255/1802 2394/2252/1799
f 2394/2252/1799 1612/2255/1802 644/2256/1803 1616/2257/1804
f 1446/2253/1800 2394/2252/1799 1616/2257/1804 643/2258/1805
f 556/2259/1806 1757/2260/1807 2395/2261/1808 1902/2262/1809
f 1757/2260/1807 379/2263/1810 1688/2264/1811 2395/2261/1808
f 2395/2261/1808 1688/2264/1811 3299/2265/1812 4638/2266/1813
f 1902/2262/1809 2395/2261/1808 4638/2266/1813 3106/2267/1814
f 555/2268/1815 1888/2269/1816 2396/2270/1817 1380/2271/1818
f 554/2272/1819 1460/2273/1820 2396/2270/1817 1888/2269/1816
f 391/2274/1821 1380/2271/1818 2396/2270/1817 1460/2273/1820
f 391/2274/1821 1880/2275/1822 2397/2276/1823 1380/2271/1818
f 392/2277/1824 1827/2278/1825 2397/2276/1823 1880/2275/1822
f 555/2268/1815 1380/2271/1818 2397/2276/1823 1827/2278/1825
f 404/2279/1826 1419/2280/1827 2398/2281/1828 1726/2282/1829
f 1419/2280/1827 403/2283/1830 1886/2284/1831 2398/2281/1828
f 2398/2281/1828 1886/2284/1831 395/2285/1832 1885/2286/1833
f 1726/2282/1829 2398/2281/1828 1885/2286/1833 397/2287/1834
f 541/2288/1835 1958/2289/1836 2399/2290/1837 1615/2291/1838
f 1958/2289/1836 542/2196/1742 1730/2292/1839 2399/2290/1837
f 2399/2290/1837 1730/2292/1839 625/2293/1840 1555/2294/1841
f 1615/2291/1838 2399/2290/1837 1555/2294/1841 502/2295/1842
f 572/2119/1843 1520/2296/1844 2400/2297/1845 1450/2118/1846
f 1520/2296/1844 414/2298/1847 1892/2299/1848 2400/2297/1845
f 2400/2297/1845 1892/2299/1848 409/2300/1849 1979/2301/1850
f 1450/2118/1846 2400/2297/1845 1979/2301/1850 569/2117/1851
f 406/2302/1852 1413/2303/1853 2401/2304/1854 1411/2305/1855
f 1413/2303/1853 409/2300/1849 1741/2306/1856 2401/2304/1854
f 2401/2304/1854 1741/2306/1856 408/2115/1857 1580/2307/1858
f 1411/2305/1855 2401/2304/1854 1580/2307/1858 407/2308/1859
f 380/2309/1860 1976/2310/1861 2402/2311/1862 1838/2312/1863
f 1976/2310/1861 544/2313/1864 1937/2314/1865 2402/2311/1862
f 2402/2311/1862 1937/2314/1865 557/2219/1768 1893/2216/1765
f 1838/2312/1863 2402/2311/1862 1893/2216/1765 558/2215/1764
f 484/2036/1581 1675/2315/1578 2403/2316/1866 1974/2317/1867
f 1675/2315/1578 485/2033/1577 1518/2318/1868 2403/2316/1866
f 2403/2316/1866 1518/2318/1868 479/2319/1869 1971/2320/1870
f 1974/2317/1867 2403/2316/1866 1971/2320/1870 478/2321/1871
f 414/2298/1847 1520/2296/1844 2404/2322/1872 1431/2323/1873
f 1520/2296/1844 572/2119/1843 1841/2324/1874 2404/2322/1872
f 2404/2322/1872 1841/2324/1874 417/2325/1875 1759/2326/1876
f 1431/2323/1873 2404/2322/1872 1759/2326/1876 416/2327/1877
f 624/2328/1878 1891/2329/1879 2405/2330/1880 1690/2331/1881
f 1891/2329/1879 500/2332/1882 1680/2333/1883 2405/2330/1880
f 2405/2330/1880 1680/2333/1883 520/2334/1884 1410/2335/1885
f 1690/2331/1881 2405/2330/1880 1410/2335/1885 638/2336/1886
f 640/2337/1887 1510/2338/1888 2406/2339/1889 1638/2340/1890
f 1510/2338/1888 639/2341/1891 1561/2342/1892 2406/2339/1889
f 2406/2339/1889 1561/2342/1892 508/2343/1893 1989/2344/1894
f 1638/2340/1890 2406/2339/1889 1989/2344/1894 513/2345/1895
f 525/2346/1896 1439/2347/1897 2407/2348/1898 1783/2349/1899
f 1439/2347/1897 629/2350/1900 1633/2351/1901 2407/2348/1898
f 2407/2348/1898 1633/2351/1901 641/2352/1902 1917/2353/1903
f 1783/2349/1899 2407/2348/1898 1917/2353/1903 514/2354/1904
f 442/2106/1657 1363/2355/1905 2408/2356/1906 1844/2107/1658
f 1363/2355/1905 436/2357/1907 1930/2358/1908 2408/2356/1906
f 2408/2356/1906 1930/2358/1908 373/2359/1909 1890/2360/1910
f 1844/2107/1658 2408/2356/1906 1890/2360/1910 618/2108/1659
f 428/2361/1911 1455/2362/1912 2409/2363/1913 1435/2364/1914
f 1455/2362/1912 439/2365/1915 1508/2366/1916 2409/2363/1913
f 2409/2363/1913 1508/2366/1916 580/2231/1917 1589/2230/1918
f 1435/2364/1914 2409/2363/1913 1589/2230/1918 429/2229/1919
f 480/2367/1920 1972/2368/1921 2410/2369/1922 1514/2370/1923
f 1972/2368/1921 478/2321/1871 1932/2371/1924 2410/2369/1922
f 2410/2369/1922 1932/2371/1924 610/2372/1925 1437/2373/1926
f 1514/2370/1923 2410/2369/1922 1437/2373/1926 477/2374/1927
f 446/2223/1928 1687/2222/1929 2411/2375/1930 1554/2376/1931
f 1687/2222/1929 576/2221/1932 1401/2377/1933 2411/2375/1930
f 2411/2375/1930 1401/2377/1933 424/2378/1934 1770/2379/1935
f 1554/2376/1931 2411/2375/1930 1770/2379/1935 447/2380/1936
f 632/2381/1937 1492/2382/1938 2412/2383/1939 1975/2384/1940
f 1492/2382/1938 510/2385/1941 1629/2386/1942 2412/2383/1939
f 2412/2383/1939 1629/2386/1942 372/2387/1675 1627/2388/1943
f 1975/2384/1940 2412/2383/1939 1627/2388/1943 458/2389/1944
f 624/2328/1878 1723/2390/1945 2413/2391/1946 1568/2392/1947
f 1723/2390/1945 504/2393/1948 1515/2394/1949 2413/2391/1946
f 2413/2391/1946 1515/2394/1949 477/2374/1927 1788/2395/1950
f 1568/2392/1947 2413/2391/1946 1788/2395/1950 365/2087/1638
f 630/2396/1951 1689/2397/1952 2414/2398/1953 1650/2399/1954
f 1689/2397/1952 509/2400/1955 1540/2401/1956 2414/2398/1953
f 2414/2398/1953 1540/2401/1956 518/2402/1957 1533/2402/1958
f 1650/2399/1954 2414/2398/1953 1533/2402/1958 519/2402/1959
f 430/2403/1960 1762/2404/1961 2415/2405/1962 1605/2406/1963
f 1762/2404/1961 431/2407/1964 1481/2408/1965 2415/2405/1962
f 2415/2405/1962 1481/2408/1965 428/2361/1911 1435/2364/1914
f 1605/2406/1963 2415/2405/1962 1435/2364/1914 429/2229/1919
f 389/2247/1794 1742/2409/1793 2416/2410/1966 1661/2411/1967
f 1742/2409/1793 560/2245/1792 1970/2412/1968 2416/2410/1966
f 2416/2410/1966 1970/2412/1968 482/2413/1969 1812/2414/1970
f 1661/2411/1967 2416/2410/1966 1812/2414/1970 612/2415/1971
f 403/2283/1830 1419/2416/1827 2417/2417/1972 1590/2418/1973
f 1419/2416/1827 404/2279/1826 1672/2419/1974 2417/2417/1972
f 2417/2417/1972 1672/2419/1974 568/2420/1975 1909/2421/1976
f 1590/2418/1973 2417/2417/1972 1909/2421/1976 401/2422/1977
f 425/2141/1693 1913/2423/1978 2418/2424/1979 1617/2142/1694
f 1913/2423/1978 426/2425/1980 1746/2426/1981 2418/2424/1979
f 2418/2424/1979 1746/2426/1981 576/2221/1982 1608/2427/1983
f 1617/2142/1694 2418/2424/1979 1608/2427/1983 422/2143/1695
f 502/2295/1842 1562/2428/1984 2419/2429/1985 1615/2291/1838
f 1562/2428/1984 507/2019/1563 1527/2430/1986 2419/2429/1985
f 2419/2429/1985 1527/2430/1986 622/2431/1987 1860/2432/1988
f 1615/2291/1838 2419/2429/1985 1860/2432/1988 541/2288/1835
f 400/2433/1989 1569/2434/1990 2420/2435/1991 1517/2436/1992
f 1569/2434/1990 419/2437/1993 1457/2438/1994 2420/2435/1991
f 2420/2435/1991 1457/2438/1994 616/2439/1995 1918/2440/1996
f 1517/2436/1992 2420/2435/1991 1918/2440/1996 529/2441/1997
f 3115/2442/1998 4496/2443/1998 2421/2444/1999 1403/2445/2000
f 4496/2443/1998 3114/2446/1998 1539/2447/2001 2421/2444/1999
f 2421/2444/1999 1539/2447/2001 590/2448/2002 1796/2449/2003
f 1403/2445/2000 2421/2444/1999 1796/2449/2003 454/2450/2004
f 361/2451/1623 1912/2452/2005 2422/2453/2006 1744/2454/1620
f 1912/2452/2005 595/2455/2007 1506/2456/2008 2422/2453/2006
f 2422/2453/2006 1506/2456/2008 535/2457/2009 1502/2458/2010
f 1744/2454/1620 2422/2453/2006 1502/2458/1635 536/2459/1617
f 579/2460/2011 1801/2461/2012 2423/2462/2013 1745/2463/2014
f 1801/2461/2012 577/2136/2015 1803/2464/2016 2423/2462/2013
f 2423/2462/2013 1803/2464/2016 617/2153/1705 1778/2465/2017
f 1745/2463/2014 2423/2462/2013 1778/2465/2017 492/2466/2018
f 577/2467/2019 1653/2468/2020 2424/2469/2021 1846/2470/2022
f 427/2471/1682 1611/2472/2023 2424/2469/2021 1653/2468/2020
f 423/2473/2024 1846/2470/2022 2424/2469/2021 1611/2472/2023
f 423/2473/2024 1448/2474/2025 2425/2475/2026 1846/2470/2022
f 422/2476/2027 1942/2477/2026 2425/2475/2026 1448/2474/2025
f 577/2467/2019 1846/2470/2022 2425/2475/2026 1942/2477/2026
f 570/2478/2028 1618/2479/2029 2426/2480/2030 1911/2481/2031
f 1618/2479/2029 402/2482/2032 1959/2483/2033 2426/2480/2030
f 2426/2480/2030 1959/2483/2033 568/2420/2034 1447/2484/2035
f 1911/2481/2031 2426/2480/2030 1447/2484/2035 571/2485/2036
f 486/2486/2037 1531/2487/2038 2427/2488/2039 1876/2489/2040
f 1531/2487/2038 487/2490/2041 1845/2491/2042 2427/2488/2039
f 2427/2488/2039 1845/2491/2042 598/2492/2043 1821/2493/2044
f 1876/2489/2040 2427/2488/2039 1821/2493/2044 464/2494/2045
f 491/2495/2046 1640/2496/2047 2428/2497/2048 1910/2498/2049
f 1640/2496/2047 374/2499/2050 1548/2500/2051 2428/2497/2048
f 2428/2497/2048 1548/2500/2051 376/2157/1709 1546/2154/1706
f 1910/2498/2049 2428/2497/2048 1546/2154/1706 617/2153/1705
f 538/2093/1644 1662/2092/1643 2429/2501/2052 1362/2502/2053
f 1662/2092/1643 540/2091/1642 1388/2503/2054 2429/2501/2052
f 2429/2501/2052 1388/2503/2054 463/2504/2055 1374/2505/2056
f 1362/2502/2053 2429/2501/2052 1374/2505/2056 461/2506/2057
f 579/2507/2058 1811/2508/2059 2430/2509/2060 1756/2510/2061
f 437/2511/1684 1663/2512/1683 2430/2509/2060 1811/2508/2059
f 427/2471/1682 1756/2510/2061 2430/2509/2060 1663/2512/1683
f 427/2471/1682 1653/2468/2020 2431/2513/2062 1756/2510/2061
f 577/2467/2019 1801/2514/2062 2431/2513/2062 1653/2468/2020
f 579/2507/2058 1756/2510/2061 2431/2513/2062 1801/2514/2062
f 415/2111/2063 1430/2515/2064 2432/2516/2065 1367/2517/2066
f 1430/2515/2064 414/2298/1847 1431/2323/1873 2432/2516/2065
f 2432/2516/2065 1431/2323/1873 416/2327/1877 1817/2518/2067
f 1367/2517/2066 2432/2516/2065 1817/2518/2067 573/2448/2068
f 364/2067/2069 1471/2519/1629 2445/2520/2070 1377/2521/2071
f 1471/2519/1629 537/2522/1628 1854/2523/2072 2445/2520/2073
f 1377/2521/2071 2445/2520/2070 4712/2524/2074 3116/2525/2075
f 504/2393/1948 1723/2390/1945 2433/2526/2076 1684/2527/2077
f 1723/2390/1945 624/2328/1878 1690/2331/1881 2433/2526/2076
f 2433/2526/2076 1690/2331/1881 638/2336/1886 1786/2528/2078
f 1684/2527/2077 2433/2526/2076 1786/2528/2078 642/2529/2079
f 369/2188/1734 1929/2191/1737 2434/2530/2080 1936/2531/2081
f 1929/2191/1737 542/2196/1742 1958/2289/1836 2434/2530/2080
f 2434/2530/2080 1958/2289/1836 541/2288/1835 1782/2532/2082
f 1936/2531/2081 2434/2530/2080 1782/2532/2082 368/2533/2083
f 607/2192/1738 1795/2534/2084 2435/2535/2085 1383/2193/1739
f 1795/2534/2084 476/2536/2086 1754/2537/2087 2435/2535/2085
f 2435/2535/2085 1754/2537/2087 604/2538/2088 1441/2539/2089
f 1383/2193/1739 2435/2535/2085 1441/2539/2089 608/2194/1740
f 591/2540/2090 1839/2541/2091 2436/2542/2092 1645/2543/2093
f 1839/2541/2091 592/2544/2094 1498/2545/2095 2436/2542/2092
f 2436/2542/2092 1498/2545/2095 456/2546/2096 1773/2547/2097
f 1645/2543/2093 2436/2542/2092 1773/2547/2097 546/2548/2098
f 435/2549/2099 1764/2550/2100 2437/2551/2101 1933/2552/2102
f 434/2553/2103 1793/2554/2104 2437/2551/2101 1764/2550/2100
f 443/2555/2105 1933/2552/2102 2437/2551/2101 1793/2554/2104
f 443/2555/2105 1720/2556/2106 2438/2557/2107 1933/2552/2102
f 583/2558/2108 1727/2559/2107 2438/2557/2107 1720/2556/2106
f 435/2549/2099 1933/2552/2102 2438/2557/2107 1727/2559/2107
f 361/2451/1623 1774/2560/1622 2439/2561/2109 1776/2562/2110
f 1774/2560/1622 363/2563/1621 1493/2564/2111 2439/2561/2109
f 2439/2561/2109 1493/2564/2111 602/2565/2112 1717/2566/2113
f 1776/2562/2110 2439/2561/2109 1717/2566/2113 470/2567/2114
f 559/2232/2115 1417/2568/2116 1791/2569/2117 1895/2570/2118
f 1417/2568/2116 558/2215/2119 1606/2218/2120 1791/2569/2117
f 1791/2569/2117 1606/2218/2120 446/2223/2121 1628/2571/2122
f 1895/2570/2118 1791/2569/2117 1628/2571/2122 585/2223/2123
f 540/2091/1642 1418/2088/1639 2440/2572/2124 1509/2573/2125
f 1418/2088/1639 365/2087/1638 1788/2395/1950 2440/2572/2124
f 2440/2572/2124 1788/2395/1950 477/2374/1927 1437/2373/1926
f 1509/2573/2125 2440/2572/2124 1437/2373/1926 610/2372/1925
f 586/2473/2126 1710/2574/2127 2441/2575/2127 1897/2576/2128
f 587/2577/2129 1601/2578/2130 2441/2575/2127 1710/2574/2127
f 448/2579/2131 1897/2576/2128 2441/2575/2127 1601/2578/2130
f 426/2580/2132 1368/2581/2133 2442/2582/2133 1541/2577/2134
f 586/2473/2126 1736/2583/2135 2442/2582/2133 1368/2581/2133
f 447/2584/1936 1541/2577/2134 2442/2582/2133 1736/2583/2135
f 447/2584/1936 1770/2585/1935 2443/2586/2136 1541/2577/2134
f 424/2587/1934 1769/2574/2137 2443/2586/2136 1770/2585/1935
f 426/2580/2132 1541/2577/2134 2443/2586/2136 1769/2574/2137
f 577/2136/1687 1801/2461/2138 2444/2588/2139 1753/2137/1688
f 1801/2461/2138 579/2460/2140 1512/2589/2141 2444/2588/2139
f 2444/2588/2139 1512/2589/2141 438/2135/2142 1427/2130/2143
f 1753/2137/1688 2444/2588/2139 1427/2130/2143 578/2127/1691
f 364/2067/1614 1471/2519/2144 2445/2590/2145 1375/2068/1615
f 2445/2590/2073 1854/2591/2072 3303/2592/2146 4712/2593/2147
f 1375/2068/1615 2445/2590/2145 4712/2593/2148 3304/2069/1616
f 3109/2594/2149 1613/2595/2150 2446/2596/2151 4604/2597/2152
f 1613/2595/2150 585/2223/2153 1444/2598/2154 2446/2596/2151
f 2446/2596/2151 1444/2598/2154 448/2599/2131 1904/2600/2155
f 4604/2597/2152 2446/2596/2151 1904/2600/2155 3110/2601/2156
f 517/2250/1797 1454/2602/2157 2447/2603/2158 1983/2604/2159
f 1454/2602/2157 516/2605/2160 1651/2606/2161 2447/2603/2158
f 2447/2603/2158 1651/2606/2161 384/2607/2162 1879/2608/2163
f 1983/2604/2159 2447/2603/2158 1879/2608/2163 561/2241/1788
f 511/2609/2164 1768/2610/2165 2448/2611/2166 1843/2612/2167
f 1768/2610/2165 633/2613/2168 1691/2614/2169 2448/2611/2166
f 2448/2611/2166 1691/2614/2169 392/2615/1824 1681/2616/2170
f 1843/2612/2167 2448/2611/2166 1681/2616/2170 598/2492/2043
f 453/2617/2171 1553/2618/2172 2449/2619/2173 1379/2620/2174
f 1553/2618/2172 454/2450/2175 1403/2445/2176 2449/2619/2173
f 2449/2619/2173 1403/2445/2176 3115/2442/2177 4253/2621/2177
f 1379/2620/2174 2449/2619/2173 4253/2621/2177 3113/2622/2178
f 590/2448/2179 1532/2623/2180 2450/2624/2181 1539/2447/2182
f 1532/2623/2180 453/2617/2171 1379/2620/2174 2450/2624/2181
f 2450/2624/2181 1379/2620/2174 3113/2622/2178 4252/2625/2183
f 1539/2447/2182 2450/2624/2181 4252/2625/2183 3114/2446/2183
f 631/2626/2184 1494/2627/2185 2451/2628/2186 1637/2629/2187
f 1494/2627/2185 516/2605/2160 1602/2630/2188 2451/2628/2186
f 2451/2628/2186 1602/2630/2188 642/2529/2079 1786/2528/2078
f 1637/2629/2187 2451/2628/2186 1786/2528/2078 638/2336/1886
f 394/2631/2189 1575/2632/2190 2452/2633/2191 1737/2634/2192
f 1575/2632/2190 393/2635/2193 1393/2636/2194 2452/2633/2191
f 2452/2633/2191 1393/2636/2194 574/2637/2195 1369/2638/2196
f 1737/2634/2192 2452/2633/2191 1369/2638/2196 421/2639/2197
f 354/2640/2198 1574/2641/2199 2453/2642/2200 1585/2643/2201
f 1574/2641/2199 529/2441/1997 1372/2644/2202 2453/2642/2200
f 2453/2642/2200 1372/2644/2202 527/2060/1606 1456/2645/2203
f 1585/2643/2201 2453/2642/2200 1456/2645/2203 528/2646/2204
f 3296/2212/1761 1814/2211/1760 2454/2647/2205 4571/2648/2206
f 1814/2211/1760 562/2210/1759 1870/2649/2207 2454/2647/2205
f 2454/2647/2205 1870/2649/2207 630/2396/1951 1683/2650/2208
f 4571/2648/2206 2454/2647/2205 1683/2650/2208 3311/2651/2209
f 633/2613/2168 1768/2652/2165 2455/2653/2210 1729/2654/2211
f 1768/2652/2165 511/2609/2164 1620/2655/2212 2455/2653/2210
f 2455/2653/2210 1620/2655/2212 522/2656/2213 1789/2657/2214
f 1729/2654/2211 2455/2653/2210 1789/2657/2214 523/2658/2215
f 379/2263/1810 1507/2659/2216 2456/2660/2217 1688/2264/1811
f 1507/2659/2216 493/2661/2218 1861/2662/2219 2456/2660/2217
f 2456/2660/2217 1861/2662/2219 3119/2663/2220 4643/2664/2221
f 1688/2264/1811 2456/2660/2217 4643/2664/2221 3299/2265/1812
f 506/2665/2222 1390/2666/2223 2457/2667/2224 1847/2668/2225
f 1390/2666/2223 505/2669/2226 1668/2670/2227 2457/2667/2224
f 2457/2667/2224 1668/2670/2227 643/2258/1805 1616/2671/1804
f 1847/2668/2225 2457/2667/2224 1616/2671/1804 644/2256/1803
f 589/2672/2228 1591/2673/2229 2458/2674/2230 1869/2675/2231
f 1591/2673/2229 452/2676/2232 1552/2677/2233 2458/2674/2230
f 2458/2674/2230 1552/2677/2233 439/2365/1915 1551/2678/2234
f 1869/2675/2231 2458/2674/2230 1551/2678/2234 440/2679/2235
f 457/2680/2236 1658/2681/2237 2459/2682/2238 1576/2683/2239
f 1658/2681/2237 386/2206/1755 1955/2684/1758 2459/2682/2238
f 2459/2682/2238 1955/2684/1758 3297/2685/1763 4480/2686/2240
f 1576/2683/2239 2459/2682/2238 4480/2686/2240 3306/2687/2240
f 546/2548/2098 1648/2688/2241 2460/2689/2242 1645/2543/2093
f 1648/2688/2241 549/2690/2243 1483/2691/2244 2460/2689/2242
f 2460/2689/2242 1483/2691/2244 455/2692/2245 1573/2693/2246
f 1645/2543/2093 2460/2689/2242 1573/2693/2246 591/2540/2090
f 565/2694/2247 1442/2695/2248 2461/2696/2249 1882/2697/2250
f 1442/2695/2248 566/2698/2251 1906/2699/2252 2461/2696/2249
f 2461/2696/2249 1906/2699/2252 400/2433/2253 1725/2700/2254
f 1882/2697/2250 2461/2696/2249 1725/2700/2254 564/2701/2255
f 386/2702/1755 1780/2703/2256 2462/2704/2257 1656/2705/2258
f 591/2706/2090 1573/2707/2246 2462/2704/2257 1780/2703/2256
f 455/2708/2245 1656/2705/2258 2462/2704/2257 1573/2707/2246
f 438/2135/2142 1512/2589/2141 2463/2709/2259 1842/2710/2260
f 1512/2589/2141 579/2460/2140 1962/2711/2261 2463/2709/2259
f 2463/2709/2259 1962/2711/2261 449/2712/2262 1916/2713/2263
f 1842/2710/2260 2463/2709/2259 1916/2713/2263 451/2714/2264
f 362/2077/1624 1505/2076/2265 2647/2715/2266 1503/2078/1625
f 362/2077/1624 1506/2716/2267 2649/2717/2268 1505/2076/2265
f 458/2718/1944 1805/2719/2269 2464/2720/2270 1963/2721/2271
f 596/2722/2272 1378/2723/2273 2464/2720/2270 1805/2719/2269
f 382/2724/2274 1963/2721/2271 2464/2720/2270 1378/2723/2273
f 382/2724/2274 1967/2725/2275 2465/2726/2276 1963/2721/2271
f 385/2727/2277 1808/2728/2278 2465/2726/2276 1967/2725/2275
f 458/2718/1944 1963/2721/2271 2465/2726/2276 1808/2728/2278
f 596/2729/2272 1816/2730/2279 2466/2731/2280 1378/2732/2273
f 1816/2730/2279 459/2733/2281 1626/2734/2282 2466/2731/2280
f 2466/2731/2280 1626/2734/2282 597/2735/2283 1766/2736/2284
f 1378/2732/2273 2466/2731/2280 1766/2736/2284 382/2737/2274
f 371/2120/1671 1476/2738/2285 2467/2739/2286 1475/2740/2287
f 460/2741/2288 1833/2742/2289 2467/2739/2286 1476/2738/2285
f 459/2743/2281 1475/2740/2287 2467/2739/2286 1833/2742/2289
f 459/2743/2281 1816/2744/2279 2468/2745/2290 1475/2740/2287
f 596/2722/2272 1712/2746/2291 2468/2745/2290 1816/2744/2279
f 371/2120/1671 1475/2740/2287 2468/2745/2290 1712/2746/2291
f 371/2120/1671 1712/2746/2291 2469/2747/2292 1474/2748/2293
f 596/2722/2272 1805/2719/2269 2469/2747/2292 1712/2746/2291
f 458/2718/1944 1474/2748/2293 2469/2747/2292 1805/2719/2269
f 458/2718/1944 1627/2749/1943 2470/2750/2294 1474/2748/2293
f 372/2124/1675 1473/2121/1672 2470/2750/2294 1627/2749/1943
f 371/2120/1671 1474/2748/2293 2470/2750/2294 1473/2121/1672
f 2422/2453/2295 1506/2456/2267 362/2457/1624 1502/2458/1637
f 641/2352/1902 1636/2751/2296 2471/2752/2297 1536/2753/2298
f 1636/2751/2296 640/2337/1887 1638/2340/1890 2471/2752/2297
f 2471/2752/2297 1638/2340/1890 513/2345/1895 1875/2754/2299
f 1536/2753/2298 2471/2752/2297 1875/2754/2299 634/2755/2300
f 464/2494/2045 1964/2756/2301 2472/2757/2302 1392/2758/2303
f 1964/2756/2301 391/2759/1821 1542/2760/2304 2472/2757/2302
f 2472/2757/2302 1542/2760/2304 599/2761/2305 1391/2762/2306
f 1392/2758/2303 2472/2757/2302 1391/2762/2306 600/2763/2307
f 570/2478/2308 1478/2764/2309 2473/2765/2310 1809/2766/2311
f 1478/2764/2309 410/2767/2312 1659/2768/2313 2473/2765/2310
f 2473/2765/2310 1659/2768/2313 615/2769/2314 1947/2770/2315
f 1809/2766/2311 2473/2765/2310 1947/2770/2315 490/2771/2316
f 452/2676/2232 1591/2673/2229 2474/2772/2317 1567/2773/2318
f 1591/2673/2229 589/2672/2228 1598/2774/2319 2474/2772/2317
f 2474/2772/2317 1598/2774/2319 575/2775/2320 1667/2776/2321
f 1567/2773/2318 2474/2772/2317 1667/2776/2321 421/2639/2197
f 543/2777/2322 1855/2778/2323 2475/2779/2324 1859/2780/2325
f 469/2781/2326 1856/2782/2324 2475/2779/2324 1855/2778/2323
f 460/2741/2288 1859/2780/2325 2475/2779/2324 1856/2782/2324
f 481/2413/2327 1819/2413/2328 2476/2783/2329 1501/2784/2330
f 1819/2413/2328 482/2413/1969 1970/2412/1968 2476/2783/2329
f 2476/2783/2329 1970/2412/1968 560/2245/1792 1664/2785/2331
f 1501/2784/2330 2476/2783/2329 1664/2785/2331 383/2786/2332
f 471/2787/2333 1731/2788/2334 2477/2789/2335 1863/2790/2336
f 1731/2788/2334 470/2567/2114 1732/2791/2337 2477/2789/2335
f 2477/2789/2335 1732/2791/2337 472/2792/2338 1728/2793/2339
f 1863/2790/2336 2477/2789/2335 1728/2793/2339 603/2794/2340
f 472/2792/2338 1732/2791/2337 2478/2795/2341 1386/2796/2342
f 1732/2791/2337 470/2567/2114 1717/2566/2113 2478/2795/2341
f 2478/2795/2341 1717/2566/2113 602/2565/2112 1643/2797/2343
f 1386/2796/2342 2478/2795/2341 1643/2797/2343 473/2798/2344
f 474/2799/1700 1864/2800/2345 2479/2801/2346 1384/2802/1701
f 475/2803/2347 1490/2804/2348 2479/2801/2346 1864/2800/2345
f 377/2169/1702 1384/2802/1701 2479/2801/2346 1490/2804/2348
f 547/2144/1696 1646/2805/2349 2480/2806/2350 1395/2145/1697
f 1646/2805/2349 546/2548/2098 1773/2547/2097 2480/2806/2350
f 2480/2806/2350 1773/2547/2097 456/2546/2096 1560/2807/2351
f 1395/2145/1697 2480/2806/2350 1560/2807/2351 474/2148/1700
f 422/2143/2352 1608/2427/2353 2481/2808/2354 1449/2809/2355
f 1608/2427/2353 576/2221/1770 1894/2810/1769 2481/2808/2354
f 2481/2808/2354 1894/2810/1769 557/2219/1768 1706/2811/2356
f 1449/2809/2355 2481/2808/2354 1706/2811/2356 491/2495/2046
f 476/2536/2086 1795/2534/2084 2482/2812/2357 1948/2536/2358
f 1795/2534/2084 607/2192/1738 1857/2813/2359 2482/2812/2357
f 2482/2812/2357 1857/2813/2359 606/2814/2360 1718/2815/2361
f 1948/2536/2358 2482/2812/2357 1718/2815/2361 605/2536/2362
f 431/2407/1964 1762/2404/1961 2483/2816/2363 1908/2817/2364
f 1762/2404/1961 430/2403/1960 1763/2818/2365 2483/2816/2363
f 2483/2816/2363 1763/2818/2365 436/2357/2366 1765/2819/2367
f 1908/2817/2364 2483/2816/2363 1765/2819/2367 434/2820/2103
f 391/2759/1821 1460/2821/1820 2484/2822/2368 1542/2760/2304
f 1460/2821/1820 554/2823/1819 1889/2824/2369 2484/2822/2368
f 2484/2822/2368 1889/2824/2369 609/2825/2370 1516/2826/2371
f 1542/2760/2304 2484/2822/2368 1516/2826/2371 599/2761/2305
f 433/2827/2372 1538/2828/2373 2485/2829/2374 1443/2830/2375
f 1538/2828/2373 429/2229/2376 1605/2406/2377 2485/2829/2374
f 2485/2829/2374 1605/2406/2377 430/2403/2378 1818/2831/2379
f 1443/2830/2375 2485/2829/2374 1818/2831/2379 432/2832/2380
f 411/2833/2381 1547/2834/2382 2486/2835/2383 1469/2836/2384
f 1547/2834/2382 401/2422/1977 1909/2421/1976 2486/2835/2383
f 2486/2835/2383 1909/2421/1976 568/2420/1975 1447/2484/2385
f 1469/2836/2384 2486/2835/2383 1447/2484/2385 571/2485/2386
f 629/2350/1900 1990/2837/2387 2487/2838/2388 1564/2839/2389
f 1990/2837/2387 625/2293/1840 1730/2840/1839 2487/2838/2388
f 2487/2838/2388 1730/2840/1839 542/2196/1742 1815/2841/1741
f 1564/2839/2389 2487/2838/2388 1815/2841/1741 608/2194/1740
f 414/2298/1847 1430/2842/2064 2488/2843/2390 1892/2299/1848
f 1430/2842/2064 415/2111/2063 1743/2112/2391 2488/2843/2390
f 2488/2843/2390 1743/2112/2391 408/2115/1857 1741/2306/1856
f 1892/2299/1848 2488/2843/2390 1741/2306/1856 409/2300/1849
f 442/2106/2392 1694/2844/2393 2489/2845/2394 1363/2355/2395
f 1694/2844/2393 443/2846/2105 1793/2847/2104 2489/2845/2394
f 2489/2845/2394 1793/2847/2104 434/2820/2103 1765/2848/2367
f 1363/2355/2395 2489/2845/2394 1765/2848/2367 436/2357/2366
f 569/2117/1668 1414/2116/1667 2490/2849/2396 1966/2850/2397
f 1414/2116/1667 408/2115/1666 1580/2307/2398 2490/2849/2396
f 2490/2849/2396 1580/2307/2398 407/2308/2399 1420/2851/2400
f 1966/2850/2397 2490/2849/2396 1420/2851/2400 405/2852/2401
f 575/2775/2402 1424/2853/2403 2491/2854/2404 1598/2774/2404
f 1424/2853/2403 574/2637/2405 1489/2855/2406 2491/2854/2404
f 2491/2854/2404 1489/2855/2406 588/2856/2407 1693/2857/2408
f 1598/2774/2404 2491/2854/2404 1693/2857/2408 589/2672/2409
f 3308/2858/2410 4564/2859/2411 2492/2860/2412 1563/2861/2413
f 4564/2859/2411 3307/2038/1583 1614/2037/1582 2492/2860/2412
f 2492/2860/2412 1614/2037/1582 484/2036/1581 1529/2862/2414
f 1563/2861/2413 2492/2860/2412 1529/2862/2414 483/2863/2415
f 389/2247/1794 1661/2411/1967 2493/2864/2416 1920/2865/2417
f 1661/2411/1967 612/2415/1971 1592/2866/2418 2493/2864/2416
f 2493/2864/2416 1592/2866/2418 3118/2867/2419 4785/2868/2419
f 1920/2865/2417 2493/2864/2416 4785/2868/2419 3105/2869/2420
f 508/2343/1893 1988/2870/2421 2494/2871/2422 1641/2872/2423
f 1988/2870/2421 509/2400/1955 1849/2873/2424 2494/2871/2422
f 2494/2871/2422 1849/2873/2424 455/2692/2245 1483/2691/2244
f 1641/2872/2423 2494/2871/2422 1483/2691/2244 549/2690/2243
f 466/2874/2425 1923/2875/2426 2495/2876/2427 1472/2877/2428
f 1923/2875/2426 606/2814/2360 1857/2813/2359 2495/2876/2427
f 2495/2876/2427 1857/2813/2359 607/2192/1738 1550/2189/1735
f 1472/2877/2428 2495/2876/2427 1550/2189/1735 369/2188/1734
f 403/2283/1830 1557/2878/2429 2496/2879/2430 1886/2284/1831
f 1557/2878/2429 567/2880/2431 1877/2881/2432 2496/2879/2430
f 2496/2879/2430 1877/2881/2432 396/2882/2433 1884/2883/2434
f 1886/2284/1831 2496/2879/2430 1884/2883/2434 395/2285/1832
f 567/2880/2435 1632/2884/2436 2497/2885/2437 1901/2886/2438
f 1632/2884/2436 402/2482/2439 1453/2887/2440 2497/2885/2437
f 2497/2885/2437 1453/2887/2440 614/2888/2441 1676/2889/2442
f 1901/2886/2438 2497/2885/2437 1676/2889/2442 489/2890/2443
f 489/2890/2443 1619/2891/2444 2498/2892/2445 1980/2893/2446
f 1619/2891/2444 355/2024/1568 1950/2894/2447 2498/2892/2445
f 2498/2892/2445 1950/2894/2447 528/2646/2204 1524/2895/2448
f 1980/2893/2446 2498/2892/2445 1524/2895/2448 488/2896/2449
f 359/2044/1590 1703/2897/2450 2499/2898/2451 1800/2045/1591
f 1703/2897/2450 490/2771/2316 1947/2899/2315 2499/2898/2451
f 2499/2898/2451 1947/2899/2315 615/2769/2314 1409/2900/2452
f 1800/2045/1591 2499/2898/2451 1409/2900/2452 532/2046/1592
f 3121/2901/2453 1978/2902/2454 2500/2903/2455 4844/2904/2456
f 1978/2902/2454 506/2665/2222 1847/2668/2225 2500/2903/2455
f 2500/2903/2455 1847/2668/2225 644/2256/1803 1407/2905/2457
f 4844/2904/2456 2500/2903/2455 1407/2905/2457 3123/2906/2458
f 529/2441/1997 1574/2907/2199 2501/2908/2459 1517/2436/1992
f 1574/2907/2199 354/2640/2198 1823/2909/2460 2501/2908/2459
f 2501/2908/2459 1823/2909/2460 564/2701/2461 1725/2700/2462
f 1517/2436/1992 2501/2908/2459 1725/2700/2462 400/2433/1989
f 499/2065/1611 1642/2910/2463 2502/2911/2464 1982/2066/1612
f 1642/2910/2463 623/2912/2465 1654/2913/2466 2502/2911/2464
f 2502/2911/2464 1654/2913/2466 536/2459/1617 1878/2914/1633
f 1982/2066/1612 2502/2911/2464 1878/2914/1633 364/2067/1631
f 378/2915/1713 1941/2916/2467 2503/2917/2468 1961/2918/1708
f 492/2919/2018 1778/2920/2017 2503/2917/2468 1941/2916/2467
f 617/2921/1705 1961/2918/1708 2503/2917/2468 1778/2920/2017
f 618/2108/1659 1890/2922/1910 2504/2923/2469 1772/2924/2470
f 1890/2922/1910 373/2359/1909 1739/2925/2471 2504/2923/2469
f 2504/2923/2469 1739/2925/2471 544/2313/1864 1976/2926/1861
f 1772/2924/2470 2504/2923/2469 1976/2926/1861 380/2309/1860
f 375/2227/1716 1404/2927/2472 2505/2928/2473 1804/2228/1775
f 1404/2927/2472 545/2929/2474 1853/2930/2475 2505/2928/2473
f 2505/2928/2473 1853/2930/2475 430/2403/2476 1605/2406/2477
f 1804/2228/1775 2505/2928/2473 1605/2406/2477 429/2229/1776
f 388/2197/1743 1883/2931/2478 2506/2932/2479 1940/2933/2480
f 1883/2931/2478 620/2934/2481 1957/2935/2482 2506/2932/2479
f 2506/2932/2479 1957/2935/2482 492/2466/2018 1941/2936/2467
f 1940/2933/2480 2506/2932/2479 1941/2936/2467 378/2161/1713
f 620/2934/2481 1883/2937/2478 2507/2938/2483 1968/2939/2484
f 1883/2937/2478 388/2197/1743 1452/2200/1746 2507/2938/2483
f 2507/2938/2483 1452/2200/1746 360/2052/1598 1436/2940/2485
f 1968/2939/2484 2507/2938/2483 1436/2940/2485 616/2439/1995
f 381/2240/1787 1829/2239/1786 2508/2941/2486 1761/2942/2487
f 1829/2239/1786 3103/2238/1785 4275/2943/2488 2508/2941/2486
f 2508/2941/2486 4275/2943/2488 3309/2944/2489 1928/2945/2490
f 1761/2942/2487 2508/2941/2486 1928/2945/2490 619/2110/1661
f 581/2946/2491 1434/2947/2492 2509/2948/2493 1755/2949/2494
f 1434/2947/2492 3301/2950/2495 4671/2951/2496 2509/2948/2493
f 2509/2948/2493 4671/2951/2496 3119/2663/2220 1861/2952/2219
f 1755/2949/2494 2509/2948/2493 1861/2952/2219 493/2661/2218
f 501/2953/2497 1922/2954/2498 2510/2955/2499 1977/2956/2500
f 1922/2954/2498 626/2015/1559 1412/2018/1562 2510/2955/2499
f 2510/2955/2499 1412/2018/1562 524/2023/1567 1631/2957/2501
f 1977/2956/2500 2510/2955/2499 1631/2957/2501 521/2958/2502
f 494/2959/2503 1867/2960/2504 2511/2961/2505 1900/2962/2506
f 465/2963/2507 1934/2964/2508 2511/2961/2505 1867/2960/2504
f 368/2965/2083 1900/2962/2506 2511/2961/2505 1934/2964/2508
f 368/2965/2083 1938/2966/2509 2512/2967/2510 1900/2962/2506
f 621/2968/2511 1858/2969/2512 2512/2967/2510 1938/2966/2509
f 494/2959/2503 1900/2962/2506 2512/2967/2510 1858/2969/2512
f 627/2970/2513 1734/2971/2514 2513/2972/2515 1406/2973/2516
f 1734/2971/2514 503/2974/2517 1722/2975/2518 2513/2972/2515
f 2513/2972/2515 1722/2975/2518 473/2798/2344 1643/2797/2343
f 1406/2973/2516 2513/2972/2515 1643/2797/2343 602/2565/2112
f 601/2976/1731 1953/2977/2519 2514/2978/2520 1385/2979/2521
f 495/2980/2522 1986/2981/2523 2514/2978/2520 1953/2977/2519
f 496/2982/2524 1385/2979/2521 2514/2978/2520 1986/2981/2523
f 496/2982/2524 1724/2983/2525 2515/2984/2526 1385/2979/2521
f 468/2985/1733 1416/2986/1732 2515/2984/2526 1724/2983/2525
f 601/2976/1731 1385/2979/2521 2515/2984/2526 1416/2986/1732
f 622/2987/1987 1775/2988/2527 2516/2989/2528 1733/2990/2529
f 467/2991/2530 1566/2992/2531 2516/2989/2528 1775/2988/2527
f 468/2985/1733 1733/2990/2529 2516/2989/2528 1566/2992/2531
f 468/2985/1733 1724/2983/2525 2517/2993/2532 1733/2990/2529
f 496/2982/2524 1881/2994/2533 2517/2993/2532 1724/2983/2525
f 622/2987/1987 1733/2990/2529 2517/2993/2532 1881/2994/2533
f 495/2980/2522 1534/2995/2534 2518/2996/2535 1678/2997/2536
f 494/2959/2503 1858/2969/2512 2518/2996/2535 1534/2995/2534
f 621/2968/2511 1678/2997/2536 2518/2996/2535 1858/2969/2512
f 621/2968/2511 1807/2998/2537 2519/2999/2538 1678/2997/2536
f 496/2982/2524 1986/2981/2523 2519/2999/2538 1807/2998/2537
f 495/2980/2522 1678/2997/2536 2519/2999/2538 1986/2981/2523
f 622/2987/1987 1881/2994/2533 2520/3000/2539 1523/3001/2540
f 496/2982/2524 1807/2998/2537 2520/3000/2539 1881/2994/2533
f 621/2968/2511 1523/3001/2540 2520/3000/2539 1807/2998/2537
f 505/2669/2226 1919/3002/2541 2521/3003/2542 1668/2670/2227
f 1919/3002/2541 504/2393/1948 1684/2527/2077 2521/3003/2542
f 2521/3003/2542 1684/2527/2077 642/2529/2079 1382/3004/2543
f 1668/2670/2227 2521/3003/2542 1382/3004/2543 643/2258/1805
f 449/2712/2544 1711/3005/2545 2522/3006/2546 1962/2711/2547
f 1711/3005/2545 450/3007/2548 1700/3008/2549 2522/3006/2546
f 2522/3006/2546 1700/3008/2549 437/2133/1684 1811/3009/2059
f 1962/2711/2547 2522/3006/2546 1811/3009/2059 579/2460/2058
f 436/2357/2550 1873/3010/2551 2523/3011/2552 1763/2818/2553
f 1873/3010/2551 435/3012/2554 1445/3013/2555 2523/3011/2552
f 2523/3011/2552 1445/3013/2555 432/2832/2380 1818/2831/2379
f 1763/2818/2553 2523/3011/2552 1818/2831/2379 430/2403/2378
f 501/2953/2497 1679/3014/2556 2524/3015/2557 1635/3016/2558
f 1679/3014/2556 500/2332/1882 1750/3017/2559 2524/3015/2557
f 2524/3015/2557 1750/3017/2559 539/2095/1646 1994/2101/1652
f 1635/3016/2558 2524/3015/2557 1994/2101/1652 367/2100/1651
f 575/2775/2320 1579/3018/2560 2525/3019/2561 1667/2776/2321
f 1579/3018/2560 563/3020/2562 1794/3021/2563 2525/3019/2561
f 2525/3019/2561 1794/3021/2563 394/2631/2189 1737/3022/2192
f 1667/2776/2321 2525/3019/2561 1737/3022/2192 421/2639/2197
f 623/3023/2465 1707/3024/2564 2526/3025/2565 1644/3026/2566
f 498/3027/2567 1677/3028/2568 2526/3025/2565 1707/3024/2564
f 363/2074/1621 1644/3026/2566 2526/3025/2565 1677/3028/2568
f 363/2074/1621 1939/2071/1618 2527/3029/2569 1644/3026/2566
f 536/2070/1617 1654/3030/2466 2527/3029/2569 1939/2071/1618
f 623/3023/2465 1644/3026/2566 2527/3029/2569 1654/3030/2466
f 393/2635/2570 1577/3031/2571 2528/3032/2572 1495/3033/2573
f 1577/3031/2571 396/2882/2574 1394/3034/2575 2528/3032/2572
f 2528/3032/2572 1394/3034/2575 488/2896/2449 1451/3035/2576
f 1495/3033/2573 2528/3032/2572 1451/3035/2576 533/2058/1604
f 469/3036/2326 1855/3037/2323 2529/3038/2577 1985/3039/2578
f 1855/3037/2323 543/3040/2322 1914/3041/2579 2529/3038/2577
f 2529/3038/2577 1914/3041/2579 486/2486/2037 1925/3042/2580
f 1985/3039/2578 2529/3038/2577 1925/3042/2580 613/3043/2581
f 581/2946/2582 1479/3044/2583 2530/3045/2584 1459/3046/2585
f 1479/3044/2583 410/2767/2586 1586/3047/2587 2530/3045/2584
f 2530/3045/2584 1586/3047/2587 412/2833/2588 1426/3048/2589
f 1459/3046/2585 2530/3045/2584 1426/3048/2589 441/3049/2590
f 602/3050/2112 1493/3051/2111 2531/3052/2591 1798/3053/2592
f 363/2074/1621 1677/3028/2568 2531/3052/2591 1493/3051/2111
f 498/3027/2567 1798/3053/2592 2531/3052/2591 1677/3028/2568
f 498/3027/2567 1738/3054/2593 2532/3055/2594 1798/3053/2592
f 627/3056/2513 1406/3057/2516 2532/3055/2594 1738/3054/2593
f 602/3050/2112 1798/3053/2592 2532/3055/2594 1406/3057/2516
f 503/2974/2517 1702/3058/2595 2533/3059/2596 1722/2975/2518
f 1702/3058/2595 628/3060/2597 1381/3061/2598 2533/3059/2596
f 2533/3059/2596 1381/3061/2598 604/2538/2088 1887/3062/2599
f 1722/2975/2518 2533/3059/2596 1887/3062/2599 473/2798/2344
f 628/3060/2597 1545/3063/2600 2534/3064/2601 1381/3061/2598
f 1545/3063/2600 629/2350/1900 1564/2839/2389 2534/3064/2601
f 2534/3064/2601 1564/2839/2389 608/2194/1740 1441/3065/2089
f 1381/3061/2598 2534/3064/2601 1441/3065/2089 604/2538/2088
f 425/2141/2602 1913/2423/2603 2535/3066/2604 1610/3067/2605
f 1913/2423/2603 426/2425/2132 1769/3068/2137 2535/3066/2604
f 2535/3066/2604 1769/3068/2137 424/2378/1934 1609/3069/2606
f 1610/3067/2605 2535/3066/2604 1609/3069/2606 423/3070/2024
f 512/3071/2607 1735/3072/2608 2536/3073/2609 1716/3074/2610
f 1735/3072/2608 636/3075/2611 1624/3076/2612 2536/3073/2609
f 2536/3073/2609 1624/3076/2612 487/2490/2041 1714/3077/2613
f 1716/3074/2610 2536/3073/2609 1714/3077/2613 370/3078/1677
f 355/2024/1568 1619/2891/2444 2537/3079/2614 1621/2025/1569
f 1619/2891/2444 489/2890/2443 1676/3080/2442 2537/3079/2614
f 2537/3079/2614 1676/3080/2442 614/2888/2441 1666/3081/2615
f 1621/2025/1569 2537/3079/2614 1666/3081/2615 356/2028/1572
f 506/2665/2222 1978/2902/2454 2538/3082/2616 1530/3083/2617
f 1978/2902/2454 3121/2901/2453 4259/3084/2618 2538/3082/2616
f 2538/3082/2616 4259/3084/2618 3308/2858/2410 1563/2861/2413
f 1530/3083/2617 2538/3082/2616 1563/2861/2413 483/2863/2415
f 552/3085/1721 1721/3086/1718 2539/3087/2619 1699/3088/2620
f 1721/3086/1718 377/2150/1702 1490/3089/2348 2539/3087/2619
f 2539/3087/2619 1490/3089/2348 475/3090/2347 1519/3091/2621
f 1699/3088/2620 2539/3087/2619 1519/3091/2621 497/3092/2622
f 507/2019/1563 1486/3093/1560 2540/3094/2623 1527/2430/1986
f 1486/3093/1560 626/2015/1559 1422/3095/2624 2540/3094/2623
f 2540/3094/2623 1422/3095/2624 467/3096/2530 1775/3097/2527
f 1527/2430/1986 2540/3094/2623 1775/3097/2527 622/2431/1987
f 498/3098/2567 1707/3099/2564 2541/3100/2625 1587/3101/2626
f 1707/3099/2564 623/2912/2465 1440/3102/2627 2541/3100/2625
f 2541/3100/2625 1440/3102/2627 518/2402/1957 1767/3103/2628
f 1587/3101/2626 2541/3100/2625 1767/3103/2628 637/3104/2629
f 509/3105/1955 1689/3106/1952 2542/3107/2630 1825/3108/2631
f 630/3109/1951 1870/3110/2207 2542/3107/2630 1689/3106/1952
f 562/3111/1759 1825/3108/2631 2542/3107/2630 1870/3110/2207
f 631/2626/2184 1682/3112/2632 2543/3113/2633 1903/3114/2634
f 1682/3112/2632 632/2381/1937 1975/2384/1940 2543/3113/2633
f 2543/3113/2633 1975/2384/1940 458/2389/1944 1808/3115/2278
f 1903/3114/2634 2543/3113/2633 1808/3115/2278 385/3116/2277
f 425/2141/2602 1610/3067/2605 2544/3117/2635 1584/2140/2636
f 1610/3067/2605 423/3070/2024 1611/3118/2023 2544/3117/2635
f 2544/3117/2635 1611/3118/2023 427/2131/1682 1462/2128/1679
f 1584/2140/2636 2544/3117/2635 1462/2128/1679 578/2127/1678
f 583/3119/2108 1720/3120/2106 2545/3121/2637 1556/3122/2638
f 1720/3120/2106 443/2846/2105 1835/3123/2639 2545/3121/2637
f 2545/3121/2637 1835/3123/2639 444/2846/2640 1751/3120/2641
f 1556/3122/2638 2545/3121/2637 1751/3120/2641 584/3119/2642
f 549/2690/2243 1944/3124/2643 2546/3125/2644 1641/2872/2423
f 1944/3124/2643 548/3126/2645 1597/3127/2646 2546/3125/2644
f 2546/3125/2644 1597/3127/2646 513/2345/1895 1989/2344/1894
f 1641/2872/2423 2546/3125/2644 1989/2344/1894 508/2343/1893
f 634/3128/2300 1875/3129/2299 2547/3130/2647 1943/3131/2648
f 513/3132/1895 1597/3133/2646 2547/3130/2647 1875/3129/2299
f 548/3134/2645 1943/3131/2648 2547/3130/2647 1597/3133/2646
f 514/3135/1904 1526/3136/2649 2548/3137/2650 1402/3138/2651
f 634/3128/2300 1832/3139/2652 2548/3137/2650 1526/3136/2649
f 550/2178/1704 1402/3138/2651 2548/3137/2650 1832/3139/2652
f 550/2178/1704 1806/2176/1724 2549/3140/2653 1402/3138/2651
f 553/2175/1723 1813/3141/2654 2549/3140/2653 1806/2176/1724
f 514/3135/1904 1402/3138/2651 2549/3140/2653 1813/3141/2654
f 553/2175/1723 1740/3142/2655 2550/3143/2656 1528/3144/2657
f 555/2268/1815 1713/3145/2658 2550/3143/2656 1740/3142/2655
f 515/3146/2659 1528/3144/2657 2550/3143/2656 1713/3145/2658
f 515/3146/2659 1709/3147/2660 2551/3148/2661 1528/3144/2657
f 514/3135/1904 1813/3141/2654 2551/3148/2661 1709/3147/2660
f 553/2175/1723 1528/3144/2657 2551/3148/2661 1813/3141/2654
f 493/2661/2218 1507/2659/2216 2552/3149/2662 1623/3150/2663
f 1507/2659/2216 379/2263/1810 1649/3151/2664 2552/3149/2662
f 2552/3149/2662 1649/3151/2664 532/2046/1592 1409/2900/2452
f 1623/3150/2663 2552/3149/2662 1409/2900/2452 615/2769/2314
f 531/2032/1576 1458/2031/1575 2553/3152/2665 1931/3153/2666
f 1458/2031/1575 530/2030/1574 1461/2204/1750 2553/3152/2665
f 2553/3152/2665 1461/2204/1750 569/2117/1754 1966/2850/2667
f 1931/3153/2666 2553/3152/2665 1966/2850/2667 405/2852/2668
f 413/3154/2669 1862/3155/2670 2554/3156/2671 1697/3157/2672
f 1862/3155/2670 582/2422/2673 1705/3158/2674 2554/3156/2671
f 2554/3156/2671 1705/3158/2674 581/2946/2675 1479/3044/2676
f 1697/3157/2672 2554/3156/2671 1479/3044/2676 410/2767/2677
f 3312/3159/2678 1984/3160/2679 2555/3161/2680 4334/3162/2681
f 1984/3160/2679 635/2254/1801 1810/3163/2682 2555/3161/2680
f 2555/3161/2680 1810/3163/2682 390/2249/1796 1828/3164/2683
f 4334/3162/2681 2555/3161/2680 1828/3164/2683 3298/3165/2684
f 633/3166/2168 1960/3167/2685 2556/3168/2686 1415/3169/2687
f 515/3146/2659 1713/3145/2658 2556/3168/2686 1960/3167/2685
f 555/2268/1815 1415/3169/2687 2556/3168/2686 1713/3145/2658
f 555/2268/1815 1827/2278/1825 2557/3170/2688 1415/3169/2687
f 392/2277/1824 1691/3171/2169 2557/3170/2688 1827/2278/1825
f 633/3166/2168 1415/3169/2687 2557/3170/2688 1691/3171/2169
f 636/3075/2611 1371/3172/2689 2558/3173/2690 1624/3174/2612
f 1371/3172/2689 511/2609/2164 1843/3175/2167 2558/3173/2690
f 2558/3173/2690 1843/3175/2167 598/2492/2043 1845/2491/2042
f 1624/3174/2612 2558/3173/2690 1845/2491/2042 487/2490/2041
f 354/2640/2198 1408/3176/2691 2559/3177/2692 1823/2909/2460
f 1408/3176/2691 531/2032/1576 1931/3153/2666 2559/3177/2692
f 2559/3177/2692 1931/3153/2666 405/2852/2668 1868/3178/2693
f 1823/2909/2460 2559/3177/2692 1868/3178/2693 564/2701/2461
f 379/2263/1810 1757/2260/1807 2560/3179/2694 1649/3151/2664
f 1757/2260/1807 556/2259/1806 1935/3180/2695 2560/3179/2694
f 2560/3179/2694 1935/3180/2695 357/2048/1594 1708/2047/1593
f 1649/3151/2664 2560/3179/2694 1708/2047/1593 532/2046/1592
f 545/2929/2474 1822/3181/2696 2561/3182/2697 1853/2930/2475
f 1822/3181/2696 373/2359/1909 1930/3183/1908 2561/3182/2697
f 2561/3182/2697 1930/3183/1908 436/2357/1907 1763/2818/2698
f 1853/2930/2475 2561/3182/2697 1763/2818/2698 430/2403/2476
f 392/2615/1824 1880/3184/1822 2562/3185/2699 1681/3186/2170
f 1880/3184/1822 391/2759/1821 1964/3187/2301 2562/3185/2699
f 2562/3185/2699 1964/3187/2301 464/2494/2045 1821/3188/2044
f 1681/3186/2170 2562/3185/2699 1821/3188/2044 598/2492/2043
f 357/2048/1594 1935/3180/2695 2563/3189/2700 1466/3190/2701
f 1935/3180/2695 556/2259/1806 1905/3191/2702 2563/3189/2700
f 2563/3189/2700 1905/3191/2702 454/2450/2703 1421/3192/2704
f 1466/3190/2701 2563/3189/2700 1421/3192/2704 417/2325/2705
f 559/3193/2706 1417/3194/2707 2564/3195/2708 1791/3196/2709
f 558/3195/2710 1606/3197/2708 2564/3195/2708 1417/3194/2707
f 446/3198/1928 1791/3196/2709 2564/3195/2708 1606/3197/2708
f 387/2201/1747 1639/3199/2711 2565/3200/2712 1924/3201/2713
f 1639/3199/2711 551/2159/1711 1949/2226/1774 2565/3200/2712
f 2565/3200/2712 1949/2226/1774 580/2231/1778 1365/3202/2714
f 1924/3201/2713 2565/3200/2712 1365/3202/2714 588/2856/2715
f 534/2056/1602 1364/3203/1748 2566/3204/2716 1781/3205/2717
f 1364/3203/1748 387/2201/1747 1924/3201/2713 2566/3204/2716
f 2566/3204/2716 1924/3201/2713 588/2856/2715 1489/2855/2718
f 1781/3205/2717 2566/3204/2716 1489/2855/2718 574/2637/2719
f 561/2241/1788 1899/2244/1791 2567/3206/2720 1983/2604/2159
f 1899/2244/1791 390/2249/1796 1810/3207/2682 2567/3206/2720
f 2567/3206/2720 1810/3207/2682 635/2254/1801 1491/2251/1798
f 1983/2604/2159 2567/3206/2720 1491/2251/1798 517/2250/1797
f 502/2295/1842 1555/2294/1841 2568/3208/2721 1686/3209/2722
f 1555/2294/1841 625/2293/1840 1824/3210/2723 2568/3208/2721
f 2568/3208/2721 1824/3210/2723 523/2658/2215 1789/3211/2214
f 1686/3209/2722 2568/3208/2721 1789/3211/2214 522/2656/2213
f 450/3007/2548 1852/3212/2724 2569/3213/2725 1700/3008/2549
f 1852/3212/2724 451/2714/2726 1842/2710/2727 2569/3213/2725
f 2569/3213/2725 1842/2710/2727 438/2135/1686 1698/2134/1685
f 1700/3008/2549 2569/3213/2725 1698/2134/1685 437/2133/1684
f 402/2482/2439 1618/2479/2728 2570/3214/2729 1453/2887/2440
f 1618/2479/2728 570/2478/2308 1809/2766/2311 2570/3214/2729
f 2570/3214/2729 1809/2766/2311 490/2771/2316 1915/3215/2730
f 1453/2887/2440 2570/3214/2729 1915/3215/2730 614/2888/2441
f 445/2102/2731 1543/3216/2732 2571/3217/2733 1792/3218/2734
f 1543/3216/2732 3300/3219/2735 4329/3220/2735 2571/3217/2733
f 2571/3217/2733 4329/3220/2735 3108/3221/2735 1674/3222/2736
f 1792/3218/2734 2571/3217/2733 1674/3222/2736 584/3119/2737
f 577/2136/2015 1942/2139/2738 2572/3223/2739 1803/2464/2016
f 1942/2139/2738 422/2143/2352 1449/2809/2355 2572/3223/2739
f 2572/3223/2739 1449/2809/2355 491/2495/2046 1910/3224/2049
f 1803/2464/2016 2572/3223/2739 1910/3224/2049 617/2153/1705
f 580/2231/2740 1946/3225/2741 2573/3226/2742 1365/3202/2743
f 1946/3225/2741 440/2679/2744 1869/2675/2745 2573/3226/2742
f 2573/3226/2742 1869/2675/2745 589/2672/2409 1693/2857/2408
f 1365/3202/2743 2573/3226/2742 1693/2857/2408 588/2856/2407
f 560/2245/1792 1396/2242/1789 2574/3227/2746 1664/2785/2331
f 1396/2242/1789 561/2241/1788 1879/2608/2163 2574/3227/2746
f 2574/3227/2746 1879/2608/2163 384/2607/2162 1499/3228/2747
f 1664/2785/2331 2574/3227/2746 1499/3228/2747 383/2786/2332
f 573/2448/2748 1500/3229/2749 2575/3230/2750 1596/3231/2751
f 1500/3229/2749 417/2325/2752 1421/3192/2753 2575/3230/2750
f 2575/3230/2750 1421/3192/2753 454/2450/2004 1796/2449/2003
f 1596/3231/2751 2575/3230/2750 1796/2449/2003 590/2448/2002
f 460/3232/2288 1476/3233/2285 2576/3234/2754 1859/3235/2325
f 1476/3233/2285 371/3236/1671 1784/3237/1674 2576/3234/2754
f 2576/3234/2754 1784/3237/1674 370/3078/1677 1578/3238/2755
f 1859/3235/2325 2576/3234/2754 1578/3238/2755 543/3040/2322
f 419/2437/1993 1749/3239/2756 2577/3240/2757 1457/2438/1994
f 1749/3239/2756 449/2712/2758 1429/3241/2759 2577/3240/2757
f 2577/3240/2757 1429/3241/2759 620/2934/2481 1968/3242/2484
f 1457/2438/1994 2577/3240/2757 1968/3242/2484 616/2439/1995
f 455/2692/2245 1849/2873/2424 2578/3243/2760 1656/3244/2258
f 1849/2873/2424 509/2400/1955 1825/3245/2631 2578/3243/2760
f 2578/3243/2760 1825/3245/2631 562/2210/1759 1685/2207/1756
f 1656/3244/2258 2578/3243/2760 1685/2207/1756 386/2206/1755
f 623/2912/2465 1642/2910/2463 2579/3246/2761 1440/3102/2627
f 1642/2910/2463 499/2065/1611 1522/3247/2762 2579/3246/2761
f 2579/3246/2761 1522/3247/2762 519/2402/1959 1533/2402/1958
f 1440/3102/2627 2579/3246/2761 1533/2402/1958 518/2402/1957
f 632/2381/1937 1682/3248/2632 2580/3249/2763 1830/3250/2764
f 1682/3248/2632 631/2626/2184 1637/2629/2187 2580/3249/2763
f 2580/3249/2763 1637/2629/2187 638/2336/1886 1410/2335/1885
f 1830/3250/2764 2580/3249/2763 1410/2335/1885 520/2334/1884
f 510/2385/1941 1492/3251/1938 2581/3252/2765 1464/3253/2766
f 1492/3251/1938 632/2381/1937 1830/3250/2764 2581/3252/2765
f 2581/3252/2765 1830/3250/2764 520/2334/1884 1480/3254/2767
f 1464/3253/2766 2581/3252/2765 1480/3254/2767 521/2958/2502
f 396/2882/2574 1877/2881/2768 2582/3255/2769 1394/3034/2575
f 1877/2881/2768 567/2880/2435 1901/2886/2438 2582/3255/2769
f 2582/3255/2769 1901/2886/2438 489/2890/2443 1980/3256/2446
f 1394/3034/2575 2582/3255/2769 1980/3256/2446 488/2896/2449
f 384/2607/2162 1652/3257/2770 2583/3258/2771 1499/3228/2747
f 1652/3257/2770 385/3116/2277 1967/3259/2275 2583/3258/2771
f 2583/3258/2771 1967/3259/2275 382/2737/2274 1965/3260/2772
f 1499/3228/2747 2583/3258/2771 1965/3260/2772 383/2786/2332
f 639/3261/1891 1477/3262/2773 2584/3263/2774 1561/3264/1892
f 637/3265/2629 1973/3266/2775 2584/3263/2774 1477/3262/2773
f 508/3267/1893 1561/3264/1892 2584/3263/2774 1973/3266/2775
f 450/3007/2548 1711/3005/2545 2585/3268/2776 1595/3269/2777
f 1711/3005/2545 449/2712/2544 1749/3270/2778 2585/3268/2776
f 2585/3268/2776 1749/3270/2778 419/2437/2779 1593/3271/2780
f 1595/3269/2777 2585/3268/2776 1593/3271/2780 418/3272/2781
f 634/3128/2300 1526/3136/2649 2586/3273/2782 1536/3274/2298
f 514/3135/1904 1917/3275/1903 2586/3273/2782 1526/3136/2649
f 641/3276/1902 1536/3274/2298 2586/3273/2782 1917/3275/1903
f 514/3135/1904 1709/3147/2660 2587/3277/2783 1783/3278/1899
f 515/3146/2659 1927/3279/2784 2587/3277/2783 1709/3147/2660
f 525/3280/1896 1783/3278/1899 2587/3277/2783 1927/3279/2784
f 574/2637/2405 1424/2853/2403 2588/3281/2785 1393/2636/2786
f 1424/2853/2403 575/2775/2402 1579/3018/2787 2588/3281/2785
f 2588/3281/2785 1579/3018/2787 563/3020/2788 1787/3282/2789
f 1393/2636/2786 2588/3281/2785 1787/3282/2789 393/2635/2790
f 636/3075/2611 1735/3283/2608 2589/3284/2791 1837/3285/2792
f 1735/3283/2608 512/3071/2607 1921/3286/2793 2589/3284/2791
f 2589/3284/2791 1921/3286/2793 524/2023/1567 1487/2022/1566
f 1837/3285/2792 2589/3284/2791 1487/2022/1566 526/2021/1565
f 588/2856/2794 1572/3287/2795 2590/3288/2796 1489/2855/2797
f 1572/3287/2795 452/2676/2232 1567/2773/2318 2590/3288/2796
f 2590/3288/2796 1567/2773/2318 421/2639/2197 1369/2638/2196
f 1489/2855/2797 2590/3288/2796 1369/2638/2196 574/2637/2195
f 523/2658/2215 1824/3210/2723 2591/3289/2798 1926/3290/2799
f 1824/3210/2723 625/2293/1840 1758/3291/2800 2591/3289/2798
f 2591/3289/2798 1758/3291/2800 525/2346/1896 1927/3292/2784
f 1926/3290/2799 2591/3289/2798 1927/3292/2784 515/3293/2659
f 515/3146/2659 1960/3167/2685 2592/3294/2801 1926/3295/2799
f 633/3166/2168 1729/3296/2211 2592/3294/2801 1960/3167/2685
f 523/3297/2215 1926/3295/2799 2592/3294/2801 1729/3296/2211
f 387/2201/1747 1954/3298/1744 2593/3299/2802 1639/3199/2711
f 1954/3298/1744 388/2197/1743 1940/2933/2480 2593/3299/2802
f 2593/3299/2802 1940/2933/2480 378/2161/1713 1991/2160/1712
f 1639/3199/2711 2593/3299/2802 1991/2160/1712 551/2159/1711
f 461/2506/2057 1373/3300/2803 2594/3301/2804 1362/2502/2053
f 1373/3300/2803 462/2183/1729 1484/3302/1726 2594/3301/2804
f 2594/3301/2804 1484/3302/1726 366/2096/1647 1715/2099/1650
f 1362/2502/2053 2594/3301/2804 1715/2099/1650 538/2093/1644
f 627/3056/2513 1738/3054/2593 2595/3303/2805 1771/3304/2806
f 498/3027/2567 1587/3305/2626 2595/3303/2805 1738/3054/2593
f 637/3265/2629 1771/3304/2806 2595/3303/2805 1587/3305/2626
f 571/2485/2036 1981/3306/2807 2596/3307/2808 1911/2481/2031
f 1981/3306/2807 413/3154/2669 1697/3157/2672 2596/3307/2808
f 2596/3307/2808 1697/3157/2672 410/2767/2677 1478/2764/2809
f 1911/2481/2031 2596/3307/2808 1478/2764/2809 570/2478/2028
f 503/3308/2517 1734/3309/2514 2597/3310/2810 1777/3311/2811
f 627/3056/2513 1831/3312/2812 2597/3310/2810 1734/3309/2514
f 639/3261/1891 1777/3311/2811 2597/3310/2810 1831/3312/2812
f 464/2494/2045 1392/3313/2303 2598/3314/2813 1876/2489/2040
f 1392/3313/2303 600/2763/2307 1565/3315/2813 2598/3314/2813
f 2598/3314/2813 1565/3315/2813 613/3043/2581 1925/3316/2580
f 1876/2489/2040 2598/3314/2813 1925/3316/2580 486/2486/2037
f 511/2609/2164 1371/3172/2689 2599/3317/2814 1620/3318/2212
f 1371/3172/2689 636/3075/2611 1837/3285/2792 2599/3317/2814
f 2599/3317/2814 1837/3285/2792 526/2021/1565 1790/3319/2815
f 1620/3318/2212 2599/3317/2814 1790/3319/2815 522/2656/2213
f 3311/2651/2209 1683/2650/2208 2600/3320/2816 4352/3321/2817
f 1683/2650/2208 630/2396/1951 1650/2399/1954 2600/3320/2816
f 2600/3320/2816 1650/2399/1954 519/2402/1959 1871/3322/2818
f 4352/3321/2817 2600/3320/2816 1871/3322/2818 3122/3323/2819
f 556/2259/1806 1902/2262/1809 2601/3324/2820 1905/3191/2702
f 1902/2262/1809 3106/2267/1814 4467/3325/2821 2601/3324/2820
f 2601/3324/2820 4467/3325/2821 3115/2442/2821 1403/2445/2822
f 1905/3191/2702 2601/3324/2820 1403/2445/2822 454/2450/2703
f 359/2044/1590 1779/2050/1596 2602/3326/2823 1703/2897/2450
f 1779/2050/1596 356/2028/1572 1666/3081/2615 2602/3326/2823
f 2602/3326/2823 1666/3081/2615 614/2888/2441 1915/3327/2730
f 1703/2897/2450 2602/3326/2823 1915/3327/2730 490/2771/2316
f 625/3328/1840 1990/3329/2387 2603/3330/2824 1758/3331/2800
f 629/3332/1900 1439/3333/1897 2603/3330/2824 1990/3329/2387
f 525/3280/1896 1758/3331/2800 2603/3330/2824 1439/3333/1897
f 423/3070/2024 1609/3069/2606 2604/3334/2825 1448/3335/2025
f 1609/3069/2606 424/2378/1934 1401/2377/1933 2604/3334/2825
f 2604/3334/2825 1401/2377/1933 576/2221/1932 1608/2427/2826
f 1448/3335/2025 2604/3334/2825 1608/2427/2826 422/2143/2027
f 611/2319/2827 1525/3336/2828 2605/3337/2829 1670/2319/2830
f 1525/3336/2828 610/2372/1925 1932/2371/1924 2605/3337/2829
f 2605/3337/2829 1932/2371/1924 478/2321/1871 1971/2320/1870
f 1670/2319/2830 2605/3337/2829 1971/2320/1870 479/2319/1869
f 531/2032/1576 1408/3176/2691 2606/3338/2831 1433/2027/1571
f 1408/3176/2691 354/2640/2198 1585/2643/2201 2606/3338/2831
f 2606/3338/2831 1585/2643/2201 528/2646/2204 1950/2894/2447
f 1433/2027/1571 2606/3338/2831 1950/2894/2447 355/2024/1568
f 416/2327/1877 1759/2326/1876 2607/3339/2832 1760/3340/2833
f 1759/2326/1876 417/2325/1875 1421/3192/2834 2607/3339/2832
f 2607/3339/2832 1421/3192/2834 454/2450/2175 1553/2618/2172
f 1760/3340/2833 2607/3339/2832 1553/2618/2172 453/2617/2171
f 3104/2236/1783 1836/2233/1780 2608/3341/2835 4858/3342/2836
f 1836/2233/1780 559/2232/1779 1895/2570/2837 2608/3341/2835
f 2608/3341/2835 1895/2570/2837 585/2223/2838 1613/3343/2839
f 4858/3342/2836 2608/3341/2835 1613/3343/2839 3109/3344/2840
f 535/2077/2009 1503/2078/2841 2372/2079/2842 1504/2080/2843
f 535/2077/2009 1504/2080/2843 2609/2085/2844 1502/2086/2010
f 592/2544/2094 1839/2541/2091 2610/3345/2845 1848/3346/2846
f 1839/2541/2091 591/2540/2090 1780/3347/2256 2610/3345/2845
f 2610/3345/2845 1780/3347/2256 386/2206/1755 1658/2681/2237
f 1848/3346/2846 2610/3345/2845 1658/2681/2237 457/2680/2236
f 587/3348/2847 1604/3349/2848 2611/3350/2849 1370/3351/2850
f 1604/3349/2848 3111/3352/2851 4683/3353/2852 2611/3350/2849
f 2611/3350/2849 4683/3353/2852 3109/3344/2853 1613/3354/2854
f 1370/3351/2850 2611/3350/2849 1613/3354/2854 585/2223/2123
f 545/2929/2474 1570/3355/2855 2612/3356/2856 1822/3181/2696
f 1570/3355/2855 374/2499/2050 1851/3357/2857 2612/3356/2856
f 2612/3356/2856 1851/3357/2857 544/2313/1864 1739/2925/2471
f 1822/3181/2696 2612/3356/2856 1739/2925/2471 373/2359/1909
f 374/2499/2050 1570/3355/2858 2613/3358/2859 1548/2500/2051
f 1570/3355/2858 545/2929/2474 1404/3359/2472 2613/3358/2859
f 2613/3358/2859 1404/3359/2472 375/2227/1716 1802/3360/1714
f 1548/2500/2051 2613/3358/2859 1802/3360/1714 376/2157/1709
f 546/3361/2098 1646/3362/2349 2614/3363/2860 1647/3364/2861
f 547/3365/1696 1797/3366/2862 2614/3363/2860 1646/3362/2349
f 548/3134/2645 1647/3364/2861 2614/3363/2860 1797/3366/2862
f 548/3134/2645 1944/3367/2643 2615/3368/2863 1647/3364/2861
f 549/3369/2243 1648/3370/2241 2615/3368/2863 1944/3367/2643
f 546/3361/2098 1647/3364/2861 2615/3368/2863 1648/3370/2241
f 610/2372/1925 1525/3336/2828 2616/3371/2864 1509/2573/2125
f 1525/3336/2828 611/2319/2827 1692/3372/2865 2616/3371/2864
f 2616/3371/2864 1692/3372/2865 463/2504/2055 1388/2503/2054
f 1509/2573/2125 2616/3371/2864 1388/2503/2054 540/2091/1642
f 550/2178/1704 1945/3373/2866 2617/3374/2867 1799/3375/1699
f 548/3134/2645 1797/3366/2862 2617/3374/2867 1945/3373/2866
f 547/3365/1696 1799/3375/1699 2617/3374/2867 1797/3366/2862
f 587/3348/2129 1604/3376/2868 2618/3377/2869 1601/3378/2130
f 1604/3376/2868 3111/3379/2870 4768/3380/2870 2618/3377/2869
f 2618/3377/2869 4768/3380/2870 3110/2601/2156 1904/2600/2155
f 1601/3378/2130 2618/3377/2869 1904/2600/2155 448/2599/2131
f 552/2173/1721 1582/3381/2871 2619/3382/2872 1583/3383/2873
f 554/2272/1819 1888/2269/1816 2619/3382/2872 1582/3381/2871
f 555/2268/1815 1583/3383/2873 2619/3382/2872 1888/2269/1816
f 555/2268/1815 1740/3142/2655 2620/3384/2874 1583/3383/2873
f 553/2175/1723 1581/2174/1722 2620/3384/2874 1740/3142/2655
f 552/2173/1721 1583/3383/2873 2620/3384/2874 1581/2174/1722
f 558/2215/1764 1417/3385/2875 2621/3386/2876 1838/2312/1863
f 1417/3385/2875 559/2232/1779 1496/2235/1782 2621/3386/2876
f 2621/3386/2876 1496/2235/1782 381/2240/1787 1511/3387/2877
f 1838/2312/1863 2621/3386/2876 1511/3387/2877 380/2309/1860
f 419/2437/2878 1987/3388/2879 2622/3389/2880 1749/3239/2881
f 1987/3388/2879 420/3390/2882 1865/3391/2883 2622/3389/2880
f 2622/3389/2880 1865/3391/2883 451/2714/2264 1916/2713/2263
f 1749/3239/2881 2622/3389/2880 1916/2713/2263 449/2712/2262
f 478/2321/1871 1972/2368/1921 2623/3392/2884 1974/2317/1867
f 1972/2368/1921 480/2367/1920 1669/3393/2885 2623/3392/2884
f 2623/3392/2884 1669/3393/2885 483/2863/2415 1529/2862/2414
f 1974/2317/1867 2623/3392/2884 1529/2862/2414 484/2036/1581
f 451/2714/2726 1852/3212/2724 2624/3394/2886 1865/3391/2887
f 1852/3212/2724 450/3007/2548 1595/3269/2777 2624/3394/2886
f 2624/3394/2886 1595/3269/2777 418/3272/2781 1594/3395/2888
f 1865/3391/2887 2624/3394/2886 1594/3395/2888 420/3390/2889
f 3105/2869/2420 4757/3396/2890 2625/3397/2891 1920/2865/2417
f 4757/3396/2890 3298/3165/2684 1828/3164/2683 2625/3397/2891
f 2625/3397/2891 1828/3164/2683 390/2249/1796 1571/3398/1795
f 1920/2865/2417 2625/3397/2891 1571/3398/1795 389/2247/1794
f 3302/3399/2892 4268/3400/2893 2626/3401/2894 1665/3402/2895
f 4268/3400/2893 3301/2950/2893 1434/2947/2896 2626/3401/2894
f 2626/3401/2894 1434/2947/2896 581/2946/2675 1705/3158/2674
f 1665/3402/2895 2626/3401/2894 1705/3158/2674 582/2422/2673
f 374/2499/2050 1640/2496/2047 2627/3403/2897 1851/3357/2857
f 1640/2496/2047 491/2495/2046 1706/2811/2356 2627/3403/2897
f 2627/3403/2897 1706/2811/2356 557/2219/1768 1937/2314/1865
f 1851/3357/2857 2627/3403/2897 1937/2314/1865 544/2313/1864
f 471/2787/2333 1696/3404/2898 2628/3405/2899 1731/3406/2334
f 1696/3404/2898 595/2455/2007 1912/2452/2005 2628/3405/2899
f 2628/3405/2899 1912/2452/2005 361/2451/1623 1776/2562/2110
f 1731/3406/2334 2628/3405/2899 1776/2562/2110 470/2567/2114
f 432/2832/2900 1443/2830/2901 2629/3407/2902 1907/3408/2903
f 1443/2830/2901 433/2827/2904 1438/3409/2905 2629/3407/2902
f 2629/3407/2902 1438/3409/2905 428/2361/1911 1481/2408/1965
f 1907/3408/2903 2629/3407/2902 1481/2408/1965 431/2407/1964
f 396/2882/2906 1630/3410/2907 2630/3411/2908 1877/2881/2909
f 1630/3410/2907 397/2287/2910 1726/2282/2911 2630/3411/2908
f 2630/3411/2908 1726/2282/2911 404/2279/2912 1599/3412/2913
f 1877/2881/2909 2630/3411/2908 1599/3412/2913 567/2880/2914
f 509/2400/1955 1988/3413/2421 2631/3414/2915 1540/2401/1956
f 1988/3413/2421 508/2343/1893 1973/3415/2775 2631/3414/2915
f 2631/3414/2915 1973/3415/2775 637/3104/2629 1767/3103/2628
f 1540/2401/1956 2631/3414/2915 1767/3103/2628 518/2402/1957
f 3120/3416/2916 1405/3417/2917 2370/3418/2918 4208/3419/2919
f 2370/3418/2918 1982/2066/2920 364/2067/2069 1377/2521/2071
f 4208/3419/2919 2370/3418/2918 1377/2521/2071 3116/2525/2075
f 410/2767/2312 1479/3044/2921 2632/3420/2922 1659/2768/2313
f 1479/3044/2921 581/2946/2491 1755/2949/2494 2632/3420/2922
f 2632/3420/2922 1755/2949/2494 493/2661/2218 1623/3421/2663
f 1659/2768/2313 2632/3420/2922 1623/3421/2663 615/2769/2314
f 3300/3219/2923 1543/3216/2924 2633/3422/2925 4443/3423/2926
f 1543/3216/2924 445/2102/1653 1956/2105/1656 2633/3422/2925
f 2633/3422/2925 1956/2105/1656 619/2110/1661 1928/2945/2490
f 4443/3423/2926 2633/3422/2925 1928/2945/2490 3309/2944/2489
f 628/3060/2597 1702/3058/2595 2634/3424/2927 1488/3425/2928
f 1702/3058/2595 503/2974/2517 1777/3426/2811 2634/3424/2927
f 2634/3424/2927 1777/3426/2811 639/2341/1891 1510/2338/1888
f 1488/3425/2928 2634/3424/2927 1510/2338/1888 640/2337/1887
f 586/3070/2929 1710/3068/2930 2635/3427/2931 1432/3428/2932
f 1710/3068/2930 587/3348/2847 1370/3351/2850 2635/3427/2931
f 2635/3427/2931 1370/3351/2850 585/2223/2123 1628/2571/2122
f 1432/3428/2932 2635/3427/2931 1628/2571/2122 446/2223/2121
f 445/2102/2731 1792/3218/2734 2636/3429/2933 1695/2103/2934
f 1792/3218/2734 584/3119/2737 1556/3122/2935 2636/3429/2933
f 2636/3429/2933 1556/3122/2935 583/3119/2936 1600/3430/2937
f 1695/2103/2934 2636/3429/2933 1600/3430/2937 442/2106/2938
f 436/3431/2550 1363/3432/2939 2637/3433/2939 1655/3434/2940
f 442/3435/2938 1600/3436/2937 2637/3433/2939 1363/3432/2939
f 583/2558/2936 1655/3434/2940 2637/3433/2939 1600/3436/2937
f 583/2558/2936 1727/2559/2941 2638/3437/2941 1655/3434/2940
f 435/2549/2554 1873/3438/2551 2638/3437/2941 1727/2559/2941
f 436/3431/2550 1655/3434/2940 2638/3437/2941 1873/3438/2551
f 400/2433/2942 1725/2700/2943 2639/3439/2944 1398/3440/2945
f 1725/2700/2943 564/2701/2946 1752/3441/2947 2639/3439/2944
f 2639/3439/2944 1752/3441/2947 398/3442/2948 1872/3443/2949
f 1398/3440/2945 2639/3439/2944 1872/3443/2949 399/3444/2950
f 383/2786/2332 1965/3260/2772 2640/3445/2951 1501/2784/2330
f 1965/3260/2772 382/2737/2274 1766/2736/2284 2640/3445/2951
f 2640/3445/2951 1766/2736/2284 597/2735/2283 1468/3446/2952
f 1501/2784/2330 2640/3445/2951 1468/3446/2952 481/2413/2327
f 432/2832/2900 1907/3408/2903 2641/3447/2953 1445/3013/2954
f 1907/3408/2903 431/2407/1964 1908/2817/2364 2641/3447/2953
f 2641/3447/2953 1908/2817/2364 434/2820/2103 1764/3448/2100
f 1445/3013/2954 2641/3447/2953 1764/3448/2100 435/3012/2099
f 3108/3449/2955 1674/3450/2956 2642/3451/2957 4258/3452/2958
f 1674/3450/2956 584/3119/2642 1751/3120/2641 2642/3451/2957
f 2642/3451/2957 1751/3120/2641 444/2846/2640 1428/3453/2959
f 4258/3452/2958 2642/3451/2957 1428/3453/2959 3107/3454/2960
f 488/2896/2449 1524/2895/2448 2643/3455/2961 1451/3456/2576
f 1524/2895/2448 528/2646/2204 1456/2645/2203 2643/3455/2961
f 2643/3455/2961 1456/2645/2203 527/2060/1606 1513/2059/1605
f 1451/3456/2576 2643/3455/2961 1513/2059/1605 533/2058/1604
f 453/2617/2171 1532/2623/2180 2644/3457/2962 1760/3340/2833
f 1532/2623/2180 590/2448/2179 1596/3231/2963 2644/3457/2962
f 2644/3457/2962 1596/3231/2963 573/2448/2068 1817/2518/2067
f 1760/3340/2833 2644/3457/2962 1817/2518/2067 416/2327/1877
f 507/2019/1563 1562/3458/1984 2645/3459/2964 1704/2020/1564
f 1562/3458/1984 502/2295/1842 1686/3460/2722 2645/3459/2964
f 2645/3459/2964 1686/3460/2722 522/2656/2213 1790/3319/2815
f 1704/2020/1564 2645/3459/2964 1790/3319/2815 526/2021/1565
f 504/2393/1948 1919/3002/2541 2646/3461/2965 1515/2394/1949
f 1919/3002/2541 505/2669/2226 1671/3462/2966 2646/3461/2965
f 2646/3461/2965 1671/3462/2966 480/2367/1920 1514/2370/1923
f 1515/2394/1949 2646/3461/2965 1514/2370/1923 477/2374/1927
f 537/2081/1628 1503/2078/1630 2647/2715/2967 1951/3463/2968
f 535/2077/2009 1505/2076/2969 2647/2715/2970 1503/2078/2841
f 593/3464/2971 1951/3463/2968 2647/2715/2967 1505/2076/2969
f 593/3464/2971 1969/3465/2972 2648/3466/2972 1951/3463/2968
f 594/3467/2973 1952/3468/2974 2648/3466/2972 1969/3465/2972
f 537/2081/1628 1951/3463/2968 2648/3466/2972 1952/3468/2974
f 595/3469/2007 1840/3470/2975 2649/2717/2975 1506/2716/2008
f 593/3464/2971 1505/2076/2969 2649/2717/2975 1840/3470/2975
f 535/2077/2009 1506/2716/2008 2649/2717/2976 1505/2076/2969
f 369/2188/1734 1936/2531/2081 2650/3471/2977 1472/2877/2428
f 1936/2531/2081 368/2533/2083 1934/3472/2508 2650/3471/2977
f 2650/3471/2977 1934/3472/2508 465/3473/2507 1866/3474/2978
f 1472/2877/2428 2650/3471/2977 1866/3474/2978 466/2874/2425
f 366/2096/1647 1485/2182/1728 2651/3475/2979 1482/2097/1648
f 1485/2182/1728 468/2187/1733 1566/3476/2531 2651/3475/2979
f 2651/3475/2979 1566/3476/2531 467/3096/2530 1634/3477/2980
f 1482/2097/1648 2651/3475/2979 1634/3477/2980 367/2100/1651
f 476/2536/2086 1387/3478/2981 2652/3479/2982 1754/2537/2087
f 1387/3478/2981 472/2792/2338 1386/3480/2342 2652/3479/2982
f 2652/3479/2982 1386/3480/2342 473/2798/2344 1887/3481/2599
f 1754/2537/2087 2652/3479/2982 1887/3481/2599 604/2538/2088
f 533/2058/1604 1470/2057/1603 2653/3482/2983 1495/3033/2573
f 1470/2057/1603 534/2056/1602 1781/3205/2717 2653/3482/2983
f 2653/3482/2983 1781/3205/2717 574/2637/2719 1393/2636/2984
f 1495/3033/2573 2653/3482/2983 1393/2636/2984 393/2635/2570
f 447/2380/1936 1736/3483/2135 2654/3484/2985 1497/3485/2986
f 1736/3483/2135 586/3070/2126 1897/3486/2128 2654/3484/2985
f 2654/3484/2985 1897/3486/2128 448/2599/2131 1444/2598/2154
f 1497/3485/2986 2654/3484/2985 1444/2598/2154 585/2223/2153
f 605/2536/2362 1376/3487/2987 2655/3488/2988 1948/2536/2358
f 1376/3487/2987 603/2794/2340 1728/2793/2339 2655/3488/2988
f 2655/3488/2988 1728/2793/2339 472/2792/2338 1387/3478/2981
f 1948/2536/2358 2655/3488/2988 1387/3478/2981 476/2536/2086
f 358/2040/1586 1465/2043/1589 2656/3489/2989 1399/2205/1751
f 1465/2043/1589 357/2048/1594 1466/3190/2701 2656/3489/2989
f 2656/3489/2989 1466/3190/2701 417/2325/2705 1841/2324/2990
f 1399/2205/1751 2656/3489/2989 1841/2324/2990 572/2119/1752
f 570/2478/2991 1618/2479/2992 2657/3490/2993 1535/3491/2994
f 1618/2479/2992 402/2482/2995 1588/3492/2996 2657/3490/2993
f 2657/3490/2993 1588/3492/2996 401/2422/1977 1547/2834/2382
f 1535/3491/2994 2657/3490/2993 1547/2834/2382 411/2833/2381
f 621/3493/2511 1938/3494/2509 2658/3495/2997 1523/3496/2540
f 1938/3494/2509 368/2533/2083 1782/2532/2082 2658/3495/2997
f 2658/3495/2997 1782/2532/2082 541/2288/1835 1860/3497/1988
f 1523/3496/2540 2658/3495/2997 1860/3497/1988 622/2431/1987
f 516/2605/2160 1454/2602/2157 2659/3498/2998 1602/3499/2188
f 1454/2602/2157 517/2250/1797 1446/2253/1800 2659/3498/2998
f 2659/3498/2998 1446/2253/1800 643/2258/1805 1382/3004/2543
f 1602/3499/2188 2659/3498/2998 1382/3004/2543 642/2529/2079
f 626/2015/1559 1922/2954/2498 2660/3500/2999 1422/3095/2624
f 1922/2954/2498 501/2953/2497 1635/3016/2558 2660/3500/2999
f 2660/3500/2999 1635/3016/2558 367/2100/1651 1634/3477/2980
f 1422/3095/2624 2660/3500/2999 1634/3477/2980 467/3096/2530
f 365/2087/1638 1834/2090/1641 2661/3501/3000 1568/2392/1947
f 1834/2090/1641 539/2095/1646 1750/3017/2559 2661/3501/3000
f 2661/3501/3000 1750/3017/2559 500/2332/1882 1891/2329/1879
f 1568/2392/1947 2661/3501/3000 1891/2329/1879 624/2328/1878
f 441/3049/2590 1622/3502/3001 2662/3503/3002 1603/3504/3003
f 1622/3502/3001 582/2422/3004 1665/3402/3005 2662/3503/3002
f 2662/3503/3002 1665/3402/3005 3302/3399/3006 4754/3505/3007
f 1603/3504/3003 2662/3503/3002 4754/3505/3007 3112/3049/3008
f 452/2676/2232 1572/3506/2795 2663/3507/3009 1552/2677/2233
f 1572/3506/2795 588/2856/2794 1365/3202/3010 2663/3507/3009
f 2663/3507/3009 1365/3202/3010 580/2231/1917 1508/2366/1916
f 1552/2677/2233 2663/3507/3009 1508/2366/1916 439/2365/1915
f 441/3049/2590 1426/3048/2589 2664/3508/3011 1622/3502/3001
f 1426/3048/2589 412/2833/2588 1425/3509/3012 2664/3508/3011
f 2664/3508/3011 1425/3509/3012 413/3154/3013 1862/3155/3014
f 1622/3502/3001 2664/3508/3011 1862/3155/3014 582/2422/3004
f 370/3078/1677 1714/3077/2613 2665/3510/3015 1578/3238/2755
f 1714/3077/2613 487/2490/2041 1531/3511/2038 2665/3510/3015
f 2665/3510/3015 1531/3511/2038 486/2486/2037 1914/3041/2579
f 1578/3238/2755 2665/3510/3015 1914/3041/2579 543/3040/2322
f 616/2439/1995 1436/2940/2485 2666/3512/3016 1918/2440/1996
f 1436/2940/2485 360/2052/1598 1820/2055/1601 2666/3512/3016
f 2666/3512/3016 1820/2055/1601 527/2060/1606 1372/2644/2202
f 1918/2440/1996 2666/3512/3016 1372/2644/2202 529/2441/1997
f 1405/3417/2917 3120/3416/2916 4610/3513/3017 2704/3514/3018
f 380/2309/1860 1511/3515/2877 2667/3516/3019 1772/2924/2470
f 1511/3515/2877 381/2240/1787 1761/2942/2487 2667/3516/3019
f 2667/3516/3019 1761/2942/2487 619/2110/1661 1521/3517/1660
f 1772/2924/2470 2667/3516/3019 1521/3517/1660 618/2108/1659
f 554/2823/1819 1582/3518/2871 2668/3519/3020 1889/2824/2369
f 1582/3518/2871 552/3085/1721 1699/3088/2620 2668/3519/3020
f 2668/3519/3020 1699/3088/2620 497/3092/2622 1389/3520/3021
f 1889/2824/2369 2668/3519/3020 1389/3520/3021 609/2825/2370
f 567/2880/2431 1557/2878/2429 2669/3521/3022 1632/2884/3023
f 1557/2878/2429 403/2283/1830 1590/2418/1973 2669/3521/3022
f 2669/3521/3022 1590/2418/1973 401/2422/1977 1588/3492/2996
f 1632/2884/3023 2669/3521/3022 1588/3492/2996 402/2482/2995
f 420/3390/2889 1594/3395/2888 2670/3522/3024 1673/3523/3025
f 1594/3395/2888 418/3272/2781 1400/3524/3026 2670/3522/3024
f 2670/3522/3024 1400/3524/3026 399/3444/2950 1397/3525/3027
f 1673/3523/3025 2670/3522/3024 1397/3525/3027 566/2698/3028
f 449/2712/2758 1962/2711/3029 2671/3526/3030 1429/3241/2759
f 1962/2711/3029 579/2460/2011 1745/2463/2014 2671/3526/3030
f 2671/3526/3030 1745/2463/2014 492/2466/2018 1957/2935/2482
f 1429/3241/2759 2671/3526/3030 1957/2935/2482 620/2934/2481
f 571/2485/2386 1981/3306/3031 2672/3527/3032 1469/2836/2384
f 1981/3306/3031 413/3154/3013 1425/3509/3012 2672/3527/3032
f 2672/3527/3032 1425/3509/3012 412/2833/2588 1896/3528/3033
f 1469/2836/2384 2672/3527/3032 1896/3528/3033 411/2833/2381
f 585/2223/2153 1895/2570/3034 2673/3529/3035 1497/2376/2986
f 1895/2570/3034 559/2232/2706 1791/2570/2709 2673/3529/3035
f 2673/3529/3035 1791/2570/2709 446/2223/1928 1554/3485/1931
f 1497/2376/2986 2673/3529/3035 1554/3485/1931 447/2380/1936
f 505/2669/2226 1390/2666/2223 2674/3530/3036 1671/3462/2966
f 1390/2666/2223 506/2665/2222 1530/3083/2617 2674/3530/3036
f 2674/3530/3036 1530/3083/2617 483/2863/2415 1669/3531/2885
f 1671/3462/2966 2674/3530/3036 1669/3531/2885 480/2367/1920
f 406/2302/1852 1874/3532/3037 2675/3533/3038 1898/3534/3039
f 1874/3532/3037 398/3442/2948 1752/3441/2947 2675/3533/3038
f 2675/3533/3038 1752/3441/2947 564/2701/2946 1868/3178/3040
f 1898/3534/3039 2675/3533/3038 1868/3178/3040 405/2852/3041
f 568/2420/2034 1959/2483/2033 2676/3535/3042 1672/2419/3043
f 1959/2483/2033 402/2482/2032 1632/2884/3044 2676/3535/3042
f 2676/3535/3042 1632/2884/3044 567/2880/2914 1599/3412/2913
f 1672/2419/3043 2676/3535/3042 1599/3412/2913 404/2279/2912
f 370/3078/1677 1785/3536/1676 2677/3537/3045 1716/3074/2610
f 1785/3536/1676 372/2387/1675 1629/2386/1942 2677/3537/3045
f 2677/3537/3045 1629/2386/1942 510/2385/1941 1463/3538/3046
f 1716/3074/2610 2677/3537/3045 1463/3538/3046 512/3071/2607
f 548/3134/2645 1945/3373/2866 2678/3539/3047 1943/3131/2648
f 550/2178/1704 1832/3139/2652 2678/3539/3047 1945/3373/2866
f 634/3128/2300 1943/3131/2648 2678/3539/3047 1832/3139/2652
f 385/3116/2277 1652/3257/2770 2679/3540/3048 1903/3114/2634
f 1652/3257/2770 384/2607/2162 1651/3541/2161 2679/3540/3048
f 2679/3540/3048 1651/3541/2161 516/2605/2160 1494/3542/2185
f 1903/3114/2634 2679/3540/3048 1494/3542/2185 631/2626/2184
f 635/2254/1801 1984/3160/2679 2680/3543/3049 1612/2255/1802
f 1984/3160/2679 3312/3159/2678 4409/3544/3050 2680/3543/3049
f 2680/3543/3049 4409/3544/3050 3123/2906/2458 1407/3545/2457
f 1612/2255/1802 2680/3543/3049 1407/3545/2457 644/2256/1803
f 397/2287/1834 1885/2286/1833 2681/3546/3051 1657/3547/3052
f 1885/2286/1833 395/2285/1832 1826/3548/3053 2681/3546/3051
f 2681/3546/3051 1826/3548/3053 394/2631/2189 1794/3021/2563
f 1657/3547/3052 2681/3546/3051 1794/3021/2563 563/3020/2562
f 405/2852/3041 1966/2850/3054 2682/3549/3055 1898/3534/3039
f 1966/2850/3054 569/2117/1851 1979/2301/1850 2682/3549/3055
f 2682/3549/3055 1979/2301/1850 409/2300/1849 1413/2303/1853
f 1898/3534/3039 2682/3549/3055 1413/2303/1853 406/2302/1852
f 393/2635/2790 1787/3282/2789 2683/3550/3056 1577/3031/3057
f 1787/3282/2789 563/3020/2788 1657/3547/3058 2683/3550/3056
f 2683/3550/3056 1657/3547/3058 397/2287/2910 1630/3410/2907
f 1577/3031/3057 2683/3550/3056 1630/3410/2907 396/2882/2906
f 433/2827/2372 1607/3551/3059 2684/3552/3060 1538/2828/2373
f 1607/3551/3059 440/2679/2744 1946/3225/2741 2684/3552/3060
f 2684/3552/3060 1946/3225/2741 580/2231/2740 1589/2230/3061
f 1538/2828/2373 2684/3552/3060 1589/2230/3061 429/2229/2376
f 407/2308/1859 1423/3553/3062 2685/3554/3063 1411/2305/1855
f 1423/3553/3062 565/2694/3064 1467/3555/3065 2685/3554/3063
f 2685/3554/3063 1467/3555/3065 398/3442/2948 1874/3532/3037
f 1411/2305/1855 2685/3554/3063 1874/3532/3037 406/2302/1852
f 395/2285/1832 1884/2883/2434 2686/3556/3066 1826/3548/3053
f 1884/2883/2434 396/2882/2433 1577/3557/3067 2686/3556/3066
f 2686/3556/3066 1577/3557/3067 393/2635/2193 1575/2632/2190
f 1826/3548/3053 2686/3556/3066 1575/2632/2190 394/2631/2189
f 3303/2592/2146 1854/2591/2072 2687/3558/3068 4713/3559/3069
f 1854/2591/2072 537/2522/1628 1952/3560/2974 2687/3558/3068
f 2687/3558/3068 1952/3560/2974 594/3561/2973 1558/3562/3070
f 4713/3559/3069 2687/3558/3068 1558/3562/3070 3305/3563/3071
f 440/2679/2235 1551/2678/2234 2688/3564/3072 1607/3551/3073
f 1551/2678/2234 439/2365/1915 1455/2362/1912 2688/3564/3072
f 2688/3564/3072 1455/2362/1912 428/2361/1911 1438/3409/2905
f 1607/3551/3073 2688/3564/3072 1438/3409/2905 433/2827/2904
f 418/3272/2781 1593/3271/2780 2689/3565/3074 1400/3524/3026
f 1593/3271/2780 419/2437/2779 1569/3566/3075 2689/3565/3074
f 2689/3565/3074 1569/3566/3075 400/2433/2942 1398/3440/2945
f 1400/3524/3026 2689/3565/3074 1398/3440/2945 399/3444/2950
f 446/2223/2121 1687/2222/3076 2690/3567/3077 1432/3568/2932
f 1687/2222/3076 576/2221/1982 1746/3569/1981 2690/3567/3077
f 2690/3567/3077 1746/3569/1981 426/2425/1980 1368/3570/3078
f 1432/3568/2932 2690/3567/3077 1368/3570/3078 586/3070/2929
f 399/3444/2950 1872/3443/2949 2691/3571/3079 1397/3525/3027
f 1872/3443/2949 398/3442/2948 1467/3555/3065 2691/3571/3079
f 2691/3571/3079 1467/3555/3065 565/2694/3064 1442/2695/3080
f 1397/3525/3027 2691/3571/3079 1442/2695/3080 566/2698/3028
f 444/2846/2640 1549/3572/3081 2692/3573/3082 1428/3453/2959
f 1549/3572/3081 445/2102/3083 1543/3574/3084 2692/3573/3082
f 2692/3573/3082 1543/3574/3084 3300/3575/3085 4792/3576/3085
f 1428/3453/2959 2692/3573/3082 4792/3576/3085 3107/3454/2960
f 512/3071/2607 1463/3538/3046 2693/3577/3086 1921/3286/2793
f 1463/3538/3046 510/2385/1941 1464/3253/2766 2693/3577/3086
f 2693/3577/3086 1464/3253/2766 521/2958/2502 1631/2957/2501
f 1921/3286/2793 2693/3577/3086 1631/2957/2501 524/2023/1567
f 581/2946/2582 1459/3046/2585 2694/3578/3087 1434/2947/3088
f 1459/3046/2585 441/3049/2590 1603/3504/3003 2694/3578/3087
f 2694/3578/3087 1603/3504/3003 3112/3049/3008 4666/3579/3089
f 1434/2947/3088 2694/3578/3087 4666/3579/3089 3301/2950/3090
f 417/2325/2752 1500/3229/2749 2695/3580/3091 1841/2324/3092
f 1500/3229/2749 573/2448/2748 1367/2517/3093 2695/3580/3091
f 2695/3580/3091 1367/2517/3093 415/2111/1662 1747/3581/1665
f 1841/2324/3092 2695/3580/3091 1747/3581/1665 572/2119/1670
f 411/2833/2381 1896/3528/3033 2696/3582/3094 1535/3491/2994
f 1896/3528/3033 412/2833/2588 1586/3047/2587 2696/3582/3094
f 2696/3582/3094 1586/3047/2587 410/2767/2586 1478/2764/3095
f 1535/3491/2994 2696/3582/3094 1478/2764/3095 570/2478/2991
f 500/2332/1882 1679/3014/2556 2697/3583/3096 1680/2333/1883
f 1679/3014/2556 501/2953/2497 1977/2956/2500 2697/3583/3096
f 2697/3583/3096 1977/2956/2500 521/2958/2502 1480/3254/2767
f 1680/2333/1883 2697/3583/3096 1480/3254/2767 520/2334/1884
f 407/2308/2399 1423/3553/3097 2698/3584/3098 1420/2851/2400
f 1423/3553/3097 565/2694/2247 1882/2697/2250 2698/3584/3098
f 2698/3584/3098 1882/2697/2250 564/2701/2255 1868/3178/3099
f 1420/2851/2400 2698/3584/3098 1868/3178/3099 405/2852/2401
f 443/2846/2105 1694/3585/2393 2699/3586/3100 1835/3123/2639
f 1694/3585/2393 442/2106/2392 1695/3587/3101 2699/3586/3100
f 2699/3586/3100 1695/3587/3101 445/2102/3083 1549/3572/3081
f 1835/3123/2639 2699/3586/3100 1549/3572/3081 444/2846/2640
f 637/3265/2629 1477/3262/2773 2700/3588/3102 1771/3304/2806
f 639/3261/1891 1831/3312/2812 2700/3588/3102 1477/3262/2773
f 627/3056/2513 1771/3304/2806 2700/3588/3102 1831/3312/2812
f 640/3589/1887 1636/3590/2296 2701/3591/3103 1488/3592/2928
f 641/3276/1902 1537/3593/3104 2701/3591/3103 1636/3590/2296
f 628/3594/2597 1488/3592/2928 2701/3591/3103 1537/3593/3104
f 629/3332/1900 1545/3595/2600 2702/3596/3105 1633/3597/1901
f 628/3594/2597 1537/3593/3104 2702/3596/3105 1545/3595/2600
f 641/3276/1902 1633/3597/1901 2702/3596/3105 1537/3593/3104
f 400/2433/2253 1906/2699/2252 2703/3598/3106 1569/2434/3107
f 1906/2699/2252 566/2698/2251 1673/3523/3108 2703/3598/3106
f 2703/3598/3106 1673/3523/3108 420/3390/2882 1987/3388/2879
f 1569/2434/3107 2703/3598/3106 1987/3388/2879 419/2437/2878
f 499/2065/1611 1405/2062/1608 2704/3599/3109 1522/3247/2762
f 1405/2062/1608 3310/2061/1607 4610/3600/3110 2704/3599/3111
f 2704/3599/3109 4610/3600/3112 3122/3323/2819 1871/3322/2818
f 1522/3247/2762 2704/3599/3109 1871/3322/2818 519/2402/1959
f 2705/1/3113 3494/4/3113 4862/3/3113 3493/2/3113
f 2706/5/3114 3493/2/3113 4862/3/3113 3630/6/3115
f 2707/7/3116 3630/6/3115 4862/3/3113 3494/4/3113
f 2705/1/3117 3495/9/3117 4863/8/3117 3494/4/3117
f 2707/7/3118 3494/4/3117 4863/8/3117 3738/10/3119
f 2708/11/3120 3738/10/3119 4863/8/3117 3495/9/3117
f 2708/12/3120 3864/15/3121 4864/14/3122 3738/13/3119
f 2707/16/3118 3738/13/3119 4864/14/3122 3739/17/3123
f 2709/18/3124 3739/17/3123 4864/14/3122 3864/15/3121
f 2712/19/3125 3814/22/3126 4865/21/3127 3684/20/3128
f 2711/23/3129 3684/20/3128 4865/21/3127 3685/24/3127
f 2717/25/3130 3685/24/3127 4865/21/3127 3814/22/3126
f 2717/25/3130 3814/22/3126 4866/27/3131 3433/26/3132
f 2720/28/3133 3433/26/3132 4866/27/3131 3815/29/3134
f 2712/19/3125 3815/29/3134 4866/27/3131 3814/22/3126
f 2721/30/3135 3741/33/3136 4867/32/3137 3575/31/3138
f 2718/34/3137 3575/31/3138 4867/32/3137 3740/35/3137
f 2715/36/3139 3740/35/3137 4867/32/3137 3741/33/3136
f 2720/28/3133 3816/39/3140 4868/38/3141 3817/37/3142
f 2729/40/3143 3817/37/3142 4868/38/3141 3498/41/3141
f 2721/30/3135 3498/41/3141 4868/38/3141 3816/39/3140
f 2730/42/3144 3689/45/3145 4869/44/3145 3635/43/3146
f 2732/46/3147 3635/43/3146 4869/44/3145 3690/47/3145
f 2727/48/3145 3690/47/3145 4869/44/3145 3689/45/3145
f 2728/49/3148 3818/52/3149 4870/51/3150 3688/50/3150
f 2727/48/3150 3688/50/3150 4870/51/3150 3690/47/3150
f 2732/46/3151 3690/47/3150 4870/51/3150 3818/52/3149
f 2728/49/3148 3819/54/3152 4871/53/3152 3818/52/3149
f 2732/46/3151 3818/52/3149 4871/53/3152 3870/55/3153
f 2733/56/3154 3870/55/3153 4871/53/3152 3819/54/3152
f 2733/56/3154 3437/58/3155 4872/57/3155 3870/55/3153
f 2732/46/3151 3870/55/3153 4872/57/3155 3871/59/3155
f 2734/60/3155 3871/59/3155 4872/57/3155 3437/58/3155
f 2730/42/3144 3635/43/3146 4873/62/3156 3636/61/3156
f 2735/63/3157 3636/61/3156 4873/62/3156 3872/64/3158
f 2732/46/3147 3872/64/3158 4873/62/3156 3635/43/3146
f 2726/65/3159 3577/68/3160 4874/67/3161 3579/66/3161
f 2737/69/3162 3579/66/3161 4874/67/3161 3746/70/3163
f 2731/71/3164 3746/70/3163 4874/67/3161 3577/68/3160
f 2737/69/3162 3746/70/3163 4875/73/3165 3500/72/3165
f 2738/74/3166 3500/72/3165 4875/73/3165 3747/75/3167
f 2731/71/3164 3747/75/3167 4875/73/3165 3746/70/3163
f 2738/74/3166 3747/75/3167 4876/77/3168 3637/76/3168
f 2739/78/3168 3637/76/3168 4876/77/3168 3748/79/3168
f 2731/71/3164 3748/79/3168 4876/77/3168 3747/75/3167
f 2872/80/3169 3629/83/3170 4877/82/3171 3723/81/3172
f 3723/81/3172 4877/82/3171 3597/85/62 2891/84/61
f 4877/82/3171 3655/87/3173 2890/86/63 3597/85/62
f 3629/83/3170 2871/88/3174 3655/87/3173 4877/82/3171
f 2720/28/3133 3817/37/3142 4878/90/3175 3820/89/3176
f 2740/91/3177 3820/89/3176 4878/90/3175 3501/92/3175
f 2729/40/3143 3501/92/3175 4878/90/3175 3817/37/3142
f 2742/93/3178 3874/96/3179 4879/95/3180 3439/94/3181
f 2741/97/3182 3439/94/3181 4879/95/3180 3873/98/3180
f 2740/91/3177 3873/98/3180 4879/95/3180 3874/96/3179
f 2742/93/3178 3821/100/3183 4880/99/3184 3874/96/3179
f 2740/91/3177 3874/96/3179 4880/99/3184 3820/89/3176
f 2720/28/3133 3820/89/3176 4880/99/3184 3821/100/3183
f 2743/101/3185 3440/104/3186 4881/103/3187 3822/102/3188
f 2736/105/3189 3822/102/3188 4881/103/3187 3438/106/3190
f 2717/25/3130 3438/106/3190 4881/103/3187 3440/104/3186
f 2734/60/3191 3580/109/3192 4882/108/3193 3578/107/3194
f 2736/105/3189 3578/107/3194 4882/108/3193 3822/102/3188
f 2743/101/3185 3822/102/3188 4882/108/3193 3580/109/3192
f 2743/101/3185 3692/111/3195 4883/110/3196 3440/104/3186
f 2717/25/3130 3440/104/3186 4883/110/3196 3685/24/3196
f 2711/23/3197 3685/24/3196 4883/110/3196 3692/111/3195
f 2733/112/3198 3478/115/3199 4884/114/3200 3437/113/3200
f 2734/60/3191 3437/113/3200 4884/114/3200 3580/109/3192
f 2743/101/3185 3580/109/3192 4884/114/3200 3478/115/3199
f 2744/116/3201 3441/119/3202 4885/118/3202 3693/117/3203
f 2711/23/3197 3693/117/3203 4885/118/3202 3432/120/3202
f 2709/121/3202 3432/120/3202 4885/118/3202 3441/119/3202
f 2747/122/3204 3503/125/3205 4886/124/3206 3640/123/3206
f 2746/126/3206 3640/123/3206 4886/124/3206 3502/127/3206
f 2745/128/3207 3502/127/3206 4886/124/3206 3503/125/3205
f 2745/128/3207 3503/125/3205 4887/130/3208 3504/129/3209
f 2748/131/3210 3504/129/3209 4887/130/3208 3750/132/3208
f 2747/122/3204 3750/132/3208 4887/130/3208 3503/125/3205
f 2749/133/3211 3444/136/3212 4888/135/3213 3443/134/3213
f 2750/137/3213 3443/134/3213 4888/135/3213 3582/138/3213
f 2751/139/3214 3582/138/3213 4888/135/3213 3444/136/3212
f 2751/139/3214 3444/136/3212 4889/141/3215 3695/140/3216
f 2752/142/3217 3695/140/3216 4889/141/3215 3445/143/3215
f 2749/133/3211 3445/143/3215 4889/141/3215 3444/136/3212
f 2750/144/3218 3666/147/3219 4890/146/3220 3443/145/3221
f 3443/145/3221 4890/146/3220 3447/149/3222 2749/148/3223
f 4890/146/3220 3507/151/3224 2762/150/3225 3447/149/3222
f 3666/147/3219 2761/152/3226 3507/151/3224 4890/146/3220
f 2756/153/3227 3642/156/3228 4891/155/3229 3825/154/3229
f 2752/142/3217 3825/154/3229 4891/155/3229 3824/157/3230
f 2754/158/3231 3824/157/3230 4891/155/3229 3642/156/3228
f 2754/158/3231 3642/156/3228 4892/160/3232 3644/159/3232
f 2759/161/3233 3644/159/3232 4892/160/3232 3875/162/3234
f 2756/153/3227 3875/162/3234 4892/160/3232 3642/156/3228
f 2760/163/3235 3827/166/3236 4893/165/3237 3583/164/3238
f 2758/167/3239 3583/164/3238 4893/165/3237 3584/168/3237
f 2761/169/3240 3584/168/3237 4893/165/3237 3827/166/3236
f 2761/169/3240 3827/166/3236 4894/171/3241 3507/170/3241
f 2762/172/3241 3507/170/3241 4894/171/3241 3828/173/3241
f 2760/163/3235 3828/173/3241 4894/171/3241 3827/166/3236
f 2763/174/3242 3829/177/3243 4895/176/3244 3448/175/3244
f 2757/178/3245 3448/175/3244 4895/176/3244 3446/179/3246
f 2760/163/3235 3446/179/3246 4895/176/3244 3829/177/3243
f 2760/163/3235 3829/177/3243 4896/181/3247 3830/180/3247
f 2764/182/3248 3830/180/3247 4896/181/3247 3753/183/3249
f 2763/174/3242 3753/183/3249 4896/181/3247 3829/177/3243
f 2763/174/3250 3755/186/3251 4897/185/3252 3754/184/3252
f 2766/187/3252 3754/184/3252 4897/185/3252 3585/188/3252
f 2767/189/3253 3585/188/3252 4897/185/3252 3755/186/3251
f 2767/189/3253 3755/186/3251 4898/191/3254 3698/190/3254
f 2759/161/3255 3698/190/3254 4898/191/3254 3697/192/3256
f 2763/174/3250 3697/192/3256 4898/191/3254 3755/186/3251
f 2756/153/3227 3878/194/3257 4899/193/3258 3875/162/3234
f 2759/161/3233 3875/162/3234 4899/193/3258 3698/190/3258
f 2767/189/3259 3698/190/3258 4899/193/3258 3878/194/3257
f 2767/189/3259 3878/194/3257 4900/196/3260 3699/195/3260
f 2768/197/3261 3699/195/3260 4900/196/3260 3879/198/3260
f 2756/153/3227 3879/198/3260 4900/196/3260 3878/194/3257
f 2855/199/3262 3565/202/3263 4901/201/3264 3624/200/3265
f 3624/200/3265 4901/201/3264 3526/204/3266 2857/203/3267
f 4901/201/3264 3564/206/3268 2854/205/3269 3526/204/3266
f 3565/202/3263 2851/207/3270 3564/206/3268 4901/201/3264
f 2788/208/3271 3512/211/3272 4902/210/3273 3648/209/3274
f 3648/209/3274 4902/210/3273 3833/213/3275 2789/212/3276
f 4902/210/3273 3832/215/3277 2786/214/3278 3833/213/3275
f 3512/211/3272 2787/216/3279 3832/215/3277 4902/210/3273
f 2792/217/3280 3884/220/3281 4903/219/3282 3588/218/3283
f 3588/218/3283 4903/219/3282 3456/222/3284 2793/221/3285
f 4903/219/3282 3883/224/3286 2791/223/3287 3456/222/3284
f 3884/220/3281 2790/225/3288 3883/224/3286 4903/219/3282
f 2792/217/3289 3588/218/3290 4904/227/3291 3587/226/3292
f 3587/226/3292 4904/227/3291 3455/229/3293 2784/228/3294
f 4904/227/3291 3491/231/3295 2783/230/3296 3455/229/3293
f 3588/218/3290 2793/221/3297 3491/231/3295 4904/227/3291
f 2790/225/3288 3649/233/3298 4905/232/3299 3883/224/3286
f 3883/224/3286 4905/232/3299 3760/234/3300 2791/223/3287
f 4905/232/3299 3648/209/3301 2789/212/3302 3760/234/3300
f 3649/233/3298 2788/208/3303 3648/209/3301 4905/232/3299
f 2746/235/3304 3502/238/3305 4906/237/3306 3442/236/3307
f 3442/236/3307 4906/237/3306 3478/240/3199 2733/239/3198
f 4906/237/3306 3694/242/3308 2743/241/3185 3478/240/3199
f 3502/238/3305 2745/243/3309 3694/242/3308 4906/237/3306
f 2712/244/3125 3812/247/3310 4907/246/3311 3813/245/3312
f 3813/245/3312 4907/246/3311 3631/249/3313 2715/248/3314
f 4907/246/3311 3496/251/3315 2714/250/3316 3631/249/3313
f 3812/247/3310 2713/252/3317 3496/251/3315 4907/246/3311
f 2715/248/3318 3631/255/3319 4908/254/3320 3740/253/3321
f 3740/253/3321 4908/254/3320 3866/257/3322 2718/256/3323
f 4908/254/3320 3632/259/3324 2716/258/3325 3866/257/3322
f 3631/255/3319 2714/260/3326 3632/259/3324 4908/254/3320
f 2721/261/3135 3575/264/3138 4909/263/3327 3497/262/3328
f 3497/262/3328 4909/263/3327 3634/266/3329 2726/265/3159
f 4909/263/3327 3576/268/3330 2722/267/3331 3634/266/3329
f 3575/264/3138 2718/256/3332 3576/268/3330 4909/263/3327
f 2729/269/3333 3498/272/3334 4910/271/3335 3499/270/3336
f 3499/270/3336 4910/271/3335 3579/274/3337 2737/273/3338
f 4910/271/3335 3497/262/3328 2726/265/3159 3579/274/3337
f 3498/272/3334 2721/261/3135 3497/262/3328 4910/271/3335
f 2724/275/3339 3742/278/3340 4911/277/3341 3868/276/3342
f 3868/276/3342 4911/277/3341 3435/280/3343 2730/279/3344
f 4911/277/3341 3743/282/3345 2725/281/3346 3435/280/3343
f 3742/278/3340 2723/283/3347 3743/282/3345 4911/277/3341
f 2725/281/3348 3434/285/3349 4912/284/3350 3435/280/3351
f 3435/280/3351 4912/284/3350 3689/286/3352 2730/279/3353
f 4912/284/3350 3688/288/3354 2727/287/3355 3689/286/3352
f 3434/285/3349 2728/289/3356 3688/288/3354 4912/284/3350
f 2722/267/3357 3633/292/3358 4913/291/3359 3634/290/3329
f 3634/290/3329 4913/291/3359 3577/293/3160 2726/265/3159
f 4913/291/3359 3869/295/3360 2731/294/3164 3577/293/3160
f 3633/292/3358 2724/275/3361 3869/295/3360 4913/291/3359
f 2731/294/3362 3869/298/3363 4914/297/3364 3745/296/3365
f 3745/296/3365 4914/297/3364 3636/300/3366 2735/299/3367
f 4914/297/3364 3868/276/3342 2730/279/3344 3636/300/3366
f 3869/298/3363 2724/275/3339 3868/276/3342 4914/297/3364
f 2898/301/260 3659/304/3368 4915/303/3369 3787/302/261
f 3787/302/261 4915/303/3369 3599/306/3370 2900/305/264
f 4915/303/3369 3645/308/3371 2750/307/3218 3599/306/3370
f 3659/304/3368 2855/309/3262 3645/308/3371 4915/303/3369
f 2740/310/3372 3638/313/3373 4916/312/3374 3873/311/3375
f 3873/311/3375 4916/312/3374 3749/315/3376 2741/314/3377
f 4916/312/3374 3637/317/3378 2739/316/3379 3749/315/3376
f 3638/313/3373 2738/318/3380 3637/317/3378 4916/312/3374
f 2785/319/3381 3881/322/3382 4917/321/3383 3702/320/3384
f 3702/320/3384 4917/321/3383 3832/215/3385 2787/216/3386
f 4917/321/3383 3882/323/3387 2786/214/3388 3832/215/3385
f 3881/322/3382 2782/324/3389 3882/323/3387 4917/321/3383
f 2742/325/3178 3439/328/3181 4918/327/3390 3835/326/3391
f 3835/326/3391 4918/327/3390 3872/330/3158 2732/329/3147
f 4918/327/3390 3691/331/3392 2735/299/3157 3872/330/3158
f 3439/328/3181 2741/314/3182 3691/331/3392 4918/327/3390
f 2720/332/3133 3815/335/3134 4919/334/3393 3816/333/3140
f 3816/333/3140 4919/334/3393 3741/336/3136 2721/261/3135
f 4919/334/3393 3813/245/3394 2715/248/3139 3741/336/3136
f 3815/335/3134 2712/244/3125 3813/245/3394 4919/334/3393
f 2720/332/3133 3821/339/3183 4920/338/3395 3433/337/3132
f 3433/337/3132 4920/338/3395 3438/341/3190 2717/340/3130
f 4920/338/3395 3783/343/3396 2736/342/3189 3438/341/3190
f 3821/339/3183 2742/325/3178 3783/343/3396 4920/338/3395
f 2744/344/3397 3823/347/3398 4921/346/3399 3639/345/3400
f 3639/345/3400 4921/346/3399 3641/349/3401 2706/348/3114
f 4921/346/3399 3504/351/3209 2748/350/3210 3641/349/3401
f 3823/347/3398 2745/243/3207 3504/351/3209 4921/346/3399
f 2755/352/3402 3506/355/3403 4922/354/3404 3751/353/3405
f 3751/353/3405 4922/354/3404 3643/357/3406 2757/356/3407
f 4922/354/3404 3505/359/3408 2754/358/3409 3643/357/3406
f 3506/355/3403 2753/360/3410 3505/359/3408 4922/354/3404
f 2758/361/3239 3752/364/3411 4923/363/3412 3583/362/3238
f 3583/362/3238 4923/363/3412 3446/366/3246 2760/365/3235
f 4923/363/3412 3751/353/3413 2757/356/3245 3446/366/3246
f 3752/364/3411 2755/352/3414 3751/353/3413 4923/363/3412
f 2763/367/3250 3448/370/3415 4924/369/3416 3697/368/3256
f 3697/368/3256 4924/369/3416 3644/372/3417 2759/371/3255
f 4924/369/3416 3643/357/3406 2754/358/3409 3644/372/3417
f 3448/370/3415 2757/356/3407 3643/357/3406 4924/369/3416
f 2765/373/3418 3877/376/3419 4925/375/3420 3449/374/3421
f 3449/374/3421 4925/375/3420 3754/378/3422 2766/377/3423
f 4925/375/3420 3753/379/3249 2763/367/3242 3754/378/3422
f 3877/376/3419 2764/380/3248 3753/379/3249 4925/375/3420
f 2911/381/319 3604/384/3424 4926/383/3425 3486/382/319
f 3486/382/319 4926/383/3425 3542/386/3426 2912/385/322
f 4926/383/3425 3572/388/3427 2870/387/3428 3542/386/3426
f 3604/384/3424 2867/389/3429 3572/388/3427 4926/383/3425
f 2711/390/3129 3432/393/3430 4927/392/3431 3573/391/3432
f 3573/391/3432 4927/392/3431 3865/395/3433 2710/394/3434
f 4927/392/3431 3864/397/3121 2708/396/3120 3865/395/3433
f 3432/393/3430 2709/398/3124 3864/397/3121 4927/392/3431
f 2799/399/332 3513/402/332 4928/401/332 3703/400/332
f 3703/400/332 4928/401/332 3704/404/332 2797/403/332
f 4928/401/332 3652/406/332 2800/405/332 3704/404/332
f 3513/402/332 2801/407/332 3652/406/332 4928/401/332
f 2751/408/333 3696/411/333 4929/410/333 3672/409/333
f 3672/409/333 4929/410/333 3482/413/333 2896/412/333
f 4929/410/333 3537/415/334 2895/414/334 3482/413/333
f 3696/411/333 2753/416/3435 3537/415/334 4929/410/333
f 2796/417/3436 3591/420/3437 4930/419/3438 3589/418/3439
f 2798/421/3440 3589/418/3439 4930/419/3438 3834/422/3438
f 2801/423/3441 3834/422/3438 4930/419/3438 3591/420/3437
f 2801/423/3441 3591/420/3437 4931/425/342 3652/424/342
f 2800/426/342 3652/424/342 4931/425/342 3590/427/342
f 2796/417/3436 3590/427/342 4931/425/342 3591/420/3437
f 2756/428/3442 3825/431/3443 4932/430/3444 3876/429/3445
f 3876/429/3445 4932/430/3444 3830/433/3446 2764/432/3248
f 4932/430/3444 3826/435/3447 2760/434/3448 3830/433/3446
f 3825/431/3443 2752/436/3449 3826/435/3447 4932/430/3444
f 2909/437/351 3846/440/3450 4933/439/3451 3603/438/352
f 3603/438/352 4933/439/3451 3727/442/3452 2904/441/355
f 4933/439/3451 3750/444/3453 2747/443/3454 3727/442/3452
f 3846/440/3450 2748/445/3455 3750/444/3453 4933/439/3451
f 2722/267/3456 3686/447/3457 4934/446/3458 3633/292/3459
f 3633/292/3459 4934/446/3458 3742/278/3460 2724/275/3461
f 4934/446/3458 3687/448/3462 2723/283/3463 3742/278/3460
f 3686/447/3457 2719/449/3464 3687/448/3462 4934/446/3458
f 2719/450/3465 3867/453/3466 4935/452/3467 3707/451/3468
f 3707/451/3468 4935/452/3467 3656/455/3469 2810/454/3470
f 4935/452/3467 3632/457/3471 2714/456/3472 3656/455/3469
f 3867/453/3466 2716/458/3473 3632/457/3471 4935/452/3467
f 2911/381/378 3848/460/378 4936/459/378 3604/384/378
f 3604/384/378 4936/459/378 3477/461/378 2867/389/378
f 4936/459/378 3485/463/380 2866/462/379 3477/461/378
f 3848/460/378 2910/464/381 3485/463/380 4936/459/378
f 2823/465/3474 3852/468/3475 4937/467/3476 3614/466/3477
f 3614/466/3477 4937/467/3476 3800/470/3478 2826/469/3479
f 4937/467/3476 3799/472/3480 2821/471/3481 3800/470/3478
f 3852/468/3475 2728/473/3482 3799/472/3480 4937/467/3476
f 2929/474/3483 3735/477/3484 4938/476/3485 3607/475/3486
f 3607/475/3486 4938/476/3485 3884/479/3281 2792/478/3280
f 4938/476/3485 3850/481/3487 2790/480/3288 3884/479/3281
f 3735/477/3484 2927/482/3488 3850/481/3487 4938/476/3485
f 2872/483/3169 3528/486/3489 4939/485/3490 3629/484/3170
f 3629/484/3170 4939/485/3490 3811/488/3491 2871/487/3174
f 4939/485/3490 3810/490/3492 2869/489/3493 3811/488/3491
f 3528/486/3489 2870/491/3494 3810/490/3492 4939/485/3490
f 2756/428/3442 3876/429/3445 4940/493/3495 3879/492/3496
f 3879/492/3496 4940/493/3495 3450/495/3497 2768/494/3498
f 4940/493/3495 3877/497/3419 2765/496/3418 3450/495/3497
f 3876/429/3445 2764/432/3248 3877/497/3419 4940/493/3495
f 2819/498/3499 3765/501/3500 4941/500/3501 3613/499/3502
f 3613/499/3502 4941/500/3501 3797/503/3503 2815/502/3504
f 4941/500/3501 3798/505/3505 2813/504/3506 3797/503/3503
f 3765/501/3500 2816/506/3507 3798/505/3505 4941/500/3501
f 2709/507/3124 3441/510/3508 4942/509/3509 3739/508/3123
f 3739/508/3123 4942/509/3509 3630/512/3115 2707/511/3116
f 4942/509/3509 3639/345/3400 2706/348/3114 3630/512/3115
f 3441/510/3508 2744/344/3397 3639/345/3400 4942/509/3509
f 2854/205/3269 3806/514/3510 4943/513/3511 3526/204/3266
f 3526/204/3266 4943/513/3511 3776/515/3512 2857/203/3267
f 4943/513/3511 3807/517/3513 2856/516/3514 3776/515/3512
f 3806/514/3510 2853/518/3515 3807/517/3513 4943/513/3511
f 2744/344/3201 3693/520/3203 4944/519/3516 3823/347/3517
f 3823/347/3517 4944/519/3516 3694/242/3308 2745/243/3309
f 4944/519/3516 3692/521/3195 2743/241/3185 3694/242/3308
f 3693/520/3203 2711/390/3197 3692/521/3195 4944/519/3516
f 2784/522/3518 3455/525/3519 4945/524/3520 3586/523/3521
f 3586/523/3521 4945/524/3520 3881/322/3382 2785/319/3381
f 4945/524/3520 3880/526/3522 2782/324/3389 3881/322/3382
f 3455/525/3519 2783/527/3523 3880/526/3522 4945/524/3520
f 2767/528/3524 3699/531/3525 4946/530/3526 3585/529/3527
f 3585/529/3527 4946/530/3526 3449/533/3421 2766/532/3423
f 4946/530/3526 3450/495/3497 2765/496/3418 3449/533/3421
f 3699/531/3525 2768/494/3498 3450/495/3497 4946/530/3526
f 2718/256/3332 3866/257/3528 4947/534/3529 3576/268/3330
f 3576/268/3330 4947/534/3529 3686/447/3530 2722/267/3331
f 4947/534/3529 3867/535/3531 2719/449/3532 3686/447/3530
f 3866/257/3528 2716/258/3533 3867/535/3531 4947/534/3529
f 2752/436/3449 3445/537/3534 4948/536/3535 3826/435/3447
f 3826/435/3447 4948/536/3535 3828/538/3536 2760/434/3448
f 4948/536/3535 3447/149/3222 2762/150/3225 3828/538/3536
f 3445/537/3534 2749/148/3223 3447/149/3222 4948/536/3535
f 2831/539/3537 3801/542/3538 4949/541/3539 3617/540/3540
f 3617/540/3540 4949/541/3539 3770/544/3541 2833/543/3542
f 4949/541/3539 3802/546/3543 2832/545/3544 3770/544/3541
f 3801/542/3538 2829/547/3545 3802/546/3543 4949/541/3539
f 2915/548/3546 3543/551/3547 4950/550/3548 3544/549/3549
f 3544/549/3549 4950/550/3548 3680/553/3550 2918/552/3551
f 4950/550/3548 3701/555/3548 2777/554/3550 3680/553/3550
f 3543/551/3547 2778/556/3547 3701/555/3548 4950/550/3548
f 2909/437/351 3662/558/461 4951/557/3552 3846/440/3450
f 3846/440/3450 4951/557/3552 3641/559/3553 2748/445/3455
f 4951/557/3552 3661/561/3554 2706/560/3555 3641/559/3553
f 3662/558/461 2908/562/465 3661/561/3554 4951/557/3552
f 2810/454/3470 3610/565/3556 4952/564/3557 3466/563/3558
f 3466/563/3558 4952/564/3557 3556/566/3559 2821/471/3481
f 4952/564/3557 3611/568/3560 2811/567/3561 3556/566/3559
f 3610/565/3556 2807/569/3562 3611/568/3560 4952/564/3557
f 2805/570/3563 3794/573/3564 4953/572/3565 3705/571/3566
f 2804/574/3567 3705/571/3566 4953/572/3565 3706/575/3568
f 2806/576/3569 3706/575/3568 4953/572/3565 3794/573/3564
f 2806/576/3569 3794/573/3564 4954/578/3570 3514/577/3571
f 2808/579/3572 3514/577/3571 4954/578/3570 3795/580/3573
f 2805/570/3563 3795/580/3573 4954/578/3570 3794/573/3564
f 2739/316/3379 3748/583/3574 4955/582/3575 3749/581/3376
f 3749/581/3376 4955/582/3575 3691/331/3576 2741/314/3377
f 4955/582/3575 3745/296/3365 2735/299/3367 3691/331/3576
f 3748/583/3574 2731/294/3362 3745/296/3365 4955/582/3575
f 2906/584/487 3728/587/490 4956/586/3577 3459/585/3578
f 3459/585/3578 4956/586/3577 3855/589/3579 2818/588/3580
f 4956/586/3577 3838/591/3581 2817/590/3582 3855/589/3579
f 3728/587/490 2878/592/495 3838/591/3581 4956/586/3577
f 2810/593/3470 3656/596/3469 4957/595/3583 3464/594/3584
f 2812/597/3585 3464/594/3584 4957/595/3583 3612/598/3586
f 2714/599/3472 3612/598/3586 4957/595/3583 3656/596/3469
f 2810/593/3470 3761/602/3587 4958/601/3588 3707/600/3468
f 2719/603/3465 3707/600/3468 4958/601/3588 3687/604/3588
f 2723/605/3589 3687/604/3588 4958/601/3588 3761/602/3587
f 2723/605/3589 3744/608/3590 4959/607/3591 3743/606/3591
f 2725/609/3591 3743/606/3591 4959/607/3591 3434/610/3591
f 2728/611/3482 3434/610/3591 4959/607/3591 3744/608/3590
f 2723/605/3589 3761/602/3587 4960/613/3592 3766/612/3593
f 2821/614/3481 3766/612/3593 4960/613/3592 3466/615/3558
f 2810/593/3470 3466/615/3558 4960/613/3592 3761/602/3587
f 2728/611/3482 3744/608/3590 4961/617/3594 3799/616/3480
f 2821/614/3481 3799/616/3480 4961/617/3594 3766/612/3593
f 2723/605/3589 3766/612/3593 4961/617/3594 3744/608/3590
f 2758/618/3239 3567/621/3595 4962/620/3596 3752/619/3411
f 3752/619/3411 4962/620/3596 3778/623/3597 2755/622/3414
f 4962/620/3596 3475/625/3598 2859/624/3599 3778/623/3597
f 3567/621/3595 2858/626/3600 3475/625/3598 4962/620/3596
f 2826/627/3479 3467/630/3601 4963/629/3602 3614/628/3477
f 2823/631/3474 3614/628/3477 4963/629/3602 3615/632/3603
f 2828/633/3604 3615/632/3603 4963/629/3602 3467/630/3601
f 2828/633/3604 3709/635/3605 4964/634/3606 3615/632/3603
f 2823/631/3474 3615/632/3603 4964/634/3606 3616/636/3607
f 2830/637/3608 3616/636/3607 4964/634/3606 3709/635/3605
f 2830/637/3608 3709/635/3605 4965/639/3609 3521/638/3610
f 2831/640/3537 3521/638/3610 4965/639/3609 3710/641/3611
f 2828/633/3604 3710/641/3611 4965/639/3609 3709/635/3605
f 2841/642/3612 3618/645/3613 4966/644/3614 3803/643/3615
f 2837/646/3616 3803/643/3615 4966/644/3614 3781/647/3614
f 2839/648/3617 3781/647/3614 4966/644/3614 3618/645/3613
f 2746/649/3618 3619/652/3619 4967/651/3620 3620/650/3621
f 2843/653/3622 3620/650/3621 4967/651/3620 3472/654/3623
f 2842/655/3624 3472/654/3623 4967/651/3620 3619/652/3619
f 2845/656/3625 3562/659/3626 4968/658/3627 3473/657/3628
f 2842/655/3624 3473/657/3628 4968/658/3627 3472/654/3623
f 2843/653/3622 3472/654/3623 4968/658/3627 3562/659/3626
f 2843/653/3622 3562/659/3626 4969/661/3629 3563/660/3630
f 2846/662/3631 3563/660/3630 4969/661/3629 3804/663/3632
f 2845/656/3625 3804/663/3632 4969/661/3629 3562/659/3626
f 2799/664/3633 3458/667/3634 4970/666/3635 3513/665/3636
f 3513/665/3636 4970/666/3635 3834/668/3637 2801/407/3638
f 4970/666/3635 3457/670/3639 2798/669/3640 3834/668/3637
f 3458/667/3634 2795/671/3641 3457/670/3639 4970/666/3635
f 2847/672/3642 3621/675/3643 4971/674/3644 3623/673/3645
f 2852/676/3646 3623/673/3645 4971/674/3644 3646/677/3647
f 2839/648/3617 3646/677/3647 4971/674/3644 3621/675/3643
f 2852/676/3646 3716/680/3648 4972/679/3649 3715/678/3650
f 2853/681/3515 3715/678/3650 4972/679/3649 3807/682/3513
f 2856/683/3514 3807/682/3513 4972/679/3649 3716/680/3648
f 2857/684/3267 3566/687/3651 4973/686/3652 3550/685/3653
f 2761/688/3226 3550/685/3653 4973/686/3652 3584/689/3652
f 2758/690/3239 3584/689/3652 4973/686/3652 3566/687/3651
f 2860/691/3654 3568/694/3655 4974/693/3656 3476/692/3657
f 2858/695/3600 3476/692/3657 4974/693/3656 3475/696/3598
f 2859/697/3599 3475/696/3598 4974/693/3656 3568/694/3655
f 2860/691/3654 3718/699/3658 4975/698/3659 3568/694/3655
f 2859/697/3599 3568/694/3655 4975/698/3659 3569/700/3660
f 2861/701/3661 3569/700/3660 4975/698/3659 3718/699/3658
f 2863/702/3662 3627/705/3663 4976/704/3664 3626/703/3665
f 2866/706/3666 3626/703/3665 4976/704/3664 3477/707/3664
f 2867/708/3667 3477/707/3664 4976/704/3664 3627/705/3663
f 2868/709/3668 3570/712/3669 4977/711/3670 3720/710/3671
f 2860/691/3654 3720/710/3671 4977/711/3670 3719/713/3672
f 2867/708/3667 3719/713/3672 4977/711/3670 3570/712/3669
f 2839/648/3617 3618/645/3613 4978/715/3673 3628/714/3674
f 2868/709/3668 3628/714/3674 4978/715/3673 3862/716/3675
f 2841/642/3612 3862/716/3675 4978/715/3673 3618/645/3613
f 2869/717/3493 3571/720/3676 4979/719/3677 3721/718/3678
f 2868/709/3668 3721/718/3678 4979/719/3677 3570/712/3669
f 2867/708/3667 3570/712/3669 4979/719/3677 3571/720/3676
f 2867/708/3667 3571/720/3676 4980/722/3679 3572/721/3679
f 2870/723/3494 3572/721/3679 4980/722/3679 3810/724/3492
f 2869/717/3493 3810/724/3492 4980/722/3679 3571/720/3676
f 2862/725/3680 3808/728/3681 4981/727/3682 3527/726/3683
f 3527/726/3683 4981/727/3682 3625/730/3684 2864/729/3685
f 4981/727/3682 3809/732/3686 2863/731/3662 3625/730/3684
f 3808/728/3681 2861/733/3661 3809/732/3686 4981/727/3682
f 2907/734/600 3602/737/603 4982/736/3687 3540/735/3688
f 3540/735/3688 4982/736/3687 3495/739/3689 2705/738/3690
f 4982/736/3687 3831/741/3691 2708/740/3692 3495/739/3689
f 3602/737/603 2905/742/608 3831/741/3691 4982/736/3687
f 2836/743/3693 3469/746/3694 4983/745/3695 3711/744/3696
f 3711/744/3696 4983/745/3695 3781/748/3697 2839/747/3617
f 4983/745/3695 3470/750/3698 2837/749/3699 3781/748/3697
f 3469/746/3694 2834/751/3700 3470/750/3698 4983/745/3695
f 2732/329/3147 3871/754/3701 4984/753/3702 3835/752/3391
f 3835/752/3391 4984/753/3702 3783/343/3396 2742/325/3178
f 4984/753/3702 3578/755/3194 2736/342/3189 3783/343/3396
f 3871/754/3701 2734/756/3191 3578/755/3194 4984/753/3702
f 2828/757/3604 3558/760/3703 4985/759/3704 3710/758/3611
f 3710/758/3611 4985/759/3704 3801/542/3538 2831/539/3537
f 4985/759/3704 3559/761/3705 2829/547/3545 3801/542/3538
f 3558/760/3703 2827/762/3706 3559/761/3705 4985/759/3704
f 2840/763/3707 3712/766/3708 4986/765/3709 3773/764/3710
f 3773/764/3710 4986/765/3709 3621/768/3643 2847/767/3642
f 4986/765/3709 3711/744/3696 2839/747/3617 3621/768/3643
f 3712/766/3708 2836/743/3693 3711/744/3696 4986/765/3709
f 2796/769/3711 3650/772/3712 4987/771/3713 3590/770/3714
f 3590/770/3714 4987/771/3713 3704/773/3715 2800/405/3716
f 4987/771/3713 3651/775/3717 2797/774/3718 3704/773/3715
f 3650/772/3712 2794/776/3719 3651/775/3717 4987/771/3713
f 2753/360/3720 3696/778/3721 4988/777/3722 3505/359/3723
f 3505/359/3723 4988/777/3722 3824/779/3230 2754/358/3231
f 4988/777/3722 3695/781/3216 2752/780/3217 3824/779/3230
f 3696/778/3721 2751/782/3214 3695/781/3216 4988/777/3722
f 2803/783/3724 3553/786/3725 4989/785/3726 3592/784/3727
f 2874/787/644 3592/784/3727 4989/785/3726 3736/788/3728
f 2804/789/3567 3736/788/3728 4989/785/3726 3553/786/3725
f 2875/790/646 3653/793/649 4990/792/3729 3529/791/3730
f 3529/791/3730 4990/792/3729 3706/795/3568 2806/794/3569
f 4990/792/3729 3736/797/3728 2804/796/3567 3706/795/3568
f 3653/793/649 2874/798/644 3736/797/3728 4990/792/3729
f 2875/790/646 3529/791/3730 4991/800/3731 3836/799/650
f 3836/799/650 4991/800/3731 3782/802/3732 2876/801/652
f 4991/800/3731 3515/804/3733 2809/803/3734 3782/802/3732
f 3529/791/3730 2806/794/3569 3515/804/3733 4991/800/3731
f 2876/801/652 3782/802/3732 4992/806/656 3668/805/656
f 3668/805/656 4992/806/656 3530/808/658 2877/807/657
f 4992/806/656 3854/810/3735 2814/809/3736 3530/808/658
f 3782/802/3732 2809/803/3734 3854/810/3735 4992/806/656
f 2817/811/3582 3837/814/3737 4993/813/662 3518/812/3738
f 2814/815/3736 3518/812/3738 4993/813/662 3530/816/658
f 2877/817/657 3530/816/658 4993/813/662 3837/814/3737
f 2877/817/657 3837/814/3737 4994/819/3739 3531/818/664
f 2878/820/495 3531/818/664 4994/819/3739 3838/821/3581
f 2817/811/3582 3838/821/3581 4994/819/3739 3837/814/3737
f 2713/822/3740 3516/825/3741 4995/824/3742 3496/823/3743
f 3496/823/3743 4995/824/3742 3612/826/3586 2714/456/3472
f 4995/824/3742 3708/828/3744 2812/827/3585 3612/826/3586
f 3516/825/3741 2815/502/3504 3708/828/3744 4995/824/3742
f 2733/829/3198 3819/832/3745 4996/831/3746 3468/830/3747
f 3468/830/3747 4996/831/3746 3616/834/3607 2830/833/3608
f 4996/831/3746 3852/468/3475 2823/465/3474 3616/834/3607
f 3819/832/3745 2728/473/3482 3852/468/3475 4996/831/3746
f 2838/835/3748 3560/838/3749 4997/837/3750 3524/836/3751
f 3524/836/3751 4997/837/3750 3772/840/3752 2844/839/3753
f 4997/837/3750 3561/841/3754 2840/763/3707 3772/840/3752
f 3560/838/3749 2835/842/3755 3561/841/3754 4997/837/3750
f 2821/471/3481 3556/566/3559 4998/844/3756 3800/843/3478
f 3800/843/3478 4998/844/3756 3520/845/3757 2826/469/3479
f 4998/844/3756 3557/847/3758 2822/846/3759 3520/845/3757
f 3556/566/3559 2811/567/3561 3557/847/3758 4998/844/3756
f 2810/454/3470 3464/850/3584 4999/849/3760 3796/848/3761
f 3796/848/3761 4999/849/3760 3795/852/3573 2805/851/3563
f 4999/849/3760 3762/854/3762 2808/853/3572 3795/852/3573
f 3464/850/3584 2812/827/3585 3762/854/3762 4999/849/3760
f 2807/855/3763 3654/858/3764 5000/857/3765 3611/856/3766
f 3611/856/3766 5000/857/3765 3593/860/3767 2811/859/3768
f 5000/857/3765 3594/862/696 2879/861/695 3593/860/3767
f 3654/858/3764 2880/863/697 3594/862/696 5000/857/3765
f 2822/864/3759 3557/867/3758 5001/866/3769 3532/865/3770
f 3532/865/3770 5001/866/3769 3595/869/701 2881/868/700
f 5001/866/3769 3593/860/3767 2879/861/695 3595/869/701
f 3557/867/3758 2811/859/3768 3593/860/3767 5001/866/3769
f 2804/870/3567 3553/873/3725 5002/872/3771 3705/871/3566
f 3705/871/3566 5002/872/3771 3462/874/3772 2805/851/3563
f 5002/872/3771 3461/876/3773 2802/875/3774 3462/874/3772
f 3553/873/3725 2803/877/3724 3461/876/3773 5002/872/3771
f 2880/878/697 3480/881/3775 5003/880/3776 3669/879/706
f 2873/882/709 3669/879/706 5003/880/3776 3479/883/3777
f 2802/884/3774 3479/883/3777 5003/880/3776 3480/881/3775
f 2802/884/3774 3480/881/3775 5004/886/3778 3463/885/3779
f 2807/887/3763 3463/885/3779 5004/886/3778 3654/888/3764
f 2880/878/697 3654/888/3764 5004/886/3778 3480/881/3775
f 2881/889/700 3839/892/3780 5005/891/3781 3532/890/3770
f 2822/893/3759 3532/890/3770 5005/891/3781 3519/894/3782
f 2825/895/3783 3519/894/3782 5005/891/3781 3839/892/3780
f 2825/895/3783 3839/892/3780 5006/897/3784 3840/896/3785
f 2882/898/719 3840/896/3785 5006/897/3784 3784/899/719
f 2881/889/700 3784/899/719 5006/897/3784 3839/892/3780
f 2825/900/3783 3840/903/3785 5007/902/3786 3767/901/3787
f 3767/901/3787 5007/902/3786 3683/905/3788 2824/904/3789
f 5007/902/3786 3533/907/725 2883/906/724 3683/905/3788
f 3840/903/3785 2882/908/726 3533/907/725 5007/902/3786
f 2826/469/3479 3768/911/3790 5008/910/3791 3467/909/3601
f 3467/909/3601 5008/910/3791 3558/760/3703 2828/757/3604
f 5008/910/3791 3769/912/3792 2827/762/3706 3558/760/3703
f 3768/911/3790 2824/913/3789 3769/912/3792 5008/910/3791
f 2827/914/3706 3769/917/3792 5009/916/3793 3596/915/3794
f 3596/915/3794 5009/916/3793 3841/919/733 2884/918/732
f 5009/916/3793 3683/920/3788 2883/906/724 3841/919/733
f 3769/917/3792 2824/904/3789 3683/920/3788 5009/916/3793
f 2848/921/3795 3622/924/3796 5010/923/3797 3775/922/3798
f 3775/922/3798 5010/923/3797 3715/925/3650 2853/518/3515
f 5010/923/3797 3623/927/3645 2852/926/3646 3715/925/3650
f 3622/924/3796 2847/767/3642 3623/927/3645 5010/923/3797
f 2832/928/3544 3802/931/3543 5011/930/3799 3722/929/3800
f 3722/929/3800 5011/930/3799 3670/933/741 2886/932/740
f 5011/930/3799 3785/935/3801 2885/934/742 3670/933/741
f 3802/931/3543 2829/936/3545 3785/935/3801 5011/930/3799
f 2827/914/3706 3596/915/3794 5012/938/3802 3559/937/3705
f 3559/937/3705 5012/938/3802 3785/935/3801 2829/936/3545
f 5012/938/3802 3581/939/745 2885/934/742 3785/935/3801
f 3596/915/3794 2884/918/732 3581/939/745 5012/938/3802
f 2830/833/3608 3521/942/3610 5013/941/3803 3522/940/3804
f 3522/940/3804 5013/941/3803 3857/943/3805 2835/842/3755
f 5013/941/3803 3617/540/3540 2833/543/3542 3857/943/3805
f 3521/942/3610 2831/539/3537 3617/540/3540 5013/941/3803
f 2834/944/3700 3771/947/3806 5014/946/3807 3481/945/3808
f 3481/945/3808 5014/946/3807 3534/949/753 2887/948/752
f 5014/946/3807 3722/929/3800 2886/932/740 3534/949/753
f 3771/947/3806 2832/928/3544 3722/929/3800 5014/946/3807
f 2733/829/3198 3468/830/3747 5015/951/3809 3471/950/3810
f 3471/950/3810 5015/951/3809 3560/838/3749 2838/835/3748
f 5015/951/3809 3522/940/3804 2835/842/3755 3560/838/3749
f 3468/830/3747 2830/833/3608 3522/940/3804 5015/951/3809
f 2837/952/3699 3470/955/3698 5016/954/3811 3786/953/3812
f 3786/953/3812 5016/954/3811 3671/957/759 2888/956/758
f 5016/954/3811 3481/958/3808 2887/948/752 3671/957/759
f 3470/955/3698 2834/944/3700 3481/958/3808 5016/954/3811
f 2835/842/3755 3857/960/3805 5017/959/3813 3561/841/3754
f 3561/841/3754 5017/959/3813 3712/766/3708 2840/763/3707
f 5017/959/3813 3858/961/3814 2836/743/3693 3712/766/3708
f 3857/960/3805 2833/543/3542 3858/961/3814 5017/959/3813
f 2841/962/3612 3803/965/3615 5018/964/3815 3842/963/3816
f 3842/963/3816 5018/964/3815 3535/967/765 2889/966/764
f 5018/964/3815 3786/953/3817 2888/956/765 3535/967/765
f 3803/965/3615 2837/952/3616 3786/953/3817 5018/964/3815
f 2871/88/3818 3863/969/3819 5019/968/3820 3655/87/3821
f 3655/87/3821 5019/968/3820 3843/970/771 2890/86/771
f 5019/968/3820 3842/963/3816 2889/966/764 3843/970/771
f 3863/969/3819 2841/962/3612 3842/963/3816 5019/968/3820
f 2808/853/3572 3762/854/3762 5020/972/3822 3763/971/3823
f 3763/971/3823 5020/972/3822 3797/503/3503 2813/504/3506
f 5020/972/3822 3708/828/3744 2815/502/3504 3797/503/3503
f 3762/854/3762 2812/827/3585 3708/828/3744 5020/972/3822
f 2805/851/3563 3462/874/3772 5021/974/3824 3796/973/3761
f 3796/973/3761 5021/974/3824 3610/565/3556 2810/454/3470
f 5021/974/3824 3463/975/3779 2807/569/3562 3610/565/3556
f 3462/874/3772 2802/875/3774 3463/975/3779 5021/974/3824
f 2733/829/3198 3471/950/3810 5022/977/3825 3442/976/3307
f 3442/976/3307 5022/977/3825 3619/979/3619 2746/978/3618
f 5022/977/3825 3523/981/3826 2842/980/3624 3619/979/3619
f 3471/950/3810 2838/835/3748 3523/981/3826 5022/977/3825
f 2729/269/3333 3499/270/3336 5023/983/3827 3501/982/3828
f 3501/982/3828 5023/983/3827 3638/313/3373 2740/310/3372
f 5023/983/3827 3500/984/3829 2738/318/3380 3638/313/3373
f 3499/270/3336 2737/273/3338 3500/984/3829 5023/983/3827
f 2844/839/3753 3772/840/3752 5024/986/3830 3714/985/3831
f 3714/985/3831 5024/986/3830 3622/924/3796 2848/921/3795
f 5024/986/3830 3773/764/3710 2847/767/3642 3622/924/3796
f 3772/840/3752 2840/763/3707 3773/764/3710 5024/986/3830
f 2845/987/3625 3713/990/3832 5025/989/3833 3805/988/3834
f 3805/988/3834 5025/989/3833 3774/992/3835 2849/991/3836
f 5025/989/3833 3714/985/3831 2848/921/3795 3774/992/3835
f 3713/990/3832 2844/839/3753 3714/985/3831 5025/989/3833
f 2849/991/3836 3774/992/3835 5026/994/3837 3860/993/3838
f 3860/993/3838 5026/994/3837 3806/514/3510 2854/205/3269
f 5026/994/3837 3775/922/3798 2853/518/3515 3806/514/3510
f 3774/992/3835 2848/921/3795 3775/922/3798 5026/994/3837
f 2846/995/3631 3804/998/3632 5027/997/3839 3525/996/3840
f 3525/996/3840 5027/997/3839 3859/1000/3841 2850/999/3842
f 5027/997/3839 3805/988/3834 2849/991/3836 3859/1000/3841
f 3804/998/3632 2845/987/3625 3805/988/3834 5027/997/3839
f 2858/626/3600 3777/1003/3843 5028/1002/3844 3476/1001/3657
f 3476/1001/3657 5028/1002/3844 3717/1005/3845 2860/1004/3654
f 5028/1002/3844 3716/1006/3648 2852/926/3646 3717/1005/3845
f 3777/1003/3843 2856/516/3514 3716/1006/3648 5028/1002/3844
f 2857/203/3267 3776/515/3512 5029/1008/3846 3566/1007/3651
f 3566/1007/3651 5029/1008/3846 3567/621/3595 2758/618/3239
f 5029/1008/3846 3777/1003/3843 2858/626/3600 3567/621/3595
f 3776/515/3512 2856/516/3514 3777/1003/3843 5029/1008/3846
f 2851/207/3270 3474/1011/3847 5030/1010/3848 3564/1009/3268
f 3564/1009/3268 5030/1010/3848 3860/993/3838 2854/205/3269
f 5030/1010/3848 3859/1012/3841 2849/991/3836 3860/993/3838
f 3474/1011/3847 2850/999/3842 3859/1012/3841 5030/1010/3848
f 2761/1013/3226 3666/1016/3219 5031/1015/3849 3550/1014/3653
f 3550/1014/3653 5031/1015/3849 3624/1017/3265 2857/203/3267
f 5031/1015/3849 3645/1018/3371 2855/199/3262 3624/1017/3265
f 3666/1016/3219 2750/1019/3218 3645/1018/3371 5031/1015/3849
f 2755/622/3414 3778/623/3597 5032/1021/3850 3779/1020/3851
f 3779/1020/3851 5032/1021/3850 3808/728/3681 2862/725/3680
f 5032/1021/3850 3569/1022/3660 2861/733/3661 3808/728/3681
f 3778/623/3597 2859/624/3599 3569/1022/3660 5032/1021/3850
f 2867/1023/3667 3627/1026/3663 5033/1025/3852 3719/1024/3672
f 3719/1024/3672 5033/1025/3852 3718/1027/3658 2860/1004/3654
f 5033/1025/3852 3809/732/3686 2861/733/3661 3718/1027/3658
f 3627/1026/3663 2863/731/3662 3809/732/3686 5033/1025/3852
f 2892/1028/803 3460/1031/3853 5034/1030/3854 3536/1029/3855
f 3536/1029/3855 5034/1030/3854 3779/1020/3851 2862/725/3680
f 5034/1030/3854 3506/1032/3856 2755/622/3857 3779/1020/3851
f 3460/1031/3853 2753/416/3435 3506/1032/3856 5034/1030/3854
f 2866/1033/3666 3861/1036/3858 5035/1035/3859 3626/1034/3665
f 3626/1034/3665 5035/1035/3859 3625/730/3684 2863/731/3662
f 5035/1035/3859 3780/1037/3860 2864/729/3685 3625/730/3684
f 3861/1036/3858 2865/1038/3861 3780/1037/3860 5035/1035/3859
f 2864/1039/3685 3724/1042/3862 5036/1041/3863 3527/1040/3683
f 3527/1040/3683 5036/1041/3863 3536/1044/3855 2862/1043/3680
f 5036/1041/3863 3657/1045/815 2892/1028/803 3536/1044/3855
f 3724/1042/3862 2893/1046/816 3657/1045/815 5036/1041/3863
f 2846/1047/3631 3525/1050/3840 5037/1049/3864 3538/1048/3865
f 3538/1048/3865 5037/1049/3864 3454/1052/820 2901/1051/819
f 5037/1049/3864 3483/1054/3866 2899/1053/821 3454/1052/820
f 3525/1050/3840 2850/1055/3842 3483/1054/3866 5037/1049/3864
f 2753/1056/3435 3460/1059/3853 5038/1058/823 3537/1057/334
f 2895/1060/334 3537/1057/334 5038/1058/823 3658/1061/823
f 2892/1062/803 3658/1061/823 5038/1058/823 3460/1059/3853
f 2850/1055/3842 3474/1065/3847 5039/1064/3867 3483/1063/3866
f 3483/1063/3866 5039/1064/3867 3674/1066/825 2899/1053/821
f 5039/1064/3867 3598/1068/3868 2897/1067/826 3674/1066/825
f 3474/1065/3847 2851/1069/3270 3598/1068/3868 5039/1064/3867
f 2900/305/264 3599/306/3370 5040/1071/828 3609/1070/828
f 3609/1070/828 5040/1071/828 3672/1073/828 2896/1072/828
f 5040/1071/828 3582/1075/828 2751/1074/828 3672/1073/828
f 3599/306/3370 2750/307/3218 3582/1075/828 5040/1071/828
f 2865/1076/3861 3844/1079/3869 5041/1078/3870 3780/1077/3860
f 3780/1077/3860 5041/1078/3870 3724/1042/3862 2864/1039/3685
f 5041/1078/3870 3725/1080/831 2893/1046/816 3724/1042/3862
f 3844/1079/3869 2894/1081/832 3725/1080/831 5041/1078/3870
f 2846/1047/3631 3538/1048/3865 5042/1083/3871 3563/1082/3630
f 3563/1082/3630 5042/1083/3871 3600/1085/3872 2843/1084/3622
f 5042/1083/3871 3726/1087/836 2902/1086/835 3600/1085/3872
f 3538/1048/3865 2901/1051/819 3726/1087/836 5042/1083/3871
f 2712/244/3125 3684/1089/3128 5043/1088/3873 3812/247/3310
f 3812/247/3310 5043/1088/3873 3574/1090/3874 2713/252/3317
f 5043/1088/3873 3573/391/3432 2710/394/3434 3574/1090/3874
f 3684/1089/3128 2711/390/3129 3573/391/3432 5043/1088/3873
f 2843/1084/3622 3600/1085/3872 5044/1092/3875 3620/1091/3621
f 3620/1091/3621 5044/1092/3875 3660/1094/3876 2746/1093/3618
f 5044/1092/3875 3845/1096/842 2903/1095/841 3660/1094/3876
f 3600/1085/3872 2902/1086/835 3845/1096/842 5044/1092/3875
f 2747/1097/3454 3640/1100/3877 5045/1099/3878 3727/1098/3452
f 3727/1098/3452 5045/1099/3878 3484/1102/845 2904/1101/355
f 5045/1099/3878 3660/1094/3876 2903/1095/841 3484/1102/845
f 3640/1100/3877 2746/1093/3618 3660/1094/3876 5045/1099/3878
f 2809/1103/3734 3515/1106/3733 5046/1105/3879 3853/1104/3880
f 3853/1104/3880 5046/1105/3879 3763/971/3823 2813/504/3506
f 5046/1105/3879 3514/1107/3571 2808/853/3572 3763/971/3823
f 3515/1106/3733 2806/1108/3569 3514/1107/3571 5046/1105/3879
f 2814/1109/3736 3854/1112/3735 5047/1111/3881 3517/1110/3882
f 3517/1110/3882 5047/1111/3881 3798/505/3505 2816/506/3507
f 5047/1111/3881 3853/1104/3880 2813/504/3506 3798/505/3505
f 3854/1112/3735 2809/1103/3734 3853/1104/3880 5047/1111/3881
f 2713/822/3740 3574/1114/3883 5048/1113/3884 3516/825/3741
f 3516/825/3741 5048/1113/3884 3613/499/3502 2815/502/3504
f 5048/1113/3884 3554/1115/3885 2819/498/3499 3613/499/3502
f 3574/1114/3883 2710/1116/3886 3554/1115/3885 5048/1113/3884
f 2817/1117/3582 3518/1120/3738 5049/1119/3887 3855/1118/3579
f 3855/1118/3579 5049/1119/3887 3764/1122/3888 2818/1121/3580
f 5049/1119/3887 3517/1110/3882 2816/506/3507 3764/1122/3888
f 3518/1120/3738 2814/1109/3736 3517/1110/3882 5049/1119/3887
f 2710/1116/3886 3865/1124/3889 5050/1123/3890 3554/1115/3885
f 3554/1115/3885 5050/1123/3890 3555/1125/3891 2819/498/3499
f 5050/1123/3890 3856/1127/3892 2820/1126/3893 3555/1125/3891
f 3865/1124/3889 2708/1128/3692 3856/1127/3892 5050/1123/3890
f 2818/1121/3580 3764/1122/3888 5051/1130/3894 3465/1129/3895
f 3465/1129/3895 5051/1130/3894 3555/1125/3891 2820/1126/3893
f 5051/1130/3894 3765/501/3500 2819/498/3499 3555/1125/3891
f 3764/1122/3888 2816/506/3507 3765/501/3500 5051/1130/3894
f 2905/742/608 3601/1133/865 5052/1132/3896 3675/1131/3897
f 3675/1131/3897 5052/1132/3896 3465/1135/3895 2820/1134/3893
f 5052/1132/3896 3459/585/3578 2818/588/3580 3465/1135/3895
f 3601/1133/865 2906/584/487 3459/585/3578 5052/1132/3896
f 2820/1136/3893 3856/1139/3892 5053/1138/3898 3675/1137/3897
f 2905/1140/608 3675/1137/3897 5053/1138/3898 3831/1141/3691
f 2708/1142/3692 3831/1141/3691 5053/1138/3898 3856/1139/3892
f 2869/489/3493 3721/1144/3678 5054/1143/3899 3811/488/3491
f 3811/488/3491 5054/1143/3899 3863/1145/3900 2871/487/3174
f 5054/1143/3899 3862/1147/3675 2841/1146/3612 3863/1145/3900
f 3721/1144/3678 2868/1148/3668 3862/1147/3675 5054/1143/3899
f 2705/1149/3901 3541/1152/3902 5055/1151/3903 3540/1150/3903
f 2907/1153/872 3540/1150/3903 5055/1151/3903 3788/1154/872
f 2908/1155/873 3788/1154/872 5055/1151/3903 3541/1152/3902
f 2908/1155/873 3541/1152/3902 5056/1157/3904 3661/1156/3904
f 2706/1158/3904 3661/1156/3904 5056/1157/3904 3493/1159/3904
f 2705/1149/3901 3493/1159/3904 5056/1157/3904 3541/1152/3902
f 2865/1160/3905 3793/1163/3906 5057/1162/3907 3844/1161/3907
f 2894/1164/878 3844/1161/3907 5057/1162/3907 3847/1165/878
f 2910/1166/381 3847/1165/878 5057/1162/3907 3793/1163/3906
f 2910/1166/381 3793/1163/3906 5058/1168/879 3485/1167/380
f 2866/1169/379 3485/1167/380 5058/1168/879 3861/1170/879
f 2865/1160/3905 3861/1170/879 5058/1168/879 3793/1163/3906
f 2822/846/3759 3519/1173/3782 5059/1172/3908 3520/1171/3757
f 3520/1171/3757 5059/1172/3908 3768/911/3790 2826/469/3479
f 5059/1172/3908 3767/1174/3787 2824/913/3789 3768/911/3790
f 3519/1173/3782 2825/1175/3783 3767/1174/3787 5059/1172/3908
f 2872/1176/3909 3737/1179/3910 5060/1178/3911 3528/1177/3911
f 2870/1180/3428 3528/1177/3911 5060/1178/3911 3542/1181/3426
f 2912/1182/322 3542/1181/3426 5060/1178/3911 3737/1179/3910
f 2912/1182/322 3737/1179/3910 5061/1184/3912 3676/1183/884
f 2891/1185/884 3676/1183/884 5061/1184/3912 3723/1186/3912
f 2872/1176/3909 3723/1186/3912 5061/1184/3912 3737/1179/3910
f 2922/1187/3913 3732/1190/3914 5062/1189/3915 3792/1188/3916
f 3792/1188/3916 5062/1189/3915 3547/1192/3917 2924/1191/3918
f 5062/1189/3915 3510/1194/3915 2774/1193/3917 3547/1192/3917
f 3732/1190/3914 2775/1195/3914 3510/1194/3915 5062/1189/3915
f 2913/1196/3919 3678/1199/3920 5063/1198/3921 3677/1197/3922
f 2914/1200/3923 3677/1197/3922 5063/1198/3921 3789/1201/3921
f 2915/1202/3546 3789/1201/3921 5063/1198/3921 3678/1199/3920
f 2914/1200/3923 3791/1205/3921 5064/1204/3921 3790/1203/3924
f 2916/1206/3925 3790/1203/3924 5064/1204/3921 3663/1207/3926
f 2917/1208/3927 3663/1207/3926 5064/1204/3921 3791/1205/3921
f 2779/1209/3928 3729/1212/3928 5065/1211/3929 3757/1210/3929
f 3757/1210/3929 5065/1211/3929 3487/1214/3930 2780/1213/3930
f 5065/1211/3929 3677/1216/3922 2914/1215/3923 3487/1214/3930
f 3729/1212/3928 2913/1217/3919 3677/1216/3922 5065/1211/3929
f 2924/1191/3918 3547/1192/3917 5066/1219/3931 3492/1218/3932
f 3492/1218/3932 5066/1219/3931 3758/1221/3933 2923/1220/3934
f 5066/1219/3931 3700/1223/3931 2773/1222/3933 3758/1221/3933
f 3547/1192/3917 2774/1193/3917 3700/1223/3931 5066/1219/3931
f 2920/1224/3935 3546/1227/3921 5067/1226/3921 3849/1225/3936
f 2918/1228/3551 3849/1225/3936 5067/1226/3921 3544/1229/3549
f 2915/1202/3546 3544/1229/3549 5067/1226/3921 3546/1227/3921
f 2917/1208/3927 3731/1232/3921 5068/1231/3921 3730/1230/3937
f 2919/1233/3938 3730/1230/3937 5068/1231/3921 3489/1234/3939
f 2921/1235/3940 3489/1234/3939 5068/1231/3921 3731/1232/3921
f 2781/1236/3941 3679/1239/3941 5069/1238/3942 3647/1237/3942
f 3647/1237/3942 5069/1238/3942 3552/1241/3943 2771/1240/3943
f 5069/1238/3942 3663/1243/3926 2917/1242/3927 3552/1241/3943
f 3679/1239/3941 2916/1244/3925 3663/1243/3926 5069/1238/3942
f 2780/1213/3930 3487/1214/3930 5070/1246/3944 3453/1245/3944
f 3453/1245/3944 5070/1246/3944 3679/1239/3941 2781/1236/3941
f 5070/1246/3944 3790/1247/3924 2916/1244/3925 3679/1239/3941
f 3487/1214/3930 2914/1215/3923 3790/1247/3924 5070/1246/3944
f 2924/1248/3918 3606/1251/3921 5071/1250/3921 3792/1249/3916
f 2922/1252/3913 3792/1249/3916 5071/1250/3921 3605/1253/3945
f 2920/1224/3935 3605/1253/3945 5071/1250/3921 3606/1251/3921
f 2921/1235/3940 3759/1256/3921 5072/1255/3921 3681/1254/3946
f 2923/1257/3934 3681/1254/3946 5072/1255/3921 3492/1258/3932
f 2924/1248/3918 3492/1258/3932 5072/1255/3921 3759/1256/3921
f 2917/1208/3927 3733/1260/3921 5073/1259/3921 3731/1232/3921
f 2921/1235/3940 3731/1232/3921 5073/1259/3921 3759/1256/3921
f 2924/1248/3918 3759/1256/3921 5073/1259/3921 3733/1260/3921
f 2924/1248/3918 3551/1262/3921 5074/1261/3921 3606/1251/3921
f 2920/1224/3935 3606/1251/3921 5074/1261/3921 3546/1227/3921
f 2915/1202/3546 3546/1227/3921 5074/1261/3921 3551/1262/3921
f 2772/1263/3947 3436/1266/3947 5075/1265/3948 3451/1264/3948
f 3451/1264/3948 5075/1265/3948 3758/1221/3933 2773/1222/3933
f 5075/1265/3948 3681/1267/3946 2923/1220/3934 3758/1221/3933
f 3436/1266/3947 2921/1268/3940 3681/1267/3946 5075/1265/3948
f 2920/1269/3935 3488/1272/3949 5076/1271/3950 3605/1270/3945
f 3605/1270/3945 5076/1271/3950 3732/1190/3914 2922/1187/3913
f 5076/1271/3950 3756/1273/3950 2775/1195/3914 3732/1190/3914
f 3488/1272/3949 2776/1274/3949 3756/1273/3950 5076/1271/3950
f 2771/1240/3943 3552/1241/3943 5077/1276/3951 3508/1275/3951
f 3508/1275/3951 5077/1276/3951 3545/1278/3952 2770/1277/3952
f 5077/1276/3951 3730/1280/3937 2919/1279/3938 3545/1278/3952
f 3552/1241/3943 2917/1242/3927 3730/1280/3937 5077/1276/3951
f 2770/1277/3952 3545/1278/3952 5078/1282/3953 3509/1281/3953
f 3509/1281/3953 5078/1282/3953 3436/1266/3947 2772/1263/3947
f 5078/1282/3953 3489/1283/3939 2921/1268/3940 3436/1266/3947
f 3545/1278/3952 2919/1279/3938 3489/1283/3939 5078/1282/3953
f 2833/543/3542 3770/1285/3541 5079/1284/3954 3858/961/3814
f 3858/961/3814 5079/1284/3954 3469/746/3694 2836/743/3693
f 5079/1284/3954 3771/1286/3806 2834/751/3700 3469/746/3694
f 3770/1285/3541 2832/545/3544 3771/1286/3806 5079/1284/3954
f 2913/1217/3919 3729/1289/3928 5080/1288/3955 3678/1287/3920
f 3678/1287/3920 5080/1288/3955 3543/551/3547 2915/548/3546
f 5080/1288/3955 3511/1290/3955 2778/556/3547 3543/551/3547
f 3729/1289/3928 2779/1209/3928 3511/1290/3955 5080/1288/3955
f 2917/1242/3927 3791/1293/3921 5081/1292/3921 3733/1291/3921
f 3733/1291/3921 5081/1292/3921 3551/1294/3921 2924/1191/3918
f 5081/1292/3921 3789/1295/3921 2915/548/3546 3551/1294/3921
f 3791/1293/3921 2914/1215/3923 3789/1295/3921 5081/1292/3921
f 2918/552/3551 3680/553/3550 5082/1297/3956 3849/1296/3936
f 3849/1296/3936 5082/1297/3956 3488/1272/3949 2920/1269/3935
f 5082/1297/3956 3452/1298/3956 2776/1274/3949 3488/1272/3949
f 3680/553/3550 2777/554/3550 3452/1298/3956 5082/1297/3956
f 2873/1299/709 3479/1302/3777 5083/1301/3957 3667/1300/933
f 3667/1300/933 5083/1301/3957 3592/1303/3727 2874/798/644
f 5083/1301/3957 3461/1305/3773 2803/1304/3724 3592/1303/3727
f 3479/1302/3777 2802/1306/3774 3461/1305/3773 5083/1301/3957
f 2927/482/3488 3549/1308/3958 5084/1307/3959 3850/481/3487
f 3850/481/3487 5084/1307/3959 3649/1309/3298 2790/480/3288
f 5084/1307/3959 3664/1311/3960 2788/1310/3303 3649/1309/3298
f 3549/1308/3958 2925/1312/3961 3664/1311/3960 5084/1307/3959
f 2926/1313/3962 3539/1316/3963 5085/1315/3964 3665/1314/3965
f 3665/1314/3965 5085/1315/3964 3734/1318/3966 2928/1317/3967
f 5085/1315/3964 3549/1319/3968 2927/482/3969 3734/1318/3966
f 3539/1316/3963 2925/1312/3970 3549/1319/3968 5085/1315/3964
f 2784/1320/3518 3586/1323/3521 5086/1322/3971 3608/1321/3972
f 3608/1321/3972 5086/1322/3971 3851/1325/3973 2930/1324/3974
f 5086/1322/3971 3682/1326/3975 2928/1317/3976 3851/1325/3973
f 3586/1323/3521 2785/1327/3381 3682/1326/3975 5086/1322/3971
f 2787/1328/3279 3512/1331/3272 5087/1330/3977 3548/1329/3978
f 3548/1329/3978 5087/1330/3977 3539/1332/3963 2926/1313/3962
f 5087/1330/3977 3664/1333/3979 2925/1312/3980 3539/1332/3963
f 3512/1331/3272 2788/1310/3271 3664/1333/3979 5087/1330/3977
f 2785/1327/3381 3702/1335/3384 5088/1334/3981 3682/1326/3975
f 3682/1326/3975 5088/1334/3981 3665/1314/3982 2928/1317/3976
f 5088/1334/3981 3548/1329/3983 2926/1313/3984 3665/1314/3982
f 3702/1335/3384 2787/1328/3386 3548/1329/3983 5088/1334/3981
f 2860/1004/3654 3717/1005/3845 5089/1337/3985 3720/1336/3671
f 3720/1336/3671 5089/1337/3985 3628/1338/3674 2868/1148/3668
f 5089/1337/3985 3646/1339/3647 2839/747/3617 3628/1338/3674
f 3717/1005/3845 2852/926/3646 3646/1339/3647 5089/1337/3985
f 2930/1324/3986 3851/1325/3987 5090/1341/3988 3490/1340/3989
f 3490/1340/3989 5090/1341/3988 3735/1342/3990 2929/474/3991
f 5090/1341/3988 3734/1318/3966 2927/482/3969 3735/1342/3990
f 3851/1325/3987 2928/1317/3967 3734/1318/3966 5090/1341/3988
f 2930/1324/3992 3490/1345/3993 5091/1344/3994 3608/1343/3995
f 3608/1343/3995 5091/1344/3994 3587/1346/3292 2784/1320/3294
f 5091/1344/3994 3607/475/3996 2792/478/3289 3587/1346/3292
f 3490/1345/3993 2929/474/3997 3607/475/3996 5091/1344/3994
f 2855/309/3262 3659/1349/3368 5092/1348/3998 3565/1347/3263
f 3565/1347/3263 5092/1348/3998 3598/1068/3868 2851/1069/3270
f 5092/1348/3998 3673/1350/976 2897/1067/826 3598/1068/3868
f 3659/1349/3368 2898/301/260 3673/1350/976 5092/1348/3998
f 2842/980/3624 3523/981/3826 5093/1352/3999 3473/1351/3628
f 3473/1351/3628 5093/1352/3999 3713/990/3832 2845/987/3625
f 5093/1352/3999 3524/836/3751 2844/839/3753 3713/990/3832
f 3523/981/3826 2838/835/3748 3524/836/3751 5093/1352/3999
f 2932/1353/4000 3959/1356/4001 5094/1355/4001 3885/1354/4000
f 3885/1354/4000 5094/1355/4001 3957/1357/4001 2931/1357/4002
f 5094/1355/4001 3898/1354/4001 2943/1357/4000 3957/1357/4001
f 3959/1356/4001 2947/1353/4001 3898/1354/4001 5094/1355/4001
f 2934/1358/4003 3961/1358/4004 5095/1360/4004 3887/1359/4003
f 3887/1359/4003 5095/1360/4004 3960/1361/4005 2933/1361/4006
f 5095/1360/4004 3910/1359/4007 2950/1361/4008 3960/1361/4005
f 3961/1358/4004 2953/1358/4004 3910/1359/4007 5095/1360/4004
f 2941/1362/4009 3968/1365/4010 5096/1364/4010 3894/1363/4011
f 3894/1363/4011 5096/1364/4010 3967/1366/4010 2940/1366/4012
f 5096/1364/4010 3945/1363/4010 2971/1366/4013 3967/1366/4010
f 3968/1365/4010 2974/1362/4010 3945/1363/4010 5096/1364/4010
f 2938/1367/4014 3965/1370/4015 5097/1369/4015 3891/1368/4014
f 3891/1368/4014 5097/1369/4015 3964/1371/4015 2937/1371/4014
f 5097/1369/4015 3930/1368/4015 2962/1371/4016 3964/1371/4015
f 3965/1370/4015 2965/1367/4015 3930/1368/4015 5097/1369/4015
f 2935/1372/4017 3962/1375/4018 5098/1374/4018 3888/1373/4019
f 3888/1373/4019 5098/1374/4018 3961/1358/4018 2934/1358/4020
f 5098/1374/4018 3915/1373/4021 2953/1358/4022 3961/1358/4018
f 3962/1375/4018 2956/1372/4021 3915/1373/4021 5098/1374/4018
f 2942/1376/4023 3958/1379/4024 5099/1378/4024 3895/1377/4023
f 3895/1377/4023 5099/1378/4024 3968/1365/4023 2941/1362/4024
f 5099/1378/4024 3950/1377/4024 2974/1362/4023 3968/1365/4023
f 3958/1379/4024 2977/1376/4025 3950/1377/4024 5099/1378/4024
f 2939/1380/4026 3966/1383/4026 5100/1382/4027 3892/1381/4026
f 3892/1381/4026 5100/1382/4027 3965/1370/4028 2938/1367/4028
f 5100/1382/4027 3935/1381/4027 2965/1367/4029 3965/1370/4028
f 3966/1383/4026 2968/1380/4030 3935/1381/4027 5100/1382/4027
f 2936/1384/4031 3963/1387/4032 5101/1386/4032 3889/1385/4032
f 3889/1385/4032 5101/1386/4032 3962/1375/4032 2935/1372/4032
f 5101/1386/4032 3920/1385/4032 2956/1372/4032 3962/1375/4032
f 3963/1387/4032 2959/1384/4032 3920/1385/4032 5101/1386/4032
f 2933/1361/4033 3960/1361/4034 5102/1389/4034 3886/1388/4035
f 3886/1388/4035 5102/1389/4034 3959/1356/4036 2932/1353/4036
f 5102/1389/4034 3905/1388/4037 2947/1353/4034 3959/1356/4036
f 3960/1361/4034 2950/1361/4037 3905/1388/4037 5102/1389/4034
f 2940/1366/4038 3967/1366/4039 5103/1391/4039 3893/1390/4040
f 3893/1390/4040 5103/1391/4039 3966/1383/4040 2939/1380/4041
f 5103/1391/4039 3940/1390/4039 2968/1380/4042 3966/1383/4040
f 3967/1366/4039 2971/1366/4040 3940/1390/4039 5103/1391/4039
f 2937/1371/4043 3964/1371/4043 5104/1393/4043 3890/1392/4043
f 3890/1392/4043 5104/1393/4043 3963/1387/4043 2936/1384/4043
f 5104/1393/4043 3925/1392/4043 2959/1384/4043 3963/1387/4043
f 3964/1371/4043 2962/1371/4043 3925/1392/4043 5104/1393/4043
f 2931/1357/4044 3957/1357/4044 5105/1394/4044 3896/1394/4044
f 3896/1394/4044 5105/1394/4044 3958/1379/4045 2942/1376/4045
f 5105/1394/4044 3954/1394/4044 2977/1376/4044 3958/1379/4045
f 3957/1357/4044 2943/1357/4044 3954/1394/4044 5105/1394/4044
f 2947/1353/4046 3898/1354/4047 5106/1396/4047 3897/1395/4048
f 3897/1395/4048 5106/1396/4047 3900/1398/4049 2948/1397/4050
f 5106/1396/4047 3899/1400/4051 2945/1399/4052 3900/1398/4049
f 3898/1354/4047 2943/1357/4051 3899/1400/4051 5106/1396/4047
f 2948/1397/4050 3900/1398/4049 5107/1402/4053 3901/1401/4054
f 3901/1401/4054 5107/1402/4053 3903/1404/4055 2946/1403/4056
f 5107/1402/4053 3902/1406/4057 2944/1405/4058 3903/1404/4055
f 3900/1398/4049 2945/1399/4052 3902/1406/4057 5107/1402/4053
f 2950/1361/4059 3905/1388/4060 5108/1408/4060 3904/1407/4059
f 3904/1407/4059 5108/1408/4060 3906/1410/4061 2951/1409/4062
f 5108/1408/4060 3897/1395/4048 2948/1397/4050 3906/1410/4061
f 3905/1388/4060 2947/1353/4046 3897/1395/4048 5108/1408/4060
f 2951/1409/4062 3906/1410/4061 5109/1412/4063 3907/1411/4064
f 3907/1411/4064 5109/1412/4063 3908/1414/4065 2949/1413/4066
f 5109/1412/4063 3901/1401/4054 2946/1403/4056 3908/1414/4065
f 3906/1410/4061 2948/1397/4050 3901/1401/4054 5109/1412/4063
f 2953/1358/4067 3910/1359/4068 5110/1416/4069 3909/1415/4067
f 3909/1415/4067 5110/1416/4069 3911/1418/4070 2954/1417/4071
f 5110/1416/4069 3904/1407/4059 2951/1409/4062 3911/1418/4070
f 3910/1359/4068 2950/1361/4059 3904/1407/4059 5110/1416/4069
f 2954/1417/4071 3911/1418/4070 5111/1420/4072 3912/1419/4073
f 3912/1419/4073 5111/1420/4072 3913/1422/4074 2952/1421/4075
f 5111/1420/4072 3907/1411/4064 2949/1413/4066 3913/1422/4074
f 3911/1418/4070 2951/1409/4062 3907/1411/4064 5111/1420/4072
f 2956/1372/4076 3915/1373/4077 5112/1424/4077 3914/1423/4076
f 3914/1423/4076 5112/1424/4077 3916/1426/4078 2957/1425/4079
f 5112/1424/4077 3909/1415/4067 2954/1417/4071 3916/1426/4078
f 3915/1373/4077 2953/1358/4067 3909/1415/4067 5112/1424/4077
f 2957/1425/4079 3916/1426/4078 5113/1428/4080 3917/1427/4081
f 3917/1427/4081 5113/1428/4080 3918/1430/4082 2955/1429/4083
f 5113/1428/4080 3912/1419/4073 2952/1421/4075 3918/1430/4082
f 3916/1426/4078 2954/1417/4071 3912/1419/4073 5113/1428/4080
f 2959/1384/4084 3920/1385/4085 5114/1432/4086 3919/1431/4084
f 3919/1431/4084 5114/1432/4086 3921/1434/4087 2960/1433/4088
f 5114/1432/4086 3914/1423/4076 2957/1425/4079 3921/1434/4087
f 3920/1385/4085 2956/1372/4076 3914/1423/4076 5114/1432/4086
f 2960/1433/4088 3921/1434/4087 5115/1436/4089 3922/1435/4090
f 3922/1435/4090 5115/1436/4089 3923/1438/4091 2958/1437/4092
f 5115/1436/4089 3917/1427/4081 2955/1429/4083 3923/1438/4091
f 3921/1434/4087 2957/1425/4079 3917/1427/4081 5115/1436/4089
f 2962/1371/4093 3925/1392/4094 5116/1440/4095 3924/1439/4093
f 3924/1439/4093 5116/1440/4095 3926/1442/4096 2963/1441/4097
f 5116/1440/4095 3919/1431/4084 2960/1433/4088 3926/1442/4096
f 3925/1392/4094 2959/1384/4084 3919/1431/4084 5116/1440/4095
f 2963/1441/4097 3926/1442/4096 5117/1444/4098 3927/1443/4099
f 3927/1443/4099 5117/1444/4098 3928/1446/4100 2961/1445/4101
f 5117/1444/4098 3922/1435/4090 2958/1437/4092 3928/1446/4100
f 3926/1442/4096 2960/1433/4088 3922/1435/4090 5117/1444/4098
f 2965/1367/4102 3930/1368/4103 5118/1448/4103 3929/1447/4102
f 3929/1447/4102 5118/1448/4103 3931/1450/4104 2966/1449/4105
f 5118/1448/4103 3924/1439/4093 2963/1441/4097 3931/1450/4104
f 3930/1368/4103 2962/1371/4093 3924/1439/4093 5118/1448/4103
f 2966/1449/4105 3931/1450/4104 5119/1452/4106 3932/1451/4107
f 3932/1451/4107 5119/1452/4106 3933/1454/4108 2964/1453/4109
f 5119/1452/4106 3927/1443/4099 2961/1445/4101 3933/1454/4108
f 3931/1450/4104 2963/1441/4097 3927/1443/4099 5119/1452/4106
f 2968/1380/4110 3935/1381/4111 5120/1456/4111 3934/1455/4110
f 3934/1455/4110 5120/1456/4111 3936/1458/4112 2969/1457/4113
f 5120/1456/4111 3929/1447/4102 2966/1449/4105 3936/1458/4112
f 3935/1381/4111 2965/1367/4102 3929/1447/4102 5120/1456/4111
f 2969/1457/4113 3936/1458/4112 5121/1460/4114 3937/1459/4115
f 3937/1459/4115 5121/1460/4114 3938/1462/4116 2967/1461/4117
f 5121/1460/4114 3932/1451/4107 2964/1453/4109 3938/1462/4116
f 3936/1458/4112 2966/1449/4105 3932/1451/4107 5121/1460/4114
f 2971/1366/4118 3940/1390/4119 5122/1464/4119 3939/1463/4118
f 3939/1463/4118 5122/1464/4119 3941/1466/4120 2972/1465/4121
f 5122/1464/4119 3934/1455/4110 2969/1457/4113 3941/1466/4120
f 3940/1390/4119 2968/1380/4110 3934/1455/4110 5122/1464/4119
f 2972/1465/4121 3941/1466/4120 5123/1468/4122 3942/1467/4123
f 3942/1467/4123 5123/1468/4122 3943/1470/4124 2970/1469/4125
f 5123/1468/4122 3937/1459/4115 2967/1461/4117 3943/1470/4124
f 3941/1466/4120 2969/1457/4113 3937/1459/4115 5123/1468/4122
f 2974/1362/4126 3945/1363/4127 5124/1472/4127 3944/1471/4128
f 3944/1471/4128 5124/1472/4127 3946/1474/4129 2975/1473/4130
f 5124/1472/4127 3939/1463/4118 2972/1465/4121 3946/1474/4129
f 3945/1363/4127 2971/1366/4118 3939/1463/4118 5124/1472/4127
f 2975/1473/4130 3946/1474/4129 5125/1476/4131 3947/1475/4132
f 3947/1475/4132 5125/1476/4131 3948/1478/4133 2973/1477/4134
f 5125/1476/4131 3942/1467/4123 2970/1469/4125 3948/1478/4133
f 3946/1474/4129 2972/1465/4121 3942/1467/4123 5125/1476/4131
f 2977/1376/4135 3950/1377/4136 5126/1480/4136 3949/1479/4135
f 3949/1479/4135 5126/1480/4136 3951/1482/4137 2978/1481/4138
f 5126/1480/4136 3944/1471/4128 2975/1473/4130 3951/1482/4137
f 3950/1377/4136 2974/1362/4126 3944/1471/4128 5126/1480/4136
f 2978/1481/4138 3951/1482/4137 5127/1484/4139 3952/1483/4140
f 3952/1483/4140 5127/1484/4139 3953/1486/4141 2976/1485/4142
f 5127/1484/4139 3947/1475/4132 2973/1477/4134 3953/1486/4141
f 3951/1482/4137 2975/1473/4130 3947/1475/4132 5127/1484/4139
f 2943/1357/4051 3954/1394/4143 5128/1487/4143 3899/1400/4051
f 3899/1400/4051 5128/1487/4143 3955/1488/4144 2945/1399/4052
f 5128/1487/4143 3949/1479/4135 2978/1481/4138 3955/1488/4144
f 3954/1394/4143 2977/1376/4135 3949/1479/4135 5128/1487/4143
f 2945/1399/4052 3955/1488/4144 5129/1489/4145 3902/1406/4057
f 3902/1406/4057 5129/1489/4145 3956/1490/4146 2944/1405/4058
f 5129/1489/4145 3952/1483/4140 2976/1485/4142 3956/1490/4146
f 3955/1488/4144 2978/1481/4138 3952/1483/4140 5129/1489/4145
f 2946/1491/4056 3903/1494/4055 5130/1493/4147 3908/1492/4065
f 2949/1495/4066 3908/1492/4065 5130/1493/4147 3913/1496/4074
f 2952/1497/4075 3913/1496/4074 5130/1493/4147 3918/1498/4082
f 2955/1499/4083 3918/1498/4082 5130/1493/4147 3923/1500/4091
f 2958/1501/4092 3923/1500/4091 5130/1493/4147 3928/1502/4100
f 2961/1503/4101 3928/1502/4100 5130/1493/4147 3933/1504/4108
f 2964/1505/4109 3933/1504/4108 5130/1493/4147 3938/1506/4116
f 2967/1507/4117 3938/1506/4116 5130/1493/4147 3943/1508/4124
f 2970/1509/4125 3943/1508/4124 5130/1493/4147 3948/1510/4133
f 2973/1511/4134 3948/1510/4133 5130/1493/4147 3953/1512/4141
f 2976/1513/4142 3953/1512/4141 5130/1493/4147 3956/1514/4146
f 2944/1515/4058 3956/1514/4146 5130/1493/4147 3903/1494/4055
f 2984/1516/4148 4172/1519/4149 5131/1518/4150 3986/1517/4151
f 3986/1517/4151 5131/1518/4150 4173/1521/4152 2996/1520/4153
f 5131/1518/4150 4133/1523/4154 3072/1522/4155 4173/1521/4152
f 4172/1519/4149 3023/1524/4156 4133/1523/4154 5131/1518/4150
f 2998/1525/4157 4177/1528/4158 5132/1527/4159 3976/1526/4160
f 3976/1526/4160 5132/1527/4159 4178/1530/4161 2987/1529/4162
f 5132/1527/4159 4064/1532/4163 3035/1531/4164 4178/1530/4161
f 4177/1528/4158 3080/1533/4165 4064/1532/4163 5132/1527/4159
f 3002/1534/4166 4163/1537/4167 5133/1536/4168 3980/1535/4169
f 3980/1535/4169 5133/1536/4168 4161/1539/4170 2979/1538/4171
f 5133/1536/4168 4104/1541/4172 3003/1540/4173 4161/1539/4170
f 4163/1537/4167 3096/1542/4174 4104/1541/4172 5133/1536/4168
f 2985/1543/4175 4174/1546/4176 5134/1545/4177 3987/1544/4178
f 3987/1544/4178 5134/1545/4177 4175/1548/4179 2997/1547/4180
f 5134/1545/4177 4137/1550/4181 3076/1549/4182 4175/1548/4179
f 4174/1546/4176 3027/1551/4183 4137/1550/4181 5134/1545/4177
f 2999/1552/4184 4179/1555/4185 5135/1554/4186 3977/1553/4187
f 3977/1553/4187 5135/1554/4186 4180/1557/4188 2988/1556/4189
f 5135/1554/4186 4074/1559/4190 3039/1558/4191 4180/1557/4188
f 4179/1555/4185 3084/1560/4192 4074/1559/4190 5135/1554/4186
f 2992/1561/4193 4165/1564/4194 5136/1563/4195 3970/1562/4196
f 3970/1562/4196 5136/1563/4195 4166/1566/4197 2981/1565/4198
f 5136/1563/4195 4004/1568/4199 3011/1567/4200 4166/1566/4197
f 4165/1564/4194 3056/1569/4201 4004/1568/4199 5136/1563/4195
f 2986/1570/4202 4176/1573/4203 5137/1572/4204 3988/1571/4205
f 3988/1571/4205 5137/1572/4204 4177/1528/4158 2998/1525/4157
f 5137/1572/4204 4141/1574/4206 3080/1533/4165 4177/1528/4158
f 4176/1573/4203 3031/1575/4207 4141/1574/4206 5137/1572/4204
f 3000/1576/4208 4181/1579/4209 5138/1578/4210 3978/1577/4211
f 3978/1577/4211 5138/1578/4210 4182/1581/4212 2989/1580/4213
f 5138/1578/4210 4084/1583/4214 3043/1582/4215 4182/1581/4212
f 4181/1579/4209 3088/1584/4216 4084/1583/4214 5138/1578/4210
f 2993/1585/4217 4167/1588/4218 5139/1587/4219 3971/1586/4220
f 3971/1586/4220 5139/1587/4219 4168/1590/4221 2982/1589/4222
f 5139/1587/4219 4014/1592/4223 3015/1591/4224 4168/1590/4221
f 4167/1588/4218 3060/1593/4225 4014/1592/4223 5139/1587/4219
f 2987/1529/4162 4178/1530/4161 5140/1595/4226 3989/1594/4227
f 3989/1594/4227 5140/1595/4226 4179/1555/4185 2999/1552/4184
f 5140/1595/4226 4145/1596/4228 3084/1560/4192 4179/1555/4185
f 4178/1530/4161 3035/1531/4164 4145/1596/4228 5140/1595/4226
f 3001/1597/4229 4183/1600/4230 5141/1599/4231 3979/1598/4232
f 3979/1598/4232 5141/1599/4231 4184/1602/4233 2990/1601/4234
f 5141/1599/4231 4094/1604/4235 3047/1603/4236 4184/1602/4233
f 4183/1600/4230 3092/1605/4237 4094/1604/4235 5141/1599/4231
f 2980/1606/4238 4164/1609/4239 5142/1608/4240 3982/1607/4241
f 3982/1607/4241 5142/1608/4240 4165/1564/4194 2992/1561/4193
f 5142/1608/4240 4117/1610/4242 3056/1569/4201 4165/1564/4194
f 4164/1609/4239 3007/1611/4243 4117/1610/4242 5142/1608/4240
f 2994/1612/4244 4169/1615/4245 5143/1614/4246 3972/1613/4247
f 3972/1613/4247 5143/1614/4246 4170/1617/4248 2983/1616/4249
f 5143/1614/4246 4024/1619/4250 3019/1618/4251 4170/1617/4248
f 4169/1615/4245 3064/1620/4252 4024/1619/4250 5143/1614/4246
f 2988/1556/4189 4180/1557/4188 5144/1622/4253 3990/1621/4254
f 3990/1621/4254 5144/1622/4253 4181/1579/4209 3000/1576/4208
f 5144/1622/4253 4149/1623/4255 3088/1584/4216 4181/1579/4209
f 4180/1557/4188 3039/1558/4191 4149/1623/4255 5144/1622/4253
f 2981/1565/4198 4166/1566/4197 5145/1625/4256 3983/1624/4257
f 3983/1624/4257 5145/1625/4256 4167/1588/4218 2993/1585/4217
f 5145/1625/4256 4121/1626/4258 3060/1593/4225 4167/1588/4218
f 4166/1566/4197 3011/1567/4200 4121/1626/4258 5145/1625/4256
f 2995/1627/4259 4171/1630/4260 5146/1629/4261 3973/1628/4262
f 3973/1628/4262 5146/1629/4261 4172/1519/4149 2984/1516/4148
f 5146/1629/4261 4034/1631/4263 3023/1524/4156 4172/1519/4149
f 4171/1630/4260 3068/1632/4264 4034/1631/4263 5146/1629/4261
f 2989/1580/4213 4182/1581/4212 5147/1634/4265 3991/1633/4266
f 3991/1633/4266 5147/1634/4265 4183/1600/4230 3001/1597/4229
f 5147/1634/4265 4153/1635/4267 3092/1605/4237 4183/1600/4230
f 4182/1581/4212 3043/1582/4215 4153/1635/4267 5147/1634/4265
f 2982/1589/4222 4168/1590/4221 5148/1637/4268 3984/1636/4269
f 3984/1636/4269 5148/1637/4268 4169/1615/4245 2994/1612/4244
f 5148/1637/4268 4125/1638/4270 3064/1620/4252 4169/1615/4245
f 4168/1590/4221 3015/1591/4224 4125/1638/4270 5148/1637/4268
f 2996/1520/4153 4173/1521/4152 5149/1640/4271 3974/1639/4272
f 3974/1639/4272 5149/1640/4271 4174/1546/4176 2985/1543/4175
f 5149/1640/4271 4044/1641/4273 3027/1551/4183 4174/1546/4176
f 4173/1521/4152 3072/1522/4155 4044/1641/4273 5149/1640/4271
f 2990/1601/4234 4184/1602/4233 5150/1643/4274 3992/1642/4275
f 3992/1642/4275 5150/1643/4274 4163/1537/4167 3002/1534/4166
f 5150/1643/4274 4157/1644/4276 3096/1542/4174 4163/1537/4167
f 4184/1602/4233 3047/1603/4236 4157/1644/4276 5150/1643/4274
f 2983/1616/4249 4170/1617/4248 5151/1646/4277 3985/1645/4278
f 3985/1645/4278 5151/1646/4277 4171/1630/4260 2995/1627/4259
f 5151/1646/4277 4129/1647/4279 3068/1632/4264 4171/1630/4260
f 4170/1617/4248 3019/1618/4251 4129/1647/4279 5151/1646/4277
f 2997/1547/4180 4175/1548/4179 5152/1649/4280 3975/1648/4281
f 3975/1648/4281 5152/1649/4280 4176/1573/4203 2986/1570/4202
f 5152/1649/4280 4054/1650/4282 3031/1575/4207 4176/1573/4203
f 4175/1548/4179 3076/1549/4182 4054/1650/4282 5152/1649/4280
f 2991/1651/4283 4162/1654/4284 5153/1653/4285 3969/1652/4286
f 3969/1652/4286 5153/1653/4285 4164/1609/4239 2980/1606/4238
f 5153/1653/4285 3994/1655/4287 3007/1611/4243 4164/1609/4239
f 4162/1654/4284 3052/1656/4288 3994/1655/4287 5153/1653/4285
f 2979/1538/4171 4161/1539/4170 5154/1658/4289 3981/1657/4290
f 3981/1657/4290 5154/1658/4289 4162/1654/4284 2991/1651/4283
f 5154/1658/4289 4113/1659/4291 3052/1656/4288 4162/1654/4284
f 4161/1539/4170 3003/1540/4173 4113/1659/4291 5154/1658/4289
f 3052/1656/4288 3993/1661/4292 5155/1660/4293 3994/1655/4287
f 3994/1655/4287 5155/1660/4293 3995/1662/4294 3007/1611/4243
f 5155/1660/4293 3996/1664/4295 3009/1663/4296 3995/1662/4294
f 3993/1661/4292 3054/1665/4297 3996/1664/4295 5155/1660/4293
f 3054/1665/4297 3997/1667/4298 5156/1666/4299 3996/1664/4295
f 3996/1664/4295 5156/1666/4299 3998/1668/4300 3009/1663/4296
f 5156/1666/4299 3999/1670/4301 3010/1669/4302 3998/1668/4300
f 3997/1667/4298 3053/1671/4303 3999/1670/4301 5156/1666/4299
f 3053/1671/4303 4000/1674/4304 5157/1673/4305 3999/1672/4301
f 3999/1672/4301 5157/1673/4305 4001/1675/4306 3010/1669/4302
f 5157/1673/4305 4002/1677/4307 3008/1676/4308 4001/1675/4306
f 4000/1674/4304 3051/1678/4309 4002/1677/4307 5157/1673/4305
f 3056/1569/4201 4003/1680/4310 5158/1679/4311 4004/1568/4199
f 4004/1568/4199 5158/1679/4311 4005/1681/4312 3011/1567/4200
f 5158/1679/4311 4006/1683/4313 3013/1682/4314 4005/1681/4312
f 4003/1680/4310 3058/1684/4315 4006/1683/4313 5158/1679/4311
f 3058/1684/4315 4007/1686/4316 5159/1685/4317 4006/1683/4313
f 4006/1683/4313 5159/1685/4317 4008/1687/4318 3013/1682/4314
f 5159/1685/4317 4009/1689/4319 3014/1688/4320 4008/1687/4318
f 4007/1686/4316 3057/1690/4321 4009/1689/4319 5159/1685/4317
f 3057/1690/4321 4010/1693/4322 5160/1692/4323 4009/1691/4319
f 4009/1691/4319 5160/1692/4323 4011/1694/4324 3014/1688/4320
f 5160/1692/4323 4012/1696/4325 3012/1695/4326 4011/1694/4324
f 4010/1693/4322 3055/1697/4327 4012/1696/4325 5160/1692/4323
f 3060/1593/4225 4013/1699/4328 5161/1698/4329 4014/1592/4223
f 4014/1592/4223 5161/1698/4329 4015/1700/4330 3015/1591/4224
f 5161/1698/4329 4016/1702/4331 3017/1701/4332 4015/1700/4330
f 4013/1699/4328 3062/1703/4333 4016/1702/4331 5161/1698/4329
f 3062/1703/4333 4017/1705/4334 5162/1704/4335 4016/1702/4331
f 4016/1702/4331 5162/1704/4335 4018/1706/4336 3017/1701/4332
f 5162/1704/4335 4019/1708/4337 3018/1707/4338 4018/1706/4336
f 4017/1705/4334 3061/1709/4339 4019/1708/4337 5162/1704/4335
f 3061/1709/4339 4020/1712/4340 5163/1711/4341 4019/1710/4337
f 4019/1710/4337 5163/1711/4341 4021/1713/4342 3018/1707/4338
f 5163/1711/4341 4022/1715/4343 3016/1714/4344 4021/1713/4342
f 4020/1712/4340 3059/1716/4345 4022/1715/4343 5163/1711/4341
f 3064/1620/4252 4023/1718/4346 5164/1717/4347 4024/1619/4250
f 4024/1619/4250 5164/1717/4347 4025/1719/4348 3019/1618/4251
f 5164/1717/4347 4026/1721/4349 3021/1720/4350 4025/1719/4348
f 4023/1718/4346 3066/1722/4351 4026/1721/4349 5164/1717/4347
f 3066/1722/4351 4027/1724/4352 5165/1723/4353 4026/1721/4349
f 4026/1721/4349 5165/1723/4353 4028/1725/4354 3021/1720/4350
f 5165/1723/4353 4029/1727/4355 3022/1726/4356 4028/1725/4354
f 4027/1724/4352 3065/1728/4357 4029/1727/4355 5165/1723/4353
f 3065/1728/4357 4030/1730/4358 5166/1729/4359 4029/1727/4355
f 4029/1727/4355 5166/1729/4359 4031/1731/4360 3022/1726/4356
f 5166/1729/4359 4032/1733/4361 3020/1732/4362 4031/1731/4360
f 4030/1730/4358 3063/1734/4363 4032/1733/4361 5166/1729/4359
f 3068/1632/4264 4033/1736/4364 5167/1735/4365 4034/1631/4263
f 4034/1631/4263 5167/1735/4365 4035/1737/4366 3023/1524/4156
f 5167/1735/4365 4036/1739/4367 3025/1738/4368 4035/1737/4366
f 4033/1736/4364 3070/1740/4369 4036/1739/4367 5167/1735/4365
f 3070/1740/4369 4037/1742/4370 5168/1741/4371 4036/1739/4367
f 4036/1739/4367 5168/1741/4371 4038/1743/4372 3025/1738/4368
f 5168/1741/4371 4039/1745/4373 3026/1744/4374 4038/1743/4372
f 4037/1742/4370 3069/1746/4375 4039/1745/4373 5168/1741/4371
f 3069/1746/4375 4040/1749/4376 5169/1748/4377 4039/1747/4373
f 4039/1747/4373 5169/1748/4377 4041/1750/4378 3026/1744/4374
f 5169/1748/4377 4042/1752/4379 3024/1751/4380 4041/1750/4378
f 4040/1749/4376 3067/1753/4381 4042/1752/4379 5169/1748/4377
f 3072/1522/4155 4043/1755/4382 5170/1754/4383 4044/1641/4273
f 4044/1641/4273 5170/1754/4383 4045/1756/4384 3027/1551/4183
f 5170/1754/4383 4046/1758/4385 3029/1757/4386 4045/1756/4384
f 4043/1755/4382 3074/1759/4387 4046/1758/4385 5170/1754/4383
f 3074/1759/4387 4047/1761/4388 5171/1760/4389 4046/1758/4385
f 4046/1758/4385 5171/1760/4389 4048/1762/4390 3029/1757/4386
f 5171/1760/4389 4049/1764/4391 3030/1763/4392 4048/1762/4390
f 4047/1761/4388 3073/1765/4393 4049/1764/4391 5171/1760/4389
f 3073/1765/4393 4050/1767/4394 5172/1766/4395 4049/1764/4391
f 4049/1764/4391 5172/1766/4395 4051/1768/4396 3030/1763/4392
f 5172/1766/4395 4052/1770/4397 3028/1769/4398 4051/1768/4396
f 4050/1767/4394 3071/1771/4399 4052/1770/4397 5172/1766/4395
f 3076/1549/4182 4053/1773/4400 5173/1772/4401 4054/1650/4282
f 4054/1650/4282 5173/1772/4401 4055/1774/4402 3031/1575/4207
f 5173/1772/4401 4056/1776/4403 3033/1775/4404 4055/1774/4402
f 4053/1773/4400 3078/1777/4405 4056/1776/4403 5173/1772/4401
f 3078/1777/4405 4057/1779/4406 5174/1778/4407 4056/1776/4403
f 4056/1776/4403 5174/1778/4407 4058/1780/4408 3033/1775/4404
f 5174/1778/4407 4059/1782/4409 3034/1781/4410 4058/1780/4408
f 4057/1779/4406 3077/1783/4411 4059/1782/4409 5174/1778/4407
f 3077/1783/4411 4060/1785/4412 5175/1784/4413 4059/1782/4409
f 4059/1782/4409 5175/1784/4413 4061/1786/4414 3034/1781/4410
f 5175/1784/4413 4062/1788/4415 3032/1787/4416 4061/1786/4414
f 4060/1785/4412 3075/1789/4417 4062/1788/4415 5175/1784/4413
f 3080/1533/4165 4063/1791/4418 5176/1790/4419 4064/1532/4163
f 4064/1532/4163 5176/1790/4419 4065/1792/4420 3035/1531/4164
f 5176/1790/4419 4066/1794/4421 3037/1793/4422 4065/1792/4420
f 4063/1791/4418 3082/1795/4423 4066/1794/4421 5176/1790/4419
f 3082/1795/4423 4067/1797/4424 5177/1796/4425 4066/1794/4421
f 4066/1794/4421 5177/1796/4425 4068/1798/4426 3037/1793/4422
f 5177/1796/4425 4069/1800/4427 3038/1799/4428 4068/1798/4426
f 4067/1797/4424 3081/1801/4429 4069/1800/4427 5177/1796/4425
f 3081/1801/4429 4070/1803/4430 5178/1802/4431 4069/1800/4427
f 4069/1800/4427 5178/1802/4431 4071/1804/4432 3038/1799/4428
f 5178/1802/4431 4072/1806/4433 3036/1805/4434 4071/1804/4432
f 4070/1803/4430 3079/1807/4435 4072/1806/4433 5178/1802/4431
f 3084/1560/4192 4073/1809/4436 5179/1808/4437 4074/1559/4190
f 4074/1559/4190 5179/1808/4437 4075/1810/4438 3039/1558/4191
f 5179/1808/4437 4076/1812/4439 3041/1811/4440 4075/1810/4438
f 4073/1809/4436 3086/1813/4441 4076/1812/4439 5179/1808/4437
f 3086/1813/4441 4077/1815/4442 5180/1814/4443 4076/1812/4439
f 4076/1812/4439 5180/1814/4443 4078/1816/4444 3041/1811/4440
f 5180/1814/4443 4079/1818/4445 3042/1817/4446 4078/1816/4444
f 4077/1815/4442 3085/1819/4447 4079/1818/4445 5180/1814/4443
f 3085/1819/4447 4080/1821/4448 5181/1820/4449 4079/1818/4445
f 4079/1818/4445 5181/1820/4449 4081/1822/4450 3042/1817/4446
f 5181/1820/4449 4082/1824/4451 3040/1823/4452 4081/1822/4450
f 4080/1821/4448 3083/1825/4453 4082/1824/4451 5181/1820/4449
f 3088/1584/4216 4083/1827/4454 5182/1826/4455 4084/1583/4214
f 4084/1583/4214 5182/1826/4455 4085/1828/4456 3043/1582/4215
f 5182/1826/4455 4086/1830/4457 3045/1829/4458 4085/1828/4456
f 4083/1827/4454 3090/1831/4459 4086/1830/4457 5182/1826/4455
f 3090/1831/4459 4087/1833/4460 5183/1832/4461 4086/1830/4457
f 4086/1830/4457 5183/1832/4461 4088/1834/4462 3045/1829/4458
f 5183/1832/4461 4089/1836/4463 3046/1835/4464 4088/1834/4462
f 4087/1833/4460 3089/1837/4465 4089/1836/4463 5183/1832/4461
f 3089/1837/4465 4090/1839/4466 5184/1838/4467 4089/1836/4463
f 4089/1836/4463 5184/1838/4467 4091/1840/4468 3046/1835/4464
f 5184/1838/4467 4092/1842/4469 3044/1841/4470 4091/1840/4468
f 4090/1839/4466 3087/1843/4471 4092/1842/4469 5184/1838/4467
f 3092/1605/4237 4093/1845/4472 5185/1844/4473 4094/1604/4235
f 4094/1604/4235 5185/1844/4473 4095/1846/4474 3047/1603/4236
f 5185/1844/4473 4096/1848/4475 3049/1847/4476 4095/1846/4474
f 4093/1845/4472 3094/1849/4477 4096/1848/4475 5185/1844/4473
f 3094/1849/4477 4097/1851/4478 5186/1850/4479 4096/1848/4475
f 4096/1848/4475 5186/1850/4479 4098/1852/4480 3049/1847/4476
f 5186/1850/4479 4099/1854/4481 3050/1853/4482 4098/1852/4480
f 4097/1851/4478 3093/1855/4483 4099/1854/4481 5186/1850/4479
f 3093/1855/4483 4100/1858/4484 5187/1857/4485 4099/1856/4481
f 4099/1856/4481 5187/1857/4485 4101/1859/4486 3050/1853/4482
f 5187/1857/4485 4102/1861/4487 3048/1860/4488 4101/1859/4486
f 4100/1858/4484 3091/1862/4489 4102/1861/4487 5187/1857/4485
f 3096/1542/4174 4103/1864/4490 5188/1863/4491 4104/1541/4172
f 4104/1541/4172 5188/1863/4491 4105/1865/4492 3003/1540/4173
f 5188/1863/4491 4106/1867/4493 3005/1866/4494 4105/1865/4492
f 4103/1864/4490 3098/1868/4495 4106/1867/4493 5188/1863/4491
f 3098/1868/4495 4107/1870/4496 5189/1869/4497 4106/1867/4493
f 4106/1867/4493 5189/1869/4497 4108/1871/4498 3005/1866/4494
f 5189/1869/4497 4109/1873/4499 3006/1872/4500 4108/1871/4498
f 4107/1870/4496 3097/1874/4501 4109/1873/4499 5189/1869/4497
f 3097/1874/4501 4110/1877/4502 5190/1876/4503 4109/1875/4499
f 4109/1875/4499 5190/1876/4503 4111/1878/4504 3006/1872/4500
f 5190/1876/4503 4112/1880/4505 3004/1879/4506 4111/1878/4504
f 4110/1877/4502 3095/1881/4507 4112/1880/4505 5190/1876/4503
f 3003/1540/4173 4105/1865/4492 5191/1882/4508 4113/1659/4291
f 4113/1659/4291 5191/1882/4508 3993/1661/4292 3052/1656/4288
f 5191/1882/4508 4114/1883/4509 3054/1665/4297 3993/1661/4292
f 4105/1865/4492 3005/1866/4494 4114/1883/4509 5191/1882/4508
f 3005/1866/4494 4108/1871/4498 5192/1884/4510 4114/1883/4509
f 4114/1883/4509 5192/1884/4510 3997/1667/4298 3054/1665/4297
f 5192/1884/4510 4115/1885/4511 3053/1671/4303 3997/1667/4298
f 4108/1871/4498 3006/1872/4500 4115/1885/4511 5192/1884/4510
f 3006/1872/4500 4111/1878/4504 5193/1887/4512 4115/1886/4511
f 4115/1886/4511 5193/1887/4512 4000/1674/4304 3053/1671/4303
f 5193/1887/4512 4116/1888/4513 3051/1678/4309 4000/1674/4304
f 4111/1878/4504 3004/1879/4506 4116/1888/4513 5193/1887/4512
f 3007/1611/4243 3995/1662/4294 5194/1889/4514 4117/1610/4242
f 4117/1610/4242 5194/1889/4514 4003/1680/4310 3056/1569/4201
f 5194/1889/4514 4118/1890/4515 3058/1684/4315 4003/1680/4310
f 3995/1662/4294 3009/1663/4296 4118/1890/4515 5194/1889/4514
f 3009/1663/4296 3998/1668/4300 5195/1891/4516 4118/1890/4515
f 4118/1890/4515 5195/1891/4516 4007/1686/4316 3058/1684/4315
f 5195/1891/4516 4119/1892/4517 3057/1690/4321 4007/1686/4316
f 3998/1668/4300 3010/1669/4302 4119/1892/4517 5195/1891/4516
f 3010/1669/4302 4001/1675/4306 5196/1894/4518 4119/1893/4517
f 4119/1893/4517 5196/1894/4518 4010/1693/4322 3057/1690/4321
f 5196/1894/4518 4120/1895/4519 3055/1697/4327 4010/1693/4322
f 4001/1675/4306 3008/1676/4308 4120/1895/4519 5196/1894/4518
f 3011/1567/4200 4005/1681/4312 5197/1896/4520 4121/1626/4258
f 4121/1626/4258 5197/1896/4520 4013/1699/4328 3060/1593/4225
f 5197/1896/4520 4122/1897/4521 3062/1703/4333 4013/1699/4328
f 4005/1681/4312 3013/1682/4314 4122/1897/4521 5197/1896/4520
f 3013/1682/4314 4008/1687/4318 5198/1898/4522 4122/1897/4521
f 4122/1897/4521 5198/1898/4522 4017/1705/4334 3062/1703/4333
f 5198/1898/4522 4123/1899/4523 3061/1709/4339 4017/1705/4334
f 4008/1687/4318 3014/1688/4320 4123/1899/4523 5198/1898/4522
f 3014/1688/4320 4011/1694/4324 5199/1901/4524 4123/1900/4523
f 4123/1900/4523 5199/1901/4524 4020/1712/4340 3061/1709/4339
f 5199/1901/4524 4124/1902/4525 3059/1716/4345 4020/1712/4340
f 4011/1694/4324 3012/1695/4326 4124/1902/4525 5199/1901/4524
f 3015/1591/4224 4015/1700/4330 5200/1903/4526 4125/1638/4270
f 4125/1638/4270 5200/1903/4526 4023/1718/4346 3064/1620/4252
f 5200/1903/4526 4126/1904/4527 3066/1722/4351 4023/1718/4346
f 4015/1700/4330 3017/1701/4332 4126/1904/4527 5200/1903/4526
f 3017/1701/4332 4018/1706/4336 5201/1905/4528 4126/1904/4527
f 4126/1904/4527 5201/1905/4528 4027/1724/4352 3066/1722/4351
f 5201/1905/4528 4127/1906/4529 3065/1728/4357 4027/1724/4352
f 4018/1706/4336 3018/1707/4338 4127/1906/4529 5201/1905/4528
f 3018/1707/4338 4021/1713/4342 5202/1908/4530 4127/1907/4529
f 4127/1907/4529 5202/1908/4530 4030/1730/4358 3065/1728/4357
f 5202/1908/4530 4128/1909/4531 3063/1734/4363 4030/1730/4358
f 4021/1713/4342 3016/1714/4344 4128/1909/4531 5202/1908/4530
f 3019/1618/4251 4025/1719/4348 5203/1910/4532 4129/1647/4279
f 4129/1647/4279 5203/1910/4532 4033/1736/4364 3068/1632/4264
f 5203/1910/4532 4130/1911/4533 3070/1740/4369 4033/1736/4364
f 4025/1719/4348 3021/1720/4350 4130/1911/4533 5203/1910/4532
f 3021/1720/4350 4028/1725/4354 5204/1912/4534 4130/1911/4533
f 4130/1911/4533 5204/1912/4534 4037/1742/4370 3070/1740/4369
f 5204/1912/4534 4131/1913/4535 3069/1746/4375 4037/1742/4370
f 4028/1725/4354 3022/1726/4356 4131/1913/4535 5204/1912/4534
f 3022/1726/4356 4031/1731/4360 5205/1914/4536 4131/1913/4535
f 4131/1913/4535 5205/1914/4536 4040/1749/4376 3069/1746/4375
f 5205/1914/4536 4132/1915/4537 3067/1753/4381 4040/1749/4376
f 4031/1731/4360 3020/1732/4362 4132/1915/4537 5205/1914/4536
f 3023/1524/4156 4035/1737/4366 5206/1916/4538 4133/1523/4154
f 4133/1523/4154 5206/1916/4538 4043/1755/4382 3072/1522/4155
f 5206/1916/4538 4134/1917/4539 3074/1759/4387 4043/1755/4382
f 4035/1737/4366 3025/1738/4368 4134/1917/4539 5206/1916/4538
f 3025/1738/4368 4038/1743/4372 5207/1918/4540 4134/1917/4539
f 4134/1917/4539 5207/1918/4540 4047/1761/4388 3074/1759/4387
f 5207/1918/4540 4135/1919/4541 3073/1765/4393 4047/1761/4388
f 4038/1743/4372 3026/1744/4374 4135/1919/4541 5207/1918/4540
f 3026/1744/4374 4041/1750/4378 5208/1920/4542 4135/1919/4541
f 4135/1919/4541 5208/1920/4542 4050/1767/4394 3073/1765/4393
f 5208/1920/4542 4136/1921/4543 3071/1771/4399 4050/1767/4394
f 4041/1750/4378 3024/1751/4380 4136/1921/4543 5208/1920/4542
f 3027/1551/4183 4045/1756/4384 5209/1922/4544 4137/1550/4181
f 4137/1550/4181 5209/1922/4544 4053/1773/4400 3076/1549/4182
f 5209/1922/4544 4138/1923/4545 3078/1777/4405 4053/1773/4400
f 4045/1756/4384 3029/1757/4386 4138/1923/4545 5209/1922/4544
f 3029/1757/4386 4048/1762/4390 5210/1924/4546 4138/1923/4545
f 4138/1923/4545 5210/1924/4546 4057/1779/4406 3078/1777/4405
f 5210/1924/4546 4139/1925/4547 3077/1783/4411 4057/1779/4406
f 4048/1762/4390 3030/1763/4392 4139/1925/4547 5210/1924/4546
f 3030/1763/4392 4051/1768/4396 5211/1927/4548 4139/1926/4547
f 4139/1926/4547 5211/1927/4548 4060/1785/4412 3077/1783/4411
f 5211/1927/4548 4140/1928/4549 3075/1789/4417 4060/1785/4412
f 4051/1768/4396 3028/1769/4398 4140/1928/4549 5211/1927/4548
f 3031/1575/4207 4055/1774/4402 5212/1929/4550 4141/1574/4206
f 4141/1574/4206 5212/1929/4550 4063/1791/4418 3080/1533/4165
f 5212/1929/4550 4142/1930/4551 3082/1795/4423 4063/1791/4418
f 4055/1774/4402 3033/1775/4404 4142/1930/4551 5212/1929/4550
f 3033/1775/4404 4058/1780/4408 5213/1931/4552 4142/1930/4551
f 4142/1930/4551 5213/1931/4552 4067/1797/4424 3082/1795/4423
f 5213/1931/4552 4143/1932/4553 3081/1801/4429 4067/1797/4424
f 4058/1780/4408 3034/1781/4410 4143/1932/4553 5213/1931/4552
f 3034/1781/4410 4061/1786/4414 5214/1933/4554 4143/1932/4553
f 4143/1932/4553 5214/1933/4554 4070/1803/4430 3081/1801/4429
f 5214/1933/4554 4144/1934/4555 3079/1807/4435 4070/1803/4430
f 4061/1786/4414 3032/1787/4416 4144/1934/4555 5214/1933/4554
f 3035/1531/4164 4065/1792/4420 5215/1935/4556 4145/1596/4228
f 4145/1596/4228 5215/1935/4556 4073/1809/4436 3084/1560/4192
f 5215/1935/4556 4146/1936/4557 3086/1813/4441 4073/1809/4436
f 4065/1792/4420 3037/1793/4422 4146/1936/4557 5215/1935/4556
f 3037/1793/4422 4068/1798/4426 5216/1937/4558 4146/1936/4557
f 4146/1936/4557 5216/1937/4558 4077/1815/4442 3086/1813/4441
f 5216/1937/4558 4147/1938/4559 3085/1819/4447 4077/1815/4442
f 4068/1798/4426 3038/1799/4428 4147/1938/4559 5216/1937/4558
f 3038/1799/4428 4071/1804/4432 5217/1940/4560 4147/1939/4559
f 4147/1939/4559 5217/1940/4560 4080/1821/4448 3085/1819/4447
f 5217/1940/4560 4148/1941/4561 3083/1825/4453 4080/1821/4448
f 4071/1804/4432 3036/1805/4434 4148/1941/4561 5217/1940/4560
f 3039/1558/4191 4075/1810/4438 5218/1942/4562 4149/1623/4255
f 4149/1623/4255 5218/1942/4562 4083/1827/4454 3088/1584/4216
f 5218/1942/4562 4150/1943/4563 3090/1831/4459 4083/1827/4454
f 4075/1810/4438 3041/1811/4440 4150/1943/4563 5218/1942/4562
f 3041/1811/4440 4078/1816/4444 5219/1944/4564 4150/1943/4563
f 4150/1943/4563 5219/1944/4564 4087/1833/4460 3090/1831/4459
f 5219/1944/4564 4151/1945/4565 3089/1837/4465 4087/1833/4460
f 4078/1816/4444 3042/1817/4446 4151/1945/4565 5219/1944/4564
f 3042/1817/4446 4081/1822/4450 5220/1947/4566 4151/1946/4565
f 4151/1946/4565 5220/1947/4566 4090/1839/4466 3089/1837/4465
f 5220/1947/4566 4152/1948/4567 3087/1843/4471 4090/1839/4466
f 4081/1822/4450 3040/1823/4452 4152/1948/4567 5220/1947/4566
f 3043/1582/4215 4085/1828/4456 5221/1949/4568 4153/1635/4267
f 4153/1635/4267 5221/1949/4568 4093/1845/4472 3092/1605/4237
f 5221/1949/4568 4154/1950/4569 3094/1849/4477 4093/1845/4472
f 4085/1828/4456 3045/1829/4458 4154/1950/4569 5221/1949/4568
f 3045/1829/4458 4088/1834/4462 5222/1951/4570 4154/1950/4569
f 4154/1950/4569 5222/1951/4570 4097/1851/4478 3094/1849/4477
f 5222/1951/4570 4155/1952/4571 3093/1855/4483 4097/1851/4478
f 4088/1834/4462 3046/1835/4464 4155/1952/4571 5222/1951/4570
f 3046/1835/4464 4091/1840/4468 5223/1954/4572 4155/1953/4571
f 4155/1953/4571 5223/1954/4572 4100/1858/4484 3093/1855/4483
f 5223/1954/4572 4156/1955/4573 3091/1862/4489 4100/1858/4484
f 4091/1840/4468 3044/1841/4470 4156/1955/4573 5223/1954/4572
f 3047/1603/4236 4095/1846/4474 5224/1956/4574 4157/1644/4276
f 4157/1644/4276 5224/1956/4574 4103/1864/4490 3096/1542/4174
f 5224/1956/4574 4158/1957/4575 3098/1868/4495 4103/1864/4490
f 4095/1846/4474 3049/1847/4476 4158/1957/4575 5224/1956/4574
f 3049/1847/4476 4098/1852/4480 5225/1958/4576 4158/1957/4575
f 4158/1957/4575 5225/1958/4576 4107/1870/4496 3098/1868/4495
f 5225/1958/4576 4159/1959/4577 3097/1874/4501 4107/1870/4496
f 4098/1852/4480 3050/1853/4482 4159/1959/4577 5225/1958/4576
f 3050/1853/4482 4101/1859/4486 5226/1960/4578 4159/1959/4577
f 4159/1959/4577 5226/1960/4578 4110/1877/4502 3097/1874/4501
f 5226/1960/4578 4160/1961/4579 3095/1881/4507 4110/1877/4502
f 4101/1859/4486 3048/1860/4488 4160/1961/4579 5226/1960/4578
f 3051/1962/4309 4116/1965/4513 5227/1964/4580 4002/1963/4307
f 3008/1966/4308 4002/1963/4307 5227/1964/4580 4120/1967/4519
f 3055/1968/4327 4120/1967/4519 5227/1964/4580 4012/1969/4325
f 3012/1970/4326 4012/1969/4325 5227/1964/4580 4124/1971/4525
f 3059/1972/4345 4124/1971/4525 5227/1964/4580 4022/1973/4343
f 3016/1974/4344 4022/1973/4343 5227/1964/4580 4128/1975/4531
f 3063/1976/4363 4128/1975/4531 5227/1964/4580 4032/1977/4361
f 3020/1978/4362 4032/1977/4361 5227/1964/4580 4132/1979/4537
f 3067/1980/4381 4132/1979/4537 5227/1964/4580 4042/1981/4379
f 3024/1982/4380 4042/1981/4379 5227/1964/4580 4136/1983/4543
f 3071/1984/4399 4136/1983/4543 5227/1964/4580 4052/1985/4397
f 3028/1986/4398 4052/1985/4397 5227/1964/4580 4140/1987/4549
f 3075/1988/4417 4140/1987/4549 5227/1964/4580 4062/1989/4415
f 3032/1990/4416 4062/1989/4415 5227/1964/4580 4144/1991/4555
f 3079/1992/4435 4144/1991/4555 5227/1964/4580 4072/1993/4433
f 3036/1994/4434 4072/1993/4433 5227/1964/4580 4148/1995/4561
f 3083/1996/4453 4148/1995/4561 5227/1964/4580 4082/1997/4451
f 3040/1998/4452 4082/1997/4451 5227/1964/4580 4152/1999/4567
f 3087/2000/4471 4152/1999/4567 5227/1964/4580 4092/2001/4469
f 3044/2002/4470 4092/2001/4469 5227/1964/4580 4156/2003/4573
f 3091/2004/4489 4156/2003/4573 5227/1964/4580 4102/2005/4487
f 3048/2006/4488 4102/2005/4487 5227/1964/4580 4160/2007/4579
f 3095/2008/4507 4160/2007/4579 5227/1964/4580 4112/2009/4505
f 3004/2010/4506 4112/2009/4505 5227/1964/4580 4116/1965/4513
f 2796/769/1556 4189/769/1556 5228/2011/1556 3650/772/1556
f 3650/772/1556 5228/2011/1556 4188/776/1556 2794/776/1556
f 5228/2011/1556 4187/772/1556 3099/776/1556 4188/776/1556
f 4189/769/1556 3101/769/1556 4187/772/1556 5228/2011/1556
f 2798/669/3440 4190/669/1557 5229/2013/1557 3589/2012/3439
f 3589/2012/3439 5229/2013/1557 4189/769/1557 2796/769/3436
f 5229/2013/1557 4186/2012/1557 3101/769/1557 4189/769/1557
f 4190/669/1557 3102/669/1557 4186/2012/1557 5229/2013/1557
f 2795/671/1558 4191/2014/1558 5230/670/1558 3457/670/1558
f 3457/670/1558 5230/670/1558 4190/669/1558 2798/669/1558
f 5230/670/1558 4185/670/1558 3102/669/1558 4190/669/1558
f 4191/2014/1558 3100/671/1558 4185/670/1558 5230/670/1558
f 3413/2015/4581 4243/2018/4582 5231/2017/4583 4323/2016/4584
f 4323/2016/4584 5231/2017/4583 4550/2020/4585 3276/2019/4586
f 5231/2017/4583 4324/2022/4587 3295/2021/4588 4550/2020/4585
f 4243/2018/4582 3293/2023/4589 4324/2022/4587 5231/2017/4583
f 3125/2024/4590 4269/2027/4591 5232/2026/4592 4463/2025/4593
f 4463/2025/4593 5232/2026/4592 4382/2029/4594 3126/2028/4595
f 5232/2026/4592 4295/2031/4596 3316/2030/4597 4382/2029/4594
f 4269/2027/4591 3317/2032/4598 4295/2031/4596 5232/2026/4592
f 3254/2033/4599 4566/2033/4600 5233/2035/4601 4520/2034/4602
f 4520/2034/4602 5233/2035/4601 4456/2037/4603 3253/2036/4604
f 5233/2035/4601 4631/2039/1584 3307/2038/1583 4456/2037/4603
f 4566/2033/4600 3117/2033/1585 4631/2039/1584 5233/2035/4601
f 3128/2040/4605 4302/2043/4606 5234/2042/4607 4468/2041/4608
f 4468/2041/4608 5234/2042/4607 4653/2045/4609 3129/2044/4610
f 5234/2042/4607 4554/2047/4611 3318/2046/4612 4653/2045/4609
f 4302/2043/4606 3127/2048/4613 4554/2047/4611 5234/2042/4607
f 3129/2044/4610 4629/2050/4614 5235/2049/4615 4468/2041/4608
f 4468/2041/4608 5235/2049/4615 4860/2051/4616 3128/2040/4605
f 5235/2049/4615 4382/2029/4594 3316/2030/4597 4860/2051/4616
f 4629/2050/4614 3126/2028/4595 4382/2029/4594 5235/2049/4615
f 3130/2052/4617 4676/2055/4618 5236/2054/4619 4708/2053/4620
f 4708/2053/4620 5236/2054/4619 4307/2057/4621 3320/2056/4622
f 5236/2054/4619 4350/2059/4623 3319/2058/4624 4307/2057/4621
f 4676/2055/4618 3313/2060/4625 4350/2059/4623 5236/2054/4619
f 3310/2061/1607 4205/2064/1610 5498/2063/4626 4521/2062/4627
f 5498/2063/4626 4206/2068/4628 3324/2067/4629 4848/2066/4630
f 4205/2064/1610 3304/2069/1616 4206/2068/4628 5498/2063/4626
f 3322/2070/4631 4592/2073/4632 5237/2072/4633 4804/2071/4634
f 3133/2074/4635 4804/2071/4634 5237/2072/4633 4624/2075/4636
f 3131/2076/4637 4624/2075/4636 5237/2072/4633 4592/2073/4632
f 3132/2077/4638 4342/2080/4639 5474/2079/4640 4341/2078/4641
f 3323/2081/4642 4341/2078/4643 5474/2079/4644 4308/2082/4645
f 3324/2083/4646 4308/2082/4645 5474/2079/4644 4342/2080/4647
f 3324/2083/4646 4342/2080/4647 5475/2085/4648 4738/2084/4649
f 3322/2070/4631 4738/2084/4649 5475/2085/4648 4406/2086/4650
f 3132/2077/4638 4406/2086/4651 5475/2085/4648 4342/2080/4639
f 3134/2087/4652 4692/2090/4653 5238/2089/4654 4249/2088/4655
f 4249/2088/4655 5238/2089/4654 4507/2092/4656 3327/2091/4657
f 5238/2089/4654 4505/2094/4658 3325/2093/4659 4507/2092/4656
f 4692/2090/4653 3326/2095/4660 4505/2094/4658 5238/2089/4654
f 3135/2096/4661 4561/2099/4662 5239/2098/4663 4319/2097/4664
f 4319/2097/4664 5239/2098/4663 4861/2101/4665 3136/2100/4666
f 5239/2098/4663 4505/2094/4658 3326/2095/4660 4861/2101/4665
f 4561/2099/4662 3325/2093/4659 4505/2094/4658 5239/2098/4663
f 3214/2102/4667 4821/2105/4668 5240/2104/4669 4541/2103/4670
f 4541/2103/4670 5240/2104/4669 4702/2107/4671 3211/2106/4672
f 5240/2104/4669 4359/2109/4673 3405/2108/4674 4702/2107/4671
f 4821/2105/4668 3406/2110/4675 4359/2109/4673 5240/2104/4669
f 3184/2111/4676 4595/2114/4677 5241/2113/4678 4591/2112/4679
f 4591/2112/4679 5241/2113/4678 4245/2116/4680 3177/2115/4681
f 5241/2113/4678 4287/2118/4682 3356/2117/4683 4245/2116/4680
f 4595/2114/4677 3359/2119/4684 4287/2118/4682 5241/2113/4678
f 3140/2120/4685 4635/2123/4686 5242/2122/4687 4310/2121/4688
f 3141/2124/4689 4310/2121/4688 5242/2122/4687 4636/2125/4690
f 3139/2126/4691 4636/2125/4690 5242/2122/4687 4635/2123/4686
f 3365/2127/4692 4262/2130/4693 5243/2129/4694 4299/2128/4695
f 4299/2128/4695 5243/2129/4694 4508/2132/4696 3196/2131/4697
f 5243/2129/4694 4544/2134/4698 3206/2133/4699 4508/2132/4696
f 4262/2130/4693 3207/2135/4700 4544/2134/4698 5243/2129/4694
f 3364/2136/4701 4807/2139/4702 5244/2138/4703 4601/2137/4704
f 4601/2137/4704 5244/2138/4703 4424/2140/4705 3365/2127/4706
f 5244/2138/4703 4459/2142/4707 3194/2141/4708 4424/2140/4705
f 4807/2139/4702 3191/2143/4709 4459/2142/4707 5244/2138/4703
f 3334/2144/4710 4652/2147/4711 5245/2146/4712 4227/2145/4713
f 4227/2145/4713 5245/2146/4712 4216/2149/4714 3243/2148/4715
f 5245/2146/4712 4397/2151/4716 3146/2150/4717 4216/2149/4714
f 4652/2147/4711 3337/2152/4718 4397/2151/4716 5245/2146/4712
f 3404/2153/4719 4826/2156/4720 5246/2155/4721 4384/2154/4722
f 4384/2154/4722 5246/2155/4721 4196/2158/4723 3145/2157/4724
f 5246/2155/4721 4857/2160/4725 3338/2159/4726 4196/2158/4723
f 4826/2156/4720 3147/2161/4727 4857/2160/4725 5246/2155/4721
f 3145/2162/4724 4196/2165/4723 5247/2164/4728 4655/2163/4729
f 3144/2166/4730 4655/2163/4729 5247/2164/4728 4859/2167/4731
f 3338/2168/4726 4859/2167/4731 5247/2164/4728 4196/2165/4723
f 3146/2169/4717 4596/2172/4732 5248/2171/4733 4568/2170/4734
f 3339/2173/4735 4568/2170/4734 5248/2171/4733 4421/2174/4736
f 3340/2175/4737 4421/2174/4736 5248/2171/4733 4596/2172/4732
f 3340/2175/4737 4596/2172/4732 5249/2177/4738 4659/2176/4739
f 3337/2178/4718 4659/2176/4739 5249/2177/4738 4397/2179/4716
f 3146/2169/4717 4397/2179/4716 5249/2177/4738 4596/2172/4732
f 3135/2096/4661 4322/2182/4740 5250/2181/4741 4321/2180/4742
f 4321/2180/4742 5250/2181/4741 4547/2184/4743 3231/2183/4744
f 5250/2181/4741 4247/2186/4745 3388/2185/4746 4547/2184/4743
f 4322/2182/4740 3237/2187/4747 4247/2186/4745 5250/2181/4741
f 3138/2188/4748 4794/2191/4749 5251/2190/4750 4388/2189/4751
f 4388/2189/4751 5251/2190/4750 4215/2193/4752 3394/2192/4753
f 5251/2190/4750 4669/2195/4754 3395/2194/4755 4215/2193/4752
f 4794/2191/4749 3329/2196/4756 4669/2195/4754 5251/2190/4750
f 3157/2197/4757 4289/2200/4758 5252/2199/4759 4819/2198/4760
f 4819/2198/4760 5252/2199/4759 4194/2202/4761 3156/2201/4762
f 5252/2199/4759 4708/2053/4620 3320/2056/4622 4194/2202/4761
f 4289/2200/4758 3130/2052/4617 4708/2053/4620 5252/2199/4759
f 3316/2030/4597 4298/2204/4763 5253/2203/4764 4860/2051/4616
f 4860/2051/4616 5253/2203/4764 4231/2205/4765 3128/2040/4605
f 5253/2203/4764 4287/2118/4766 3359/2119/4767 4231/2205/4765
f 4298/2204/4763 3356/2117/4768 4287/2118/4766 5253/2203/4764
f 3155/2206/4769 4820/2209/4770 5254/2208/4771 4531/2207/4772
f 4531/2207/4772 5254/2208/4771 4668/2211/4773 3349/2210/4774
f 5254/2208/4771 4673/2213/1762 3296/2212/1761 4668/2211/4773
f 4820/2209/4770 3297/2214/1763 4673/2213/1762 5254/2208/4771
f 3345/2215/4775 4448/2218/4776 5255/2217/4777 4753/2216/4778
f 4753/2216/4778 5255/2217/4777 4755/2220/4779 3344/2219/4780
f 5255/2217/4777 4533/2222/4781 3363/2221/4782 4755/2220/4779
f 4448/2218/4776 3215/2223/4783 4533/2222/4781 5255/2217/4777
f 3338/2159/4726 4814/2226/4784 5256/2225/4785 4859/2224/4731
f 4859/2224/4731 5256/2225/4785 4657/2228/4786 3144/2227/4730
f 5256/2225/4785 4429/2230/4787 3198/2229/4788 4657/2228/4786
f 4814/2226/4784 3367/2231/4789 4429/2230/4787 5256/2225/4785
f 3346/2232/4790 4335/2235/4791 5257/2234/4792 4694/2233/4793
f 4694/2233/4793 5257/2234/4792 4688/2237/1784 3104/2236/1783
f 5257/2234/4792 4686/2239/4794 3103/2238/1785 4688/2237/1784
f 4335/2235/4791 3150/2240/4795 4686/2239/4794 5257/2234/4792
f 3348/2241/4796 4761/2244/4797 5258/2243/4798 4228/2242/4799
f 4228/2242/4799 5258/2243/4798 4590/2246/4800 3347/2245/4801
f 5258/2243/4798 4411/2248/4802 3158/2247/4803 4590/2246/4800
f 4761/2244/4797 3159/2249/4804 4411/2248/4802 5258/2243/4798
f 3286/2250/4805 4283/2253/4806 5259/2252/4807 4328/2251/4808
f 4328/2251/4808 5259/2252/4807 4454/2255/4809 3422/2254/4810
f 5259/2252/4807 4458/2257/4811 3431/2256/4812 4454/2255/4809
f 4283/2253/4806 3430/2258/4813 4458/2257/4811 5259/2252/4807
f 3343/2259/4814 4764/2262/4815 5260/2261/4816 4606/2260/4817
f 4606/2260/4817 5260/2261/4816 4534/2264/4818 3148/2263/4819
f 5260/2261/4816 4638/2266/1813 3299/2265/1812 4534/2264/4818
f 4764/2262/4815 3106/2267/1814 4638/2266/1813 5260/2261/4816
f 3342/2268/4820 4212/2271/4821 5261/2270/4822 4748/2269/4823
f 3341/2272/4824 4748/2269/4823 5261/2270/4822 4297/2273/4825
f 3160/2274/4826 4297/2273/4825 5261/2270/4822 4212/2271/4821
f 3160/2274/4826 4212/2271/4821 5262/2276/4827 4740/2275/4828
f 3161/2277/4829 4740/2275/4828 5262/2276/4827 4684/2278/4830
f 3342/2268/4820 4684/2278/4830 5262/2276/4827 4212/2271/4821
f 3173/2279/4831 4574/2282/4832 5263/2281/4833 4250/2280/4834
f 4250/2280/4834 5263/2281/4833 4746/2284/4835 3172/2283/4836
f 5263/2281/4833 4745/2286/4837 3164/2285/4838 4746/2284/4835
f 4574/2282/4832 3166/2287/4839 4745/2286/4837 5263/2281/4833
f 3328/2288/4840 4457/2291/4841 5264/2290/4842 4823/2289/4843
f 4823/2289/4843 5264/2290/4842 4578/2292/4844 3329/2196/4756
f 5264/2290/4842 4393/2294/4845 3412/2293/4846 4578/2292/4844
f 4457/2291/4841 3271/2295/4847 4393/2294/4845 5264/2290/4842
f 3359/2119/4848 4287/2118/4849 5265/2297/4850 4358/2296/4851
f 4358/2296/4851 5265/2297/4850 4752/2299/4852 3183/2298/4853
f 5265/2297/4850 4845/2301/4854 3178/2300/4855 4752/2299/4852
f 4287/2118/4849 3356/2117/4856 4845/2301/4854 5265/2297/4850
f 3175/2302/4857 4242/2305/4858 5266/2304/4859 4244/2303/4860
f 4244/2303/4860 5266/2304/4859 4589/2306/4861 3178/2300/4855
f 5266/2304/4859 4420/2307/4862 3177/2115/4863 4589/2306/4861
f 4242/2305/4858 3176/2308/4864 4420/2307/4862 5266/2304/4859
f 3149/2309/4865 4696/2312/4866 5267/2311/4867 4841/2310/4868
f 4841/2310/4868 5267/2311/4867 4802/2314/4869 3331/2313/4870
f 5267/2311/4867 4753/2216/4778 3344/2219/4780 4802/2314/4869
f 4696/2312/4866 3345/2215/4775 4753/2216/4778 5267/2311/4867
f 3253/2036/4604 4839/2317/4871 5268/2316/4872 4520/2315/4602
f 4520/2315/4602 5268/2316/4872 4356/2318/4873 3254/2033/4599
f 5268/2316/4872 4836/2320/4874 3248/2319/4875 4356/2318/4873
f 4839/2317/4871 3247/2321/4876 4836/2320/4874 5268/2316/4872
f 3183/2298/4853 4266/2323/4877 5269/2322/4878 4358/2296/4851
f 4358/2296/4851 5269/2322/4878 4699/2324/4879 3359/2119/4848
f 5269/2322/4878 4608/2326/4880 3186/2325/4881 4699/2324/4879
f 4266/2323/4877 3185/2327/4882 4608/2326/4880 5269/2322/4878
f 3411/2328/4883 4536/2331/4884 5270/2330/4885 4751/2329/4886
f 4751/2329/4886 5270/2330/4885 4526/2333/4887 3269/2332/4888
f 5270/2330/4885 4241/2335/4889 3289/2334/4890 4526/2333/4887
f 4536/2331/4884 3425/2336/4891 4241/2335/4889 5270/2330/4885
f 3427/2337/4892 4482/2340/4893 5271/2339/4894 4347/2338/4895
f 4347/2338/4895 5271/2339/4894 4399/2342/4896 3426/2341/4897
f 5271/2339/4894 4855/2344/4898 3277/2343/4899 4399/2342/4896
f 4482/2340/4893 3282/2345/4900 4855/2344/4898 5271/2339/4894
f 3294/2346/4901 4634/2349/4902 5272/2348/4903 4276/2347/4904
f 4276/2347/4904 5272/2348/4903 4476/2351/4905 3416/2350/4906
f 5272/2348/4903 4780/2353/4907 3428/2352/4908 4476/2351/4905
f 4634/2349/4902 3283/2354/4909 4780/2353/4907 5272/2348/4903
f 3211/2106/4672 4702/2107/4671 5273/2356/4910 4193/2355/4911
f 4193/2355/4911 5273/2356/4910 4795/2358/4912 3205/2357/4913
f 5273/2356/4910 4750/2360/4914 3142/2359/4915 4795/2358/4912
f 4702/2107/4671 3405/2108/4674 4750/2360/4914 5273/2356/4910
f 3197/2361/4916 4271/2364/4917 5274/2363/4918 4292/2362/4919
f 4292/2362/4919 5274/2363/4918 4345/2366/4920 3208/2365/4921
f 5274/2363/4918 4429/2230/4922 3367/2231/4923 4345/2366/4920
f 4271/2364/4917 3198/2229/4924 4429/2230/4922 5274/2363/4918
f 3249/2367/4925 4351/2370/4926 5275/2369/4927 4837/2368/4928
f 4837/2368/4928 5275/2369/4927 4797/2371/4929 3247/2321/4876
f 5275/2369/4927 4273/2373/4930 3397/2372/4931 4797/2371/4929
f 4351/2370/4926 3246/2374/4932 4273/2373/4930 5275/2369/4927
f 3215/2223/4933 4392/2376/4934 5276/2375/4935 4533/2222/4936
f 4533/2222/4936 5276/2375/4935 4233/2377/4937 3363/2221/4938
f 5276/2375/4935 4620/2379/4939 3193/2378/4940 4233/2377/4937
f 4392/2376/4934 3216/2380/4941 4620/2379/4939 5276/2375/4935
f 3419/2381/4942 4840/2384/4943 5277/2383/4944 4330/2382/4945
f 4330/2382/4945 5277/2383/4944 4472/2386/4946 3279/2385/4947
f 5277/2383/4944 4470/2388/4948 3141/2387/4689 4472/2386/4946
f 4840/2384/4943 3227/2389/4949 4470/2388/4948 5277/2383/4944
f 3411/2328/4883 4407/2392/4950 5278/2391/4951 4570/2390/4952
f 4570/2390/4952 5278/2391/4951 4353/2394/4953 3273/2393/4954
f 5278/2391/4951 4640/2395/4955 3246/2374/4932 4353/2394/4953
f 4407/2392/4950 3134/2087/4652 4640/2395/4955 5278/2391/4951
f 3417/2396/4956 4494/2399/4957 5279/2398/4958 4535/2397/4959
f 4535/2397/4959 5279/2398/4958 4378/2401/4960 3278/2400/4961
f 5279/2398/4958 4371/2402/4962 3287/2402/4963 4378/2401/4960
f 4494/2399/4957 3288/2402/4964 4371/2402/4962 5279/2398/4958
f 3199/2403/4965 4447/2406/4966 5280/2405/4967 4612/2404/4968
f 4612/2404/4968 5280/2405/4967 4318/2408/4969 3200/2407/4970
f 5280/2405/4967 4271/2364/4917 3197/2361/4916 4318/2408/4969
f 4447/2406/4966 3198/2229/4924 4271/2364/4917 5280/2405/4967
f 3158/2247/4803 4506/2411/4971 5281/2410/4972 4590/2409/4800
f 4590/2409/4800 5281/2410/4972 4835/2412/4973 3347/2245/4801
f 5281/2410/4972 4665/2414/4974 3251/2413/4975 4835/2412/4973
f 4506/2411/4971 3399/2415/4976 4665/2414/4974 5281/2410/4972
f 3172/2283/4836 4430/2418/4977 5282/2417/4978 4250/2416/4834
f 4250/2416/4834 5282/2417/4978 4517/2419/4979 3173/2279/4831
f 5282/2417/4978 4772/2421/4980 3355/2420/4981 4517/2419/4979
f 4430/2418/4977 3170/2422/4982 4772/2421/4980 5282/2417/4978
f 3194/2141/4708 4459/2142/4707 5283/2424/4983 4776/2423/4984
f 4776/2423/4984 5283/2424/4983 4594/2426/4985 3195/2425/4986
f 5283/2424/4983 4450/2427/4987 3363/2221/4988 4594/2426/4985
f 4459/2142/4707 3191/2143/4709 4450/2427/4987 5283/2424/4983
f 3271/2295/4847 4457/2291/4841 5284/2429/4989 4400/2428/4990
f 4400/2428/4990 5284/2429/4989 4365/2430/4991 3276/2019/4586
f 5284/2429/4989 4720/2432/4992 3409/2431/4993 4365/2430/4991
f 4457/2291/4841 3328/2288/4840 4720/2432/4992 5284/2429/4989
f 3169/2433/4994 4355/2436/4995 5285/2435/4996 4408/2434/4997
f 4408/2434/4997 5285/2435/4996 4294/2438/4998 3188/2437/4999
f 5285/2435/4996 4781/2440/5000 3403/2439/5001 4294/2438/4998
f 4355/2436/4995 3315/2441/5002 4781/2440/5000 5285/2435/4996
f 3115/2442/1998 4235/2445/5003 5286/2444/5004 4496/2443/1998
f 4496/2443/1998 5286/2444/5004 4377/2447/5005 3114/2446/1998
f 5286/2444/5004 4649/2449/5006 3377/2448/5007 4377/2447/5005
f 4235/2445/5003 3223/2450/5008 4649/2449/5006 5286/2444/5004
f 3131/2451/4637 4592/2454/4632 5287/2453/5009 4775/2452/5010
f 4775/2452/5010 5287/2453/5009 4436/2456/5011 3382/2455/5012
f 5287/2453/5013 4406/2458/5014 3321/2457/5015 4436/2456/5016
f 4592/2454/4632 3322/2459/4631 4406/2458/4650 5287/2453/5009
f 3366/2460/5017 4593/2463/5018 5288/2462/5019 4654/2461/5020
f 4654/2461/5020 5288/2462/5019 4656/2464/5021 3364/2136/5022
f 5288/2462/5019 4628/2465/5023 3404/2153/4719 4656/2464/5021
f 4593/2463/5018 3261/2466/5024 4628/2465/5023 5288/2462/5019
f 3364/2467/5025 4704/2470/5026 5289/2469/5027 4498/2468/5028
f 3196/2471/4697 4498/2468/5028 5289/2469/5027 4453/2472/5029
f 3192/2473/5030 4453/2472/5029 5289/2469/5027 4704/2470/5026
f 3192/2473/5030 4704/2470/5026 5290/2475/5031 4285/2474/5032
f 3191/2476/5033 4285/2474/5032 5290/2475/5031 4807/2477/5031
f 3364/2467/5025 4807/2477/5031 5290/2475/5031 4704/2470/5026
f 3357/2478/5034 4774/2481/5035 5291/2480/5036 4460/2479/5037
f 4460/2479/5037 5291/2480/5036 4824/2483/5038 3171/2482/5039
f 5291/2480/5036 4284/2484/5040 3355/2420/5041 4824/2483/5038
f 4774/2481/5035 3358/2485/5042 4284/2484/5040 5291/2480/5036
f 3255/2486/5043 4736/2489/5044 5292/2488/5045 4369/2487/5046
f 4369/2487/5046 5292/2488/5045 4703/2491/5047 3256/2490/5048
f 5292/2488/5045 4677/2493/5049 3385/2492/5050 4703/2491/5047
f 4736/2489/5044 3233/2494/5051 4677/2493/5049 5292/2488/5045
f 3260/2495/5052 4773/2498/5053 5293/2497/5054 4484/2496/5055
f 4484/2496/5055 5293/2497/5054 4386/2500/5056 3143/2499/5057
f 5293/2497/5054 4384/2154/4722 3145/2157/4724 4386/2500/5056
f 4773/2498/5053 3404/2153/4719 4384/2154/4722 5293/2497/5054
f 3325/2093/4659 4192/2502/5058 5294/2501/5059 4507/2092/4656
f 4507/2092/4656 5294/2501/5059 4220/2503/5060 3327/2091/4657
f 5294/2501/5059 4204/2505/5061 3232/2504/5062 4220/2503/5060
f 4192/2502/5058 3230/2506/5063 4204/2505/5061 5294/2501/5059
f 3366/2507/5064 4605/2510/5065 5295/2509/5066 4664/2508/5067
f 3206/2511/4699 4664/2508/5067 5295/2509/5066 4508/2512/4696
f 3196/2471/4697 4508/2512/4696 5295/2509/5066 4605/2510/5065
f 3196/2471/4697 4605/2510/5065 5296/2513/5068 4498/2468/5028
f 3364/2467/5025 4498/2468/5028 5296/2513/5068 4654/2514/5068
f 3366/2507/5064 4654/2514/5068 5296/2513/5068 4605/2510/5065
f 3184/2111/5069 4197/2517/5070 5297/2516/5071 4265/2515/5072
f 4265/2515/5072 5297/2516/5071 4266/2323/4877 3183/2298/4853
f 5297/2516/5071 4672/2518/5073 3185/2327/4882 4266/2323/4877
f 4197/2517/5070 3360/2448/5074 4672/2518/5073 5297/2516/5071
f 3324/2067/5075 4209/2521/5076 5310/2520/5077 4308/2519/5078
f 4308/2519/4645 5310/2520/5079 4714/2523/5080 3323/2522/4642
f 4209/2521/5076 3116/2525/2075 4712/2524/2074 5310/2520/5077
f 3273/2393/4954 4530/2527/5081 5298/2526/5082 4570/2390/4952
f 4570/2390/4952 5298/2526/5082 4536/2331/4884 3411/2328/4883
f 5298/2526/5082 4637/2528/5083 3425/2336/4891 4536/2331/4884
f 4530/2527/5081 3429/2529/5084 4637/2528/5083 5298/2526/5082
f 3138/2188/4748 4801/2531/5085 5299/2530/5086 4794/2191/4749
f 4794/2191/4749 5299/2530/5086 4823/2289/4843 3329/2196/4756
f 5299/2530/5086 4633/2532/5087 3328/2288/4840 4823/2289/4843
f 4801/2531/5085 3137/2533/5088 4633/2532/5087 5299/2530/5086
f 3394/2192/4753 4215/2193/4752 5300/2535/5089 4648/2534/5090
f 4648/2534/5090 5300/2535/5089 4602/2537/5091 3245/2536/5092
f 5300/2535/5089 4278/2539/5093 3391/2538/5094 4602/2537/5091
f 4215/2193/4752 3395/2194/4755 4278/2539/5093 5300/2535/5089
f 3378/2540/5095 4489/2543/5096 5301/2542/5097 4697/2541/5098
f 4697/2541/5098 5301/2542/5097 4337/2545/5099 3379/2544/5100
f 5301/2542/5097 4623/2547/5101 3225/2546/5102 4337/2545/5099
f 4489/2543/5096 3333/2548/5103 4623/2547/5101 5301/2542/5097
f 3204/2549/5104 4798/2552/5105 5302/2551/5106 4614/2550/5107
f 3203/2553/5108 4614/2550/5107 5302/2551/5106 4646/2554/5109
f 3212/2555/5110 4646/2554/5109 5302/2551/5106 4798/2552/5105
f 3212/2555/5110 4798/2552/5105 5303/2557/5111 4567/2556/5112
f 3370/2558/5113 4567/2556/5112 5303/2557/5111 4575/2559/5114
f 3204/2549/5104 4575/2559/5114 5303/2557/5111 4798/2552/5105
f 3131/2451/4637 4626/2562/5115 5304/2561/5116 4624/2560/4636
f 4624/2560/4636 5304/2561/5116 4331/2564/5117 3133/2563/4635
f 5304/2561/5116 4563/2566/5118 3389/2565/5119 4331/2564/5117
f 4626/2562/5115 3239/2567/5120 4563/2566/5118 5304/2561/5116
f 3346/2232/5121 4756/2570/5122 4644/2569/5123 4248/2568/5124
f 4248/2568/5124 4644/2569/5123 4448/2218/5125 3345/2215/5126
f 4644/2569/5123 4471/2571/5127 3215/2223/5128 4448/2218/5125
f 4756/2570/5122 3372/2223/5129 4471/2571/5127 4644/2569/5123
f 3327/2091/4657 4346/2573/5130 5305/2572/5131 4249/2088/4655
f 4249/2088/4655 5305/2572/5131 4640/2395/4955 3134/2087/4652
f 5305/2572/5131 4273/2373/4930 3246/2374/4932 4640/2395/4955
f 4346/2573/5130 3397/2372/4931 4273/2373/4930 5305/2572/5131
f 3373/2473/5132 4759/2576/5133 5306/2575/5134 4556/2574/5134
f 3374/2577/5135 4556/2574/5134 5306/2575/5134 4442/2578/5136
f 3217/2579/5137 4442/2578/5136 5306/2575/5134 4759/2576/5133
f 3195/2580/5138 4379/2577/5139 5307/2582/5140 4198/2581/5141
f 3373/2473/5132 4198/2581/5141 5307/2582/5140 4584/2583/5142
f 3216/2584/4941 4584/2583/5142 5307/2582/5140 4379/2577/5139
f 3216/2584/4941 4379/2577/5139 5308/2586/5143 4620/2585/4939
f 3193/2587/4940 4620/2585/4939 5308/2586/5143 4619/2574/5144
f 3195/2580/5138 4619/2574/5144 5308/2586/5143 4379/2577/5139
f 3364/2136/4701 4601/2137/4704 5309/2588/5145 4654/2461/5146
f 4654/2461/5146 5309/2588/5145 4349/2589/5147 3366/2460/5148
f 5309/2588/5145 4262/2130/5149 3207/2135/5150 4349/2589/5147
f 4601/2137/4704 3365/2127/4706 4262/2130/5149 5309/2588/5145
f 3324/2067/4629 4206/2068/4628 5310/2590/5151 4308/2519/5152
f 5310/2590/5079 4712/2593/2147 3303/2592/2146 4714/2591/5080
f 4206/2068/4628 3304/2069/1616 4712/2593/2148 5310/2590/5151
f 3109/2594/2149 4604/2597/2152 5311/2596/5153 4455/2595/5154
f 4455/2595/5154 5311/2596/5153 4281/2598/5155 3372/2223/5156
f 5311/2596/5153 4766/2600/5157 3217/2599/5137 4281/2598/5155
f 4604/2597/2152 3110/2601/2156 4766/2600/5157 5311/2596/5153
f 3286/2250/4805 4849/2604/5158 5312/2603/5159 4291/2602/5160
f 4291/2602/5160 5312/2603/5159 4495/2606/5161 3285/2605/5162
f 5312/2603/5159 4739/2608/5163 3153/2607/5164 4495/2606/5161
f 4849/2604/5158 3348/2241/4796 4739/2608/5163 5312/2603/5159
f 3280/2609/5165 4701/2612/5166 5313/2611/5167 4618/2610/5168
f 4618/2610/5168 5313/2611/5167 4537/2614/5169 3420/2613/5170
f 5313/2611/5167 4527/2616/5171 3161/2615/4829 4537/2614/5169
f 4701/2612/5166 3385/2492/5050 4527/2616/5171 5313/2611/5167
f 3222/2617/5172 4211/2620/5173 5314/2619/5174 4391/2618/5175
f 4391/2618/5175 5314/2619/5174 4235/2445/5176 3223/2450/5177
f 5314/2619/5174 4253/2621/2177 3115/2442/2177 4235/2445/5176
f 4211/2620/5173 3113/2622/2178 4253/2621/2177 5314/2619/5174
f 3377/2448/5178 4377/2447/5179 5315/2624/5180 4370/2623/5181
f 4370/2623/5181 5315/2624/5180 4211/2620/5173 3222/2617/5172
f 5315/2624/5180 4252/2625/2183 3113/2622/2178 4211/2620/5173
f 4377/2447/5179 3114/2446/2183 4252/2625/2183 5315/2624/5180
f 3418/2626/5182 4481/2629/5183 5316/2628/5184 4332/2627/5185
f 4332/2627/5185 5316/2628/5184 4444/2630/5186 3285/2605/5162
f 5316/2628/5184 4637/2528/5083 3429/2529/5084 4444/2630/5186
f 4481/2629/5183 3425/2336/4891 4637/2528/5083 5316/2628/5184
f 3163/2631/5187 4585/2634/5188 5317/2633/5189 4415/2632/5190
f 4415/2632/5190 5317/2633/5189 4225/2636/5191 3162/2635/5192
f 5317/2633/5189 4199/2638/5193 3361/2637/5194 4225/2636/5191
f 4585/2634/5188 3190/2639/5195 4199/2638/5193 5317/2633/5189
f 3124/2640/5196 4425/2643/5197 5318/2642/5198 4414/2641/5199
f 4414/2641/5199 5318/2642/5198 4202/2644/5200 3315/2441/5002
f 5318/2642/5198 4293/2645/5201 3313/2060/4625 4202/2644/5200
f 4425/2643/5197 3314/2646/5202 4293/2645/5201 5318/2642/5198
f 3296/2212/1761 4571/2648/2206 5319/2647/5203 4668/2211/4773
f 4668/2211/4773 5319/2647/5203 4730/2649/5204 3349/2210/4774
f 5319/2647/5203 4529/2650/5205 3417/2396/4956 4730/2649/5204
f 4571/2648/2206 3311/2651/2209 4529/2650/5205 5319/2647/5203
f 3420/2613/5170 4577/2654/5206 5320/2653/5207 4618/2652/5168
f 4618/2652/5168 5320/2653/5207 4462/2655/5208 3280/2609/5165
f 5320/2653/5207 4641/2657/5209 3291/2656/5210 4462/2655/5208
f 4577/2654/5206 3292/2658/5211 4641/2657/5209 5320/2653/5207
f 3148/2263/4819 4534/2264/4818 5321/2660/5212 4344/2659/5213
f 4344/2659/5213 5321/2660/5212 4721/2662/5214 3262/2661/5215
f 5321/2660/5212 4643/2664/2221 3119/2663/2220 4721/2662/5214
f 4534/2264/4818 3299/2265/1812 4643/2664/2221 5321/2660/5212
f 3275/2665/5216 4705/2668/5217 5322/2667/5218 4222/2666/5219
f 4222/2666/5219 5322/2667/5218 4513/2670/5220 3274/2669/5221
f 5322/2667/5218 4458/2671/4811 3430/2258/4813 4513/2670/5220
f 4705/2668/5217 3431/2256/4812 4458/2671/4811 5322/2667/5218
f 3376/2672/5222 4729/2675/5223 5323/2674/5224 4431/2673/5225
f 4431/2673/5225 5323/2674/5224 4390/2677/5226 3221/2676/5227
f 5323/2674/5224 4389/2678/5228 3208/2365/4921 4390/2677/5226
f 4729/2675/5223 3209/2679/5229 4389/2678/5228 5323/2674/5224
f 3226/2680/5230 4416/2683/5231 5324/2682/5232 4503/2681/5233
f 4503/2681/5233 5324/2682/5232 4820/2684/4770 3155/2206/4769
f 5324/2682/5232 4480/2686/2240 3297/2685/1763 4820/2684/4770
f 4416/2683/5231 3306/2687/2240 4480/2686/2240 5324/2682/5232
f 3333/2548/5103 4489/2543/5096 5325/2689/5234 4492/2688/5235
f 4492/2688/5235 5325/2689/5234 4320/2691/5236 3336/2690/5237
f 5325/2689/5234 4413/2693/5238 3224/2692/5239 4320/2691/5236
f 4489/2543/5096 3378/2540/5095 4413/2693/5238 5325/2689/5234
f 3352/2694/5240 4742/2697/5241 5326/2696/5242 4279/2695/5243
f 4279/2695/5243 5326/2696/5242 4769/2699/5244 3353/2698/5245
f 5326/2696/5242 4573/2700/5246 3169/2433/5247 4769/2699/5244
f 4742/2697/5241 3351/2701/5248 4573/2700/5246 5326/2696/5242
f 3155/2702/4769 4501/2705/5249 5327/2704/5250 4630/2703/5251
f 3378/2706/5095 4630/2703/5251 5327/2704/5250 4413/2707/5238
f 3224/2708/5239 4413/2707/5238 5327/2704/5250 4501/2705/5249
f 3207/2135/5150 4700/2710/5252 5328/2709/5253 4349/2589/5147
f 4349/2589/5147 5328/2709/5253 4827/2711/5254 3366/2460/5148
f 5328/2709/5253 4779/2713/5255 3218/2712/5256 4827/2711/5254
f 4700/2710/5252 3220/2714/5257 4779/2713/5255 5328/2709/5253
f 3132/2077/4638 4341/2078/4641 5514/2715/5258 4343/2076/5259
f 3382/3469/5012 4436/2716/5011 5516/2717/5260 4698/3470/5261
f 3132/2077/4638 4343/2076/5259 5516/2717/5262 4436/2716/5263
f 3227/2718/4949 4828/2721/5264 5329/2720/5265 4658/2719/5266
f 3383/2722/5267 4658/2719/5266 5329/2720/5265 4210/2723/5268
f 3151/2724/5269 4210/2723/5268 5329/2720/5265 4828/2721/5264
f 3151/2724/5269 4828/2721/5264 5330/2726/5270 4832/2725/5271
f 3154/2727/5272 4832/2725/5271 5330/2726/5270 4661/2728/5273
f 3227/2718/4949 4661/2728/5273 5330/2726/5270 4828/2721/5264
f 3383/2729/5267 4210/2732/5268 5331/2731/5274 4670/2730/5275
f 4670/2730/5275 5331/2731/5274 4469/2734/5276 3228/2733/5277
f 5331/2731/5274 4616/2736/5278 3384/2735/5279 4469/2734/5276
f 4210/2732/5268 3151/2737/5269 4616/2736/5278 5331/2731/5274
f 3140/2120/4685 4312/2740/5280 5332/2739/5281 4313/2738/5282
f 3229/2741/5283 4313/2738/5282 5332/2739/5281 4691/2742/5284
f 3228/2743/5277 4691/2742/5284 5332/2739/5281 4312/2740/5280
f 3228/2743/5277 4312/2740/5280 5333/2745/5285 4670/2744/5275
f 3383/2722/5267 4670/2744/5275 5333/2745/5285 4558/2746/5286
f 3140/2120/4685 4558/2746/5286 5333/2745/5285 4312/2740/5280
f 3140/2120/4685 4311/2748/5287 5334/2747/5288 4558/2746/5286
f 3383/2722/5267 4558/2746/5286 5334/2747/5288 4658/2719/5266
f 3227/2718/4949 4658/2719/5266 5334/2747/5288 4311/2748/5287
f 3227/2718/4949 4311/2748/5287 5335/2750/5289 4470/2749/4948
f 3141/2124/4689 4470/2749/4948 5335/2750/5289 4310/2121/4688
f 3140/2120/4685 4310/2121/4688 5335/2750/5289 4311/2748/5287
f 5287/2453/5290 4406/2458/4651 3132/2457/4638 4436/2456/5263
f 3428/2352/4908 4374/2753/5291 5336/2752/5292 4479/2751/5293
f 4479/2751/5293 5336/2752/5292 4482/2340/4893 3427/2337/4892
f 5336/2752/5292 4735/2754/5294 3282/2345/4900 4482/2340/4893
f 4374/2753/5291 3421/2755/5295 4735/2754/5294 5336/2752/5292
f 3233/2494/5051 4224/2758/5296 5337/2757/5297 4829/2756/5298
f 4829/2756/5298 5337/2757/5297 4380/2760/5299 3160/2759/4826
f 5337/2757/5297 4223/2762/5300 3386/2761/5301 4380/2760/5299
f 4224/2758/5296 3387/2763/5302 4223/2762/5300 5337/2757/5297
f 3357/2478/5303 4662/2766/5304 5338/2765/5305 4315/2764/5306
f 4315/2764/5306 5338/2765/5305 4504/2768/5307 3179/2767/5308
f 5338/2765/5305 4812/2770/5309 3402/2769/5310 4504/2768/5307
f 4662/2766/5304 3259/2771/5311 4812/2770/5309 5338/2765/5305
f 3221/2676/5227 4405/2773/5312 5339/2772/5313 4431/2673/5225
f 4431/2673/5225 5339/2772/5313 4439/2774/5314 3376/2672/5222
f 5339/2772/5313 4512/2776/5315 3362/2775/5316 4439/2774/5314
f 4405/2773/5312 3190/2639/5195 4512/2776/5315 5339/2772/5313
f 3330/2777/5317 4719/2780/5318 5340/2779/5319 4715/2778/5320
f 3238/2781/5321 4715/2778/5320 5340/2779/5319 4716/2782/5319
f 3229/2741/5283 4716/2782/5319 5340/2779/5319 4719/2780/5318
f 3250/2413/5322 4340/2784/5323 5341/2783/5324 4675/2413/5325
f 4675/2413/5325 5341/2783/5324 4835/2412/4973 3251/2413/4975
f 5341/2783/5324 4509/2785/5326 3347/2245/4801 4835/2412/4973
f 4340/2784/5323 3152/2786/5327 4509/2785/5326 5341/2783/5324
f 3240/2787/5328 4723/2790/5329 5342/2789/5330 4579/2788/5331
f 4579/2788/5331 5342/2789/5330 4580/2791/5332 3239/2567/5120
f 5342/2789/5330 4576/2793/5333 3241/2792/5334 4580/2791/5332
f 4723/2790/5329 3390/2794/5335 4576/2793/5333 5342/2789/5330
f 3241/2792/5334 4218/2796/5336 5343/2795/5337 4580/2791/5332
f 4580/2791/5332 5343/2795/5337 4563/2566/5118 3239/2567/5120
f 5343/2795/5337 4487/2797/5338 3389/2565/5119 4563/2566/5118
f 4218/2796/5336 3242/2798/5339 4487/2797/5338 5343/2795/5337
f 3243/2799/4715 4216/2802/4714 5344/2801/5340 4724/2800/5341
f 3244/2803/5342 4724/2800/5341 5344/2801/5340 4327/2804/5343
f 3146/2169/4717 4327/2804/5343 5344/2801/5340 4216/2802/4714
f 3334/2144/4710 4227/2145/4713 5345/2806/5344 4490/2805/5345
f 4490/2805/5345 5345/2806/5344 4623/2547/5101 3333/2548/5103
f 5345/2806/5344 4398/2807/5346 3225/2546/5102 4623/2547/5101
f 4227/2145/4713 3243/2148/4715 4398/2807/5346 5345/2806/5344
f 3191/2143/5347 4286/2809/5348 5346/2808/5349 4450/2427/5350
f 4450/2427/5350 5346/2808/5349 4755/2810/4779 3363/2221/4782
f 5346/2808/5349 4552/2811/5351 3344/2219/4780 4755/2810/4779
f 4286/2809/5348 3260/2495/5052 4552/2811/5351 5346/2808/5349
f 3245/2536/5092 4813/2536/5352 5347/2812/5353 4648/2534/5090
f 4648/2534/5090 5347/2812/5353 4717/2813/5354 3394/2192/4753
f 5347/2812/5353 4565/2815/5355 3393/2814/5356 4717/2813/5354
f 4813/2536/5352 3392/2536/5357 4565/2815/5355 5347/2812/5353
f 3200/2407/4970 4771/2817/5358 5348/2816/5359 4612/2404/4968
f 4612/2404/4968 5348/2816/5359 4613/2818/5360 3199/2403/4965
f 5348/2816/5359 4615/2819/5361 3205/2357/5362 4613/2818/5360
f 4771/2817/5358 3203/2820/5108 4615/2819/5361 5348/2816/5359
f 3160/2759/4826 4380/2760/5299 5349/2822/5363 4297/2821/4825
f 4297/2821/4825 5349/2822/5363 4749/2824/5364 3341/2823/4824
f 5349/2822/5363 4354/2826/5365 3396/2825/5366 4749/2824/5364
f 4380/2760/5299 3386/2761/5301 4354/2826/5365 5349/2822/5363
f 3202/2827/5367 4280/2830/5368 5350/2829/5369 4376/2828/5370
f 4376/2828/5370 5350/2829/5369 4447/2406/5371 3198/2229/5372
f 5350/2829/5369 4674/2831/5373 3199/2403/5374 4447/2406/5371
f 4280/2830/5368 3201/2832/5375 4674/2831/5373 5350/2829/5369
f 3180/2833/5376 4306/2836/5377 5351/2835/5378 4385/2834/5379
f 4385/2834/5379 5351/2835/5378 4772/2421/4980 3170/2422/4982
f 5351/2835/5378 4284/2484/5380 3355/2420/4981 4772/2421/4980
f 4306/2836/5377 3358/2485/5381 4284/2484/5380 5351/2835/5378
f 3416/2350/4906 4402/2839/5382 5352/2838/5383 4856/2837/5384
f 4856/2837/5384 5352/2838/5383 4578/2840/4844 3412/2293/4846
f 5352/2838/5383 4669/2841/4754 3329/2196/4756 4578/2840/4844
f 4402/2839/5382 3395/2194/4755 4669/2841/4754 5352/2838/5383
f 3183/2298/4853 4752/2299/4852 5353/2843/5385 4265/2842/5072
f 4265/2842/5072 5353/2843/5385 4591/2112/5386 3184/2111/5069
f 5353/2843/5385 4589/2306/4861 3177/2115/4863 4591/2112/5386
f 4752/2299/4852 3178/2300/4855 4589/2306/4861 5353/2843/5385
f 3211/2106/5387 4193/2355/5388 5354/2845/5389 4540/2844/5390
f 4540/2844/5390 5354/2845/5389 4646/2847/5109 3212/2846/5110
f 5354/2845/5389 4615/2848/5361 3203/2820/5108 4646/2847/5109
f 4193/2355/5388 3205/2357/5362 4615/2848/5361 5354/2845/5389
f 3356/2117/4683 4831/2850/5391 5355/2849/5392 4245/2116/4680
f 4245/2116/4680 5355/2849/5392 4420/2307/5393 3177/2115/4681
f 5355/2849/5392 4251/2851/5394 3176/2308/5395 4420/2307/5393
f 4831/2850/5391 3174/2852/5396 4251/2851/5394 5355/2849/5392
f 3362/2775/5397 4439/2774/5398 5356/2854/5398 4257/2853/5399
f 4257/2853/5399 5356/2854/5398 4326/2855/5400 3361/2637/5401
f 5356/2854/5398 4539/2857/5402 3375/2856/5403 4326/2855/5400
f 4439/2774/5398 3376/2672/5404 4539/2857/5402 5356/2854/5398
f 3308/2858/2410 4401/2861/5405 5357/2860/5406 4564/2859/2411
f 4564/2859/2411 5357/2860/5406 4456/2037/4603 3307/2038/1583
f 5357/2860/5406 4367/2862/5407 3253/2036/4604 4456/2037/4603
f 4401/2861/5405 3252/2863/5408 4367/2862/5407 5357/2860/5406
f 3158/2247/4803 4783/2865/5409 5358/2864/5410 4506/2411/4971
f 4506/2411/4971 5358/2864/5410 4432/2866/5411 3399/2415/4976
f 5358/2864/5410 4785/2868/2419 3118/2867/2419 4432/2866/5411
f 4783/2865/5409 3105/2869/2420 4785/2868/2419 5358/2864/5410
f 3277/2343/4899 4485/2872/5412 5359/2871/5413 4854/2870/5414
f 4854/2870/5414 5359/2871/5413 4707/2873/5415 3278/2400/4961
f 5359/2871/5413 4320/2691/5236 3224/2692/5239 4707/2873/5415
f 4485/2872/5412 3336/2690/5237 4320/2691/5236 5359/2871/5413
f 3235/2874/5416 4309/2877/5417 5360/2876/5418 4787/2875/5419
f 4787/2875/5419 5360/2876/5418 4717/2813/5354 3393/2814/5356
f 5360/2876/5418 4388/2189/4751 3394/2192/4753 4717/2813/5354
f 4309/2877/5417 3138/2188/4748 4388/2189/4751 5360/2876/5418
f 3172/2283/4836 4746/2284/4835 5361/2879/5420 4395/2878/5421
f 4395/2878/5421 5361/2879/5420 4737/2881/5422 3354/2880/5423
f 5361/2879/5420 4744/2883/5424 3165/2882/5425 4737/2881/5422
f 4746/2284/4835 3164/2285/4838 4744/2883/5424 5361/2879/5420
f 3354/2880/5426 4763/2886/5427 5362/2885/5428 4475/2884/5429
f 4475/2884/5429 5362/2885/5428 4290/2887/5430 3171/2482/5431
f 5362/2885/5428 4522/2889/5432 3401/2888/5433 4290/2887/5430
f 4763/2886/5427 3258/2890/5434 4522/2889/5432 5362/2885/5428
f 3258/2890/5434 4846/2893/5435 5363/2892/5436 4461/2891/5437
f 4461/2891/5437 5363/2892/5436 4815/2894/5438 3125/2024/4590
f 5363/2892/5436 4362/2895/5439 3314/2646/5202 4815/2894/5438
f 4846/2893/5435 3257/2896/5440 4362/2895/5439 5363/2892/5436
f 3129/2044/4610 4653/2045/4609 5364/2898/5441 4549/2897/5442
f 4549/2897/5442 5364/2898/5441 4812/2899/5309 3259/2771/5311
f 5364/2898/5441 4240/2900/5443 3402/2769/5310 4812/2899/5309
f 4653/2045/4609 3318/2046/4612 4240/2900/5443 5364/2898/5441
f 3121/2901/2453 4844/2904/2456 5365/2903/5444 4843/2902/5445
f 4843/2902/5445 5365/2903/5444 4705/2668/5217 3275/2665/5216
f 5365/2903/5444 4238/2905/5446 3431/2256/4812 4705/2668/5217
f 4844/2904/2456 3123/2906/2458 4238/2905/5446 5365/2903/5444
f 3315/2441/5002 4355/2436/4995 5366/2908/5447 4414/2907/5199
f 4414/2907/5199 5366/2908/5447 4679/2909/5448 3124/2640/5196
f 5366/2908/5447 4573/2700/5449 3351/2701/5450 4679/2909/5448
f 4355/2436/4995 3169/2433/4994 4573/2700/5449 5366/2908/5447
f 3268/2065/5451 4848/2066/5452 5367/2911/5453 4486/2910/5454
f 4486/2910/5454 5367/2911/5453 4499/2913/5455 3410/2912/5456
f 5367/2911/5453 4738/2914/4649 3322/2459/4631 4499/2913/5455
f 4848/2066/5452 3324/2067/4646 4738/2914/4649 5367/2911/5453
f 3147/2915/4727 4826/2918/4720 5368/2917/5457 4806/2916/5458
f 3261/2919/5024 4806/2916/5458 5368/2917/5457 4628/2920/5023
f 3404/2921/4719 4628/2920/5023 5368/2917/5457 4826/2918/4720
f 3405/2108/4674 4622/2924/5459 5369/2923/5460 4750/2922/4914
f 4750/2922/4914 5369/2923/5460 4587/2925/5461 3142/2359/4915
f 5369/2923/5460 4841/2926/4868 3331/2313/4870 4587/2925/5461
f 4622/2924/5459 3149/2309/4865 4841/2926/4868 5369/2923/5460
f 3144/2227/4730 4657/2228/4786 5370/2928/5462 4236/2927/5463
f 4236/2927/5463 5370/2928/5462 4711/2930/5464 3332/2929/5465
f 5370/2928/5462 4447/2406/5466 3199/2403/5467 4711/2930/5464
f 4657/2228/4786 3198/2229/4788 4447/2406/5466 5370/2928/5462
f 3157/2197/4757 4805/2933/5468 5371/2932/5469 4743/2931/5470
f 4743/2931/5470 5371/2932/5469 4822/2935/5471 3407/2934/5472
f 5371/2932/5469 4806/2936/5458 3261/2466/5024 4822/2935/5471
f 4805/2933/5468 3147/2161/4727 4806/2936/5458 5371/2932/5469
f 3407/2934/5472 4833/2939/5473 5372/2938/5474 4743/2937/5470
f 4743/2937/5470 5372/2938/5474 4289/2200/4758 3157/2197/4757
f 5372/2938/5474 4272/2940/5475 3130/2052/4617 4289/2200/4758
f 4833/2939/5473 3403/2439/5001 4272/2940/5475 5372/2938/5474
f 3150/2240/4795 4611/2942/5476 5373/2941/5477 4686/2239/4794
f 4686/2239/4794 5373/2941/5477 4275/2943/2488 3103/2238/1785
f 5373/2941/5477 4793/2945/5478 3309/2944/2489 4275/2943/2488
f 4611/2942/5476 3406/2110/4675 4793/2945/5478 5373/2941/5477
f 3368/2946/5479 4603/2949/5480 5374/2948/5481 4270/2947/5482
f 4270/2947/5482 5374/2948/5481 4671/2951/2496 3301/2950/2495
f 5374/2948/5481 4721/2952/5214 3119/2663/2220 4671/2951/2496
f 4603/2949/5480 3262/2661/5215 4721/2952/5214 5374/2948/5481
f 3270/2953/5483 4842/2956/5484 5375/2955/5485 4786/2954/5486
f 4786/2954/5486 5375/2955/5485 4243/2018/4582 3413/2015/4581
f 5375/2955/5485 4474/2957/5487 3293/2023/4589 4243/2018/4582
f 4842/2956/5484 3290/2958/5488 4474/2957/5487 5375/2955/5485
f 3263/2959/5489 4762/2962/5490 5376/2961/5491 4727/2960/5492
f 3234/2963/5493 4727/2960/5492 5376/2961/5491 4799/2964/5494
f 3137/2965/5088 4799/2964/5494 5376/2961/5491 4762/2962/5490
f 3137/2965/5088 4762/2962/5490 5377/2967/5495 4803/2966/5496
f 3408/2968/5497 4803/2966/5496 5377/2967/5495 4718/2969/5498
f 3263/2959/5489 4718/2969/5498 5377/2967/5495 4762/2962/5490
f 3414/2970/5499 4237/2973/5500 5378/2972/5501 4582/2971/5502
f 4582/2971/5502 5378/2972/5501 4569/2975/5503 3272/2974/5504
f 5378/2972/5501 4487/2797/5338 3242/2798/5339 4569/2975/5503
f 4237/2973/5500 3389/2565/5119 4487/2797/5338 5378/2972/5501
f 3388/2976/4746 4217/2979/5505 5379/2978/5506 4818/2977/5507
f 3264/2980/5508 4818/2977/5507 5379/2978/5506 4852/2981/5509
f 3265/2982/5510 4852/2981/5509 5379/2978/5506 4217/2979/5505
f 3265/2982/5510 4217/2979/5505 5380/2984/5511 4572/2983/5512
f 3237/2985/4747 4572/2983/5512 5380/2984/5511 4247/2986/4745
f 3388/2976/4746 4247/2986/4745 5380/2984/5511 4217/2979/5505
f 3409/2987/4993 4581/2990/5513 5381/2989/5514 4625/2988/5515
f 3236/2991/5516 4625/2988/5515 5381/2989/5514 4404/2992/5517
f 3237/2985/4747 4404/2992/5517 5381/2989/5514 4581/2990/5513
f 3237/2985/4747 4581/2990/5513 5382/2993/5518 4572/2983/5512
f 3265/2982/5510 4572/2983/5512 5382/2993/5518 4741/2994/5519
f 3409/2987/4993 4741/2994/5519 5382/2993/5518 4581/2990/5513
f 3264/2980/5508 4524/2997/5520 5383/2996/5521 4372/2995/5522
f 3263/2959/5489 4372/2995/5522 5383/2996/5521 4718/2969/5498
f 3408/2968/5497 4718/2969/5498 5383/2996/5521 4524/2997/5520
f 3408/2968/5497 4524/2997/5520 5384/2999/5523 4660/2998/5524
f 3265/2982/5510 4660/2998/5524 5384/2999/5523 4852/2981/5509
f 3264/2980/5508 4852/2981/5509 5384/2999/5523 4524/2997/5520
f 3409/2987/4993 4361/3001/5525 5385/3000/5526 4741/2994/5519
f 3265/2982/5510 4741/2994/5519 5385/3000/5526 4660/2998/5524
f 3408/2968/5497 4660/2998/5524 5385/3000/5526 4361/3001/5525
f 3274/2669/5221 4513/2670/5220 5386/3003/5527 4782/3002/5528
f 4782/3002/5528 5386/3003/5527 4530/2527/5081 3273/2393/4954
f 5386/3003/5527 4214/3004/5529 3429/2529/5084 4530/2527/5081
f 4513/2670/5220 3430/2258/4813 4214/3004/5529 5386/3003/5527
f 3218/2712/5530 4827/2711/5531 5387/3006/5532 4557/3005/5533
f 4557/3005/5533 5387/3006/5532 4546/3008/5534 3219/3007/5535
f 5387/3006/5532 4664/3009/5067 3206/2133/4699 4546/3008/5534
f 4827/2711/5531 3366/2460/5064 4664/3009/5067 5387/3006/5532
f 3205/2357/5536 4613/2818/5537 5388/3011/5538 4733/3010/5539
f 4733/3010/5539 5388/3011/5538 4282/3013/5540 3204/3012/5541
f 5388/3011/5538 4674/2831/5373 3201/2832/5375 4282/3013/5540
f 4613/2818/5537 3199/2403/5374 4674/2831/5373 5388/3011/5538
f 3270/2953/5483 4478/3016/5542 5389/3015/5543 4525/3014/5544
f 4525/3014/5544 5389/3015/5543 4598/3017/5545 3269/2332/4888
f 5389/3015/5543 4861/2101/4665 3326/2095/4660 4598/3017/5545
f 4478/3016/5542 3136/2100/4666 4861/2101/4665 5389/3015/5543
f 3362/2775/5316 4512/2776/5315 5390/3019/5546 4419/3018/5547
f 4419/3018/5547 5390/3019/5546 4647/3021/5548 3350/3020/5549
f 5390/3019/5546 4585/3022/5188 3163/2631/5187 4647/3021/5548
f 4512/2776/5315 3190/2639/5195 4585/3022/5188 5390/3019/5546
f 3410/3023/5456 4488/3026/5550 5391/3025/5551 4553/3024/5552
f 3267/3027/5553 4553/3024/5552 5391/3025/5551 4523/3028/5554
f 3133/2074/4635 4523/3028/5554 5391/3025/5551 4488/3026/5550
f 3133/2074/4635 4488/3026/5550 5392/3029/5555 4804/2071/4634
f 3322/2070/4631 4804/2071/4634 5392/3029/5555 4499/3030/5455
f 3410/3023/5456 4499/3030/5455 5392/3029/5555 4488/3026/5550
f 3162/2635/5556 4333/3033/5557 5393/3032/5558 4417/3031/5559
f 4417/3031/5559 5393/3032/5558 4226/3034/5560 3165/2882/5561
f 5393/3032/5558 4288/3035/5562 3257/2896/5440 4226/3034/5560
f 4333/3033/5557 3319/2058/4624 4288/3035/5562 5393/3032/5558
f 3238/3036/5321 4851/3039/5563 5394/3038/5564 4715/3037/5320
f 4715/3037/5320 5394/3038/5564 4777/3041/5565 3330/3040/5317
f 5394/3038/5564 4789/3042/5566 3255/2486/5043 4777/3041/5565
f 4851/3039/5563 3400/3043/5567 4789/3042/5566 5394/3038/5564
f 3368/2946/5568 4296/3046/5569 5395/3045/5570 4316/3044/5571
f 4316/3044/5571 5395/3045/5570 4426/3047/5572 3179/2767/5573
f 5395/3045/5570 4261/3048/5574 3181/2833/5575 4426/3047/5572
f 4296/3046/5569 3210/3049/5576 4261/3048/5574 5395/3045/5570
f 3389/3050/5119 4651/3053/5577 5396/3052/5578 4331/3051/5117
f 3133/2074/4635 4331/3051/5117 5396/3052/5578 4523/3028/5554
f 3267/3027/5553 4523/3028/5554 5396/3052/5578 4651/3053/5577
f 3267/3027/5553 4651/3053/5577 5397/3055/5579 4586/3054/5580
f 3414/3056/5499 4586/3054/5580 5397/3055/5579 4237/3057/5500
f 3389/3050/5119 4237/3057/5500 5397/3055/5579 4651/3053/5577
f 3272/2974/5504 4569/2975/5503 5398/3059/5581 4548/3058/5582
f 4548/3058/5582 5398/3059/5581 4213/3061/5583 3415/3060/5584
f 5398/3059/5581 4747/3062/5585 3391/2538/5094 4213/3061/5583
f 4569/2975/5503 3242/2798/5339 4747/3062/5585 5398/3059/5581
f 3415/3060/5584 4213/3061/5583 5399/3064/5586 4383/3063/5587
f 4383/3063/5587 5399/3064/5586 4402/2839/5382 3416/2350/4906
f 5399/3064/5586 4278/3065/5093 3395/2194/4755 4402/2839/5382
f 4213/3061/5583 3391/2538/5094 4278/3065/5093 5399/3064/5586
f 3194/2141/5588 4452/3067/5589 5400/3066/5590 4776/2423/5591
f 4776/2423/5591 5400/3066/5590 4619/3068/5144 3195/2425/5138
f 5400/3066/5590 4451/3069/5592 3193/2378/4940 4619/3068/5144
f 4452/3067/5589 3192/3070/5030 4451/3069/5592 5400/3066/5590
f 3281/3071/5593 4562/3074/5594 5401/3073/5595 4583/3072/5596
f 4583/3072/5596 5401/3073/5595 4466/3076/5597 3423/3075/5598
f 5401/3073/5595 4560/3077/5599 3256/2490/5048 4466/3076/5597
f 4562/3074/5594 3139/3078/4691 4560/3077/5599 5401/3073/5595
f 3125/2024/4590 4463/2025/4593 5402/3079/5600 4461/2891/5437
f 4461/2891/5437 5402/3079/5600 4522/3080/5432 3258/2890/5434
f 5402/3079/5600 4511/3081/5601 3401/2888/5433 4522/3080/5432
f 4463/2025/4593 3126/2028/4595 4511/3081/5601 5402/3079/5600
f 3275/2665/5216 4368/3083/5602 5403/3082/5603 4843/2902/5445
f 4843/2902/5445 5403/3082/5603 4259/3084/2618 3121/2901/2453
f 5403/3082/5603 4401/2861/5405 3308/2858/2410 4259/3084/2618
f 4368/3083/5602 3252/2863/5408 4401/2861/5405 5403/3082/5603
f 3339/3085/4735 4545/3088/5604 5404/3087/5605 4568/3086/4734
f 4568/3086/4734 5404/3087/5605 4327/3089/5343 3146/2150/4717
f 5404/3087/5605 4357/3091/5606 3244/3090/5342 4327/3089/5343
f 4545/3088/5604 3266/3092/5607 4357/3091/5606 5404/3087/5605
f 3276/2019/4586 4365/2430/4991 5405/3094/5608 4323/3093/4584
f 4323/3093/4584 5405/3094/5608 4255/3095/5609 3413/2015/4581
f 5405/3094/5608 4625/3097/5515 3236/3096/5516 4255/3095/5609
f 4365/2430/4991 3409/2431/4993 4625/3097/5515 5405/3094/5608
f 3267/3098/5553 4427/3101/5610 5406/3100/5611 4553/3099/5552
f 4553/3099/5552 5406/3100/5611 4277/3102/5612 3410/2912/5456
f 5406/3100/5611 4617/3103/5613 3287/2402/4963 4277/3102/5612
f 4427/3101/5610 3424/3104/5614 4617/3103/5613 5406/3100/5611
f 3278/3105/4961 4681/3108/5615 5407/3107/5616 4535/3106/4959
f 3417/3109/4956 4535/3106/4959 5407/3107/5616 4730/3110/5204
f 3349/3111/4774 4730/3110/5204 5407/3107/5616 4681/3108/5615
f 3418/2626/5182 4765/3114/5617 5408/3113/5618 4528/3112/5619
f 4528/3112/5619 5408/3113/5618 4840/2384/4943 3419/2381/4942
f 5408/3113/5618 4661/3115/5273 3227/2389/4949 4840/2384/4943
f 4765/3114/5617 3154/3116/5272 4661/3115/5273 5408/3113/5618
f 3194/2141/5588 4424/2140/5620 5409/3117/5621 4452/3067/5589
f 4452/3067/5589 5409/3117/5621 4453/3118/5029 3192/3070/5030
f 5409/3117/5621 4299/2128/4695 3196/2131/4697 4453/3118/5029
f 4424/2140/5620 3365/2127/4692 4299/2128/4695 5409/3117/5621
f 3370/3119/5113 4394/3122/5622 5410/3121/5623 4567/3120/5112
f 4567/3120/5112 5410/3121/5623 4693/3123/5624 3212/2846/5110
f 5410/3121/5623 4599/3120/5625 3213/2846/5626 4693/3123/5624
f 4394/3122/5622 3371/3119/5627 4599/3120/5625 5410/3121/5623
f 3336/2690/5237 4485/2872/5412 5411/3125/5628 4809/3124/5629
f 4809/3124/5629 5411/3125/5628 4438/3127/5630 3335/3126/5631
f 5411/3125/5628 4855/2344/4898 3282/2345/4900 4438/3127/5630
f 4485/2872/5412 3277/2343/4899 4855/2344/4898 5411/3125/5628
f 3421/3128/5295 4808/3131/5632 5412/3130/5633 4735/3129/5294
f 3282/3132/4900 4735/3129/5294 5412/3130/5633 4438/3133/5630
f 3335/3134/5631 4438/3133/5630 5412/3130/5633 4808/3131/5632
f 3283/3135/4909 4234/3138/5634 5413/3137/5635 4364/3136/5636
f 3421/3128/5295 4364/3136/5636 5413/3137/5635 4690/3139/5637
f 3337/2178/4718 4690/3139/5637 5413/3137/5635 4234/3138/5634
f 3337/2178/4718 4234/3138/5634 5414/3140/5638 4659/2176/4739
f 3340/2175/4737 4659/2176/4739 5414/3140/5638 4667/3141/5639
f 3283/3135/4909 4667/3141/5639 5414/3140/5638 4234/3138/5634
f 3340/2175/4737 4366/3144/5640 5415/3143/5641 4588/3142/5642
f 3342/2268/4820 4588/3142/5642 5415/3143/5641 4559/3145/5643
f 3284/3146/5644 4559/3145/5643 5415/3143/5641 4366/3144/5640
f 3284/3146/5644 4366/3144/5640 5416/3148/5645 4555/3147/5646
f 3283/3135/4909 4555/3147/5646 5416/3148/5645 4667/3141/5639
f 3340/2175/4737 4667/3141/5639 5416/3148/5645 4366/3144/5640
f 3262/2661/5215 4465/3150/5647 5417/3149/5648 4344/2659/5213
f 4344/2659/5213 5417/3149/5648 4493/3151/5649 3148/2263/4819
f 5417/3149/5648 4240/2900/5443 3318/2046/4612 4493/3151/5649
f 4465/3150/5647 3402/2769/5310 4240/2900/5443 5417/3149/5648
f 3317/2032/4598 4796/3153/5650 5418/3152/5651 4295/2031/4596
f 4295/2031/4596 5418/3152/5651 4298/2204/4763 3316/2030/4597
f 5418/3152/5651 4831/2850/5652 3356/2117/4768 4298/2204/4763
f 4796/3153/5650 3174/2852/5653 4831/2850/5652 5418/3152/5651
f 3182/3154/5654 4543/3157/5655 5419/3156/5656 4722/3155/5657
f 4722/3155/5657 5419/3156/5656 4551/3158/5658 3369/2422/5659
f 5419/3156/5656 4316/3044/5660 3368/2946/5661 4551/3158/5658
f 4543/3157/5655 3179/2767/5662 4316/3044/5660 5419/3156/5656
f 3312/3159/2678 4334/3162/2681 5420/3161/5663 4850/3160/5664
f 4850/3160/5664 5420/3161/5663 4663/3163/5665 3422/2254/4810
f 5420/3161/5663 4685/3164/5666 3159/2249/4804 4663/3163/5665
f 4334/3162/2681 3298/3165/2684 4685/3164/5666 5420/3161/5663
f 3420/3166/5170 4246/3169/5667 5421/3168/5668 4825/3167/5669
f 3284/3146/5644 4825/3167/5669 5421/3168/5668 4559/3145/5643
f 3342/2268/4820 4559/3145/5643 5421/3168/5668 4246/3169/5667
f 3342/2268/4820 4246/3169/5667 5422/3170/5670 4684/2278/4830
f 3161/2277/4829 4684/2278/4830 5422/3170/5670 4537/3171/5169
f 3420/3166/5170 4537/3171/5169 5422/3170/5670 4246/3169/5667
f 3423/3075/5598 4466/3174/5597 5423/3173/5671 4201/3172/5672
f 4201/3172/5672 5423/3173/5671 4701/3175/5166 3280/2609/5165
f 5423/3173/5671 4703/2491/5047 3385/2492/5050 4701/3175/5166
f 4466/3174/5597 3256/2490/5048 4703/2491/5047 5423/3173/5671
f 3124/2640/5196 4679/2909/5448 5424/3177/5673 4239/3176/5674
f 4239/3176/5674 5424/3177/5673 4796/3153/5650 3317/2032/4598
f 5424/3177/5673 4728/3178/5675 3174/2852/5653 4796/3153/5650
f 4679/2909/5448 3351/2701/5450 4728/3178/5675 5424/3177/5673
f 3148/2263/4819 4493/3151/5649 5425/3179/5676 4606/2260/4817
f 4606/2260/4817 5425/3179/5676 4800/3180/5677 3343/2259/4814
f 5425/3179/5676 4554/2047/4611 3127/2048/4613 4800/3180/5677
f 4493/3151/5649 3318/2046/4612 4554/2047/4611 5425/3179/5676
f 3332/2929/5465 4711/2930/5464 5426/3182/5678 4678/3181/5679
f 4678/3181/5679 5426/3182/5678 4795/3183/4912 3142/2359/4915
f 5426/3182/5678 4613/2818/5680 3205/2357/4913 4795/3183/4912
f 4711/2930/5464 3199/2403/5467 4613/2818/5680 5426/3182/5678
f 3161/2615/4829 4527/3186/5171 5427/3185/5681 4740/3184/4828
f 4740/3184/4828 5427/3185/5681 4829/3187/5298 3160/2759/4826
f 5427/3185/5681 4677/3188/5049 3233/2494/5051 4829/3187/5298
f 4527/3186/5171 3385/2492/5050 4677/3188/5049 5427/3185/5681
f 3127/2048/4613 4303/3190/5682 5428/3189/5683 4800/3180/5677
f 4800/3180/5677 5428/3189/5683 4767/3191/5684 3343/2259/4814
f 5428/3189/5683 4254/3192/5685 3223/2450/5686 4767/3191/5684
f 4303/3190/5682 3186/2325/5687 4254/3192/5685 5428/3189/5683
f 3346/3193/5688 4644/3196/5689 5429/3195/5690 4248/3194/5691
f 3345/3195/5692 4248/3194/5691 5429/3195/5690 4448/3197/5690
f 3215/3198/4933 4448/3197/5690 5429/3195/5690 4644/3196/5689
f 3156/2201/4762 4788/3201/5693 5430/3200/5694 4483/3199/5695
f 4483/3199/5695 5430/3200/5694 4814/2226/4784 3338/2159/4726
f 5430/3200/5694 4195/3202/5696 3367/2231/4789 4814/2226/4784
f 4788/3201/5693 3375/2856/5697 4195/3202/5696 5430/3200/5694
f 3320/2056/4622 4632/3205/5698 5431/3204/5699 4194/3203/4761
f 4194/3203/4761 5431/3204/5699 4788/3201/5693 3156/2201/4762
f 5431/3204/5699 4326/2855/5700 3375/2856/5697 4788/3201/5693
f 4632/3205/5698 3361/2637/5701 4326/2855/5700 5431/3204/5699
f 3348/2241/4796 4849/2604/5158 5432/3206/5702 4761/2244/4797
f 4761/2244/4797 5432/3206/5702 4663/3207/5665 3159/2249/4804
f 5432/3206/5702 4328/2251/4808 3422/2254/4810 4663/3207/5665
f 4849/2604/5158 3286/2250/4805 4328/2251/4808 5432/3206/5702
f 3271/2295/4847 4532/3209/5703 5433/3208/5704 4393/2294/4845
f 4393/2294/4845 5433/3208/5704 4680/3210/5705 3412/2293/4846
f 5433/3208/5704 4641/3211/5209 3292/2658/5211 4680/3210/5705
f 4532/3209/5703 3291/2656/5210 4641/3211/5209 5433/3208/5704
f 3219/3007/5535 4546/3008/5534 5434/3213/5706 4710/3212/5707
f 4710/3212/5707 5434/3213/5706 4700/2710/5708 3220/2714/5709
f 5434/3213/5706 4544/2134/4698 3207/2135/4700 4700/2710/5708
f 4546/3008/5534 3206/2133/4699 4544/2134/4698 5434/3213/5706
f 3171/2482/5431 4290/2887/5430 5435/3214/5710 4460/2479/5711
f 4460/2479/5711 5435/3214/5710 4662/2766/5304 3357/2478/5303
f 5435/3214/5710 4778/3215/5712 3259/2771/5311 4662/2766/5304
f 4290/2887/5430 3401/2888/5433 4778/3215/5712 5435/3214/5710
f 3214/2102/5713 4645/3218/5714 5436/3217/5715 4381/3216/5716
f 4381/3216/5716 5436/3217/5715 4329/3220/2735 3300/3219/2735
f 5436/3217/5715 4519/3222/5717 3108/3221/2735 4329/3220/2735
f 4645/3218/5714 3371/3119/5718 4519/3222/5717 5436/3217/5715
f 3364/2136/5022 4656/2464/5021 5437/3223/5719 4807/2139/5720
f 4807/2139/5720 5437/3223/5719 4286/2809/5348 3191/2143/5347
f 5437/3223/5719 4773/3224/5053 3260/2495/5052 4286/2809/5348
f 4656/2464/5021 3404/2153/4719 4773/3224/5053 5437/3223/5719
f 3367/2231/5721 4195/3202/5722 5438/3226/5723 4811/3225/5724
f 4811/3225/5724 5438/3226/5723 4729/2675/5725 3209/2679/5726
f 5438/3226/5723 4539/2857/5402 3376/2672/5404 4729/2675/5725
f 4195/3202/5722 3375/2856/5403 4539/2857/5402 5438/3226/5723
f 3347/2245/4801 4509/2785/5326 5439/3227/5727 4228/2242/4799
f 4228/2242/4799 5439/3227/5727 4739/2608/5163 3348/2241/4796
f 5439/3227/5727 4338/3228/5728 3153/2607/5164 4739/2608/5163
f 4509/2785/5326 3152/2786/5327 4338/3228/5728 5439/3227/5727
f 3360/2448/5729 4437/3231/5730 5440/3230/5731 4339/3229/5732
f 4339/3229/5732 5440/3230/5731 4254/3192/5733 3186/2325/5734
f 5440/3230/5731 4649/2449/5006 3223/2450/5008 4254/3192/5733
f 4437/3231/5730 3377/2448/5007 4649/2449/5006 5440/3230/5731
f 3229/3232/5283 4719/3235/5318 5441/3234/5735 4313/3233/5282
f 4313/3233/5282 5441/3234/5735 4635/3237/4686 3140/3236/4685
f 5441/3234/5735 4418/3238/5736 3139/3078/4691 4635/3237/4686
f 4719/3235/5318 3330/3040/5317 4418/3238/5736 5441/3234/5735
f 3188/2437/4999 4294/2438/4998 5442/3240/5737 4597/3239/5738
f 4597/3239/5738 5442/3240/5737 4264/3241/5739 3218/2712/5740
f 5442/3240/5737 4833/3242/5473 3407/2934/5472 4264/3241/5739
f 4294/2438/4998 3403/2439/5001 4833/3242/5473 5442/3240/5737
f 3224/2692/5239 4501/3244/5249 5443/3243/5741 4707/2873/5415
f 4707/2873/5415 5443/3243/5741 4681/3245/5615 3278/2400/4961
f 5443/3243/5741 4531/2207/4772 3349/2210/4774 4681/3245/5615
f 4501/3244/5249 3155/2206/4769 4531/2207/4772 5443/3243/5741
f 3410/2912/5456 4277/3102/5612 5444/3246/5742 4486/2910/5454
f 4486/2910/5454 5444/3246/5742 4360/3247/5743 3268/2065/5451
f 5444/3246/5742 4371/2402/4962 3288/2402/4964 4360/3247/5743
f 4277/3102/5612 3287/2402/4963 4371/2402/4962 5444/3246/5742
f 3419/2381/4942 4687/3250/5744 5445/3249/5745 4528/3248/5619
f 4528/3248/5619 5445/3249/5745 4481/2629/5183 3418/2626/5182
f 5445/3249/5745 4241/2335/4889 3425/2336/4891 4481/2629/5183
f 4687/3250/5744 3289/2334/4890 4241/2335/4889 5445/3249/5745
f 3279/2385/4947 4301/3253/5746 5446/3252/5747 4330/3251/4945
f 4330/3251/4945 5446/3252/5747 4687/3250/5744 3419/2381/4942
f 5446/3252/5747 4317/3254/5748 3289/2334/4890 4687/3250/5744
f 4301/3253/5746 3290/2958/5488 4317/3254/5748 5446/3252/5747
f 3165/2882/5561 4226/3034/5560 5447/3255/5749 4737/2881/5750
f 4737/2881/5750 5447/3255/5749 4763/2886/5427 3354/2880/5426
f 5447/3255/5749 4846/3256/5435 3258/2890/5434 4763/2886/5427
f 4226/3034/5560 3257/2896/5440 4846/3256/5435 5447/3255/5749
f 3153/2607/5164 4338/3228/5728 5448/3258/5751 4497/3257/5752
f 4497/3257/5752 5448/3258/5751 4832/3259/5271 3154/3116/5272
f 5448/3258/5751 4830/3260/5753 3151/2737/5269 4832/3259/5271
f 4338/3228/5728 3152/2786/5327 4830/3260/5753 5448/3258/5751
f 3426/3261/4897 4399/3264/4896 5449/3263/5754 4314/3262/5755
f 3424/3265/5614 4314/3262/5755 5449/3263/5754 4838/3266/5756
f 3277/3267/4899 4838/3266/5756 5449/3263/5754 4399/3264/4896
f 3219/3007/5535 4435/3269/5757 5450/3268/5758 4557/3005/5533
f 4557/3005/5533 5450/3268/5758 4597/3270/5759 3218/2712/5530
f 5450/3268/5758 4433/3271/5760 3188/2437/5761 4597/3270/5759
f 4435/3269/5757 3187/3272/5762 4433/3271/5760 5450/3268/5758
f 3421/3128/5295 4374/3274/5291 5451/3273/5763 4364/3136/5636
f 3283/3135/4909 4364/3136/5636 5451/3273/5763 4780/3275/4907
f 3428/3276/4908 4780/3275/4907 5451/3273/5763 4374/3274/5291
f 3283/3135/4909 4634/3278/4902 5452/3277/5764 4555/3147/5646
f 3284/3146/5644 4555/3147/5646 5452/3277/5764 4791/3279/5765
f 3294/3280/4901 4791/3279/5765 5452/3277/5764 4634/3278/4902
f 3361/2637/5401 4225/2636/5766 5453/3281/5767 4257/2853/5399
f 4257/2853/5399 5453/3281/5767 4419/3018/5768 3362/2775/5397
f 5453/3281/5767 4639/3282/5769 3350/3020/5770 4419/3018/5768
f 4225/2636/5766 3162/2635/5771 4639/3282/5769 5453/3281/5767
f 3423/3075/5598 4695/3285/5772 5454/3284/5773 4583/3283/5596
f 4583/3283/5596 5454/3284/5773 4784/3286/5774 3281/3071/5593
f 5454/3284/5773 4324/2022/4587 3293/2023/4589 4784/3286/5774
f 4695/3285/5772 3295/2021/4588 4324/2022/4587 5454/3284/5773
f 3375/2856/5775 4326/2855/5776 5455/3288/5777 4412/3287/5778
f 4412/3287/5778 5455/3288/5777 4405/2773/5312 3221/2676/5227
f 5455/3288/5777 4199/2638/5193 3190/2639/5195 4405/2773/5312
f 4326/2855/5776 3361/2637/5194 4199/2638/5193 5455/3288/5777
f 3292/2658/5211 4790/3290/5779 5456/3289/5780 4680/3210/5705
f 4680/3210/5705 5456/3289/5780 4607/3291/5781 3412/2293/4846
f 5456/3289/5780 4791/3292/5765 3294/2346/4901 4607/3291/5781
f 4790/3290/5779 3284/3293/5644 4791/3292/5765 5456/3289/5780
f 3284/3146/5644 4790/3295/5779 5457/3294/5782 4825/3167/5669
f 3420/3166/5170 4825/3167/5669 5457/3294/5782 4577/3296/5206
f 3292/3297/5211 4577/3296/5206 5457/3294/5782 4790/3295/5779
f 3156/2201/4762 4483/3199/5695 5458/3299/5783 4819/3298/4760
f 4819/3298/4760 5458/3299/5783 4805/2933/5468 3157/2197/4757
f 5458/3299/5783 4857/2160/4725 3147/2161/4727 4805/2933/5468
f 4483/3199/5695 3338/2159/4726 4857/2160/4725 5458/3299/5783
f 3230/2506/5063 4192/2502/5058 5459/3301/5784 4203/3300/5785
f 4203/3300/5785 5459/3301/5784 4321/3302/4742 3231/2183/4744
f 5459/3301/5784 4561/2099/4662 3135/2096/4661 4321/3302/4742
f 4192/2502/5058 3325/2093/4659 4561/2099/4662 5459/3301/5784
f 3414/3056/5499 4621/3304/5786 5460/3303/5787 4586/3054/5580
f 3267/3027/5553 4586/3054/5580 5460/3303/5787 4427/3305/5610
f 3424/3265/5614 4427/3305/5610 5460/3303/5787 4621/3304/5786
f 3358/2485/5042 4774/2481/5035 5461/3307/5788 4847/3306/5789
f 4847/3306/5789 5461/3307/5788 4543/3157/5655 3182/3154/5654
f 5461/3307/5788 4315/2764/5790 3179/2767/5662 4543/3157/5655
f 4774/2481/5035 3357/2478/5034 4315/2764/5790 5461/3307/5788
f 3272/3308/5504 4627/3311/5791 5462/3310/5792 4582/3309/5502
f 3414/3056/5499 4582/3309/5502 5462/3310/5792 4689/3312/5793
f 3426/3261/4897 4689/3312/5793 5462/3310/5792 4627/3311/5791
f 3233/2494/5051 4736/2489/5044 5463/3314/5794 4224/3313/5296
f 4224/3313/5296 5463/3314/5794 4403/3315/5794 3387/2763/5302
f 5463/3314/5794 4789/3316/5566 3400/3043/5567 4403/3315/5794
f 4736/2489/5044 3255/2486/5043 4789/3316/5566 5463/3314/5794
f 3280/2609/5165 4462/3318/5208 5464/3317/5795 4201/3172/5672
f 4201/3172/5672 5464/3317/5795 4695/3285/5772 3423/3075/5598
f 5464/3317/5795 4642/3319/5796 3295/2021/4588 4695/3285/5772
f 4462/3318/5208 3291/2656/5210 4642/3319/5796 5464/3317/5795
f 3311/2651/2209 4352/3321/2817 5465/3320/5797 4529/2650/5205
f 4529/2650/5205 5465/3320/5797 4494/2399/4957 3417/2396/4956
f 5465/3320/5797 4731/3322/5798 3288/2402/4964 4494/2399/4957
f 4352/3321/2817 3122/3323/2819 4731/3322/5798 5465/3320/5797
f 3343/2259/4814 4767/3191/5684 5466/3324/5799 4764/2262/4815
f 4764/2262/4815 5466/3324/5799 4467/3325/2821 3106/2267/1814
f 5466/3324/5799 4235/2445/5800 3115/2442/2821 4467/3325/2821
f 4767/3191/5684 3223/2450/5686 4235/2445/5800 5466/3324/5799
f 3129/2044/4610 4549/2897/5442 5467/3326/5801 4629/2050/4614
f 4629/2050/4614 5467/3326/5801 4511/3081/5601 3126/2028/4595
f 5467/3326/5801 4778/3327/5712 3401/2888/5433 4511/3081/5601
f 4549/2897/5442 3259/2771/5311 4778/3327/5712 5467/3326/5801
f 3412/3328/4846 4607/3331/5781 5468/3330/5802 4856/3329/5384
f 3416/3332/4906 4856/3329/5384 5468/3330/5802 4276/3333/4904
f 3294/3280/4901 4276/3333/4904 5468/3330/5802 4607/3331/5781
f 3192/3070/5030 4285/3335/5032 5469/3334/5803 4451/3069/5592
f 4451/3069/5592 5469/3334/5803 4233/2377/4937 3193/2378/4940
f 5469/3334/5803 4450/2427/5804 3363/2221/4938 4233/2377/4937
f 4285/3335/5032 3191/2143/5033 4450/2427/5804 5469/3334/5803
f 3398/2319/5805 4515/2319/5806 5470/3337/5807 4363/3336/5808
f 4363/3336/5808 5470/3337/5807 4797/2371/4929 3397/2372/4931
f 5470/3337/5807 4836/2320/4874 3247/2321/4876 4797/2371/4929
f 4515/2319/5806 3248/2319/4875 4836/2320/4874 5470/3337/5807
f 3317/2032/4598 4269/2027/4591 5471/3338/5809 4239/3176/5674
f 4239/3176/5674 5471/3338/5809 4425/2643/5197 3124/2640/5196
f 5471/3338/5809 4815/2894/5438 3314/2646/5202 4425/2643/5197
f 4269/2027/4591 3125/2024/4590 4815/2894/5438 5471/3338/5809
f 3185/2327/4882 4609/3340/5810 5472/3339/5811 4608/2326/4880
f 4608/2326/4880 5472/3339/5811 4254/3192/5812 3186/2325/4881
f 5472/3339/5811 4391/2618/5175 3223/2450/5177 4254/3192/5812
f 4609/3340/5810 3222/2617/5172 4391/2618/5175 5472/3339/5811
f 3104/2236/1783 4858/3342/2836 5473/3341/5813 4694/2233/4793
f 4694/2233/4793 5473/3341/5813 4756/2570/5814 3346/2232/4790
f 5473/3341/5813 4455/3343/5815 3372/2223/5816 4756/2570/5814
f 4858/3342/2836 3109/3344/2840 4455/3343/5815 5473/3341/5813
f 3321/2077/5015 4342/2080/5817 5474/2079/5818 4341/2078/5819
f 3321/2077/5015 4406/2086/5014 5475/2085/5820 4342/2080/5817
f 3379/2544/5100 4706/3346/5821 5476/3345/5822 4697/2541/5098
f 4697/2541/5098 5476/3345/5822 4630/3347/5251 3378/2540/5095
f 5476/3345/5822 4503/2681/5233 3155/2206/4769 4630/3347/5251
f 4706/3346/5821 3226/2680/5230 4503/2681/5233 5476/3345/5822
f 3374/3348/5823 4200/3351/5824 5477/3350/5825 4446/3349/5826
f 4446/3349/5826 5477/3350/5825 4683/3353/2852 3111/3352/2851
f 5477/3350/5825 4455/3354/5827 3109/3344/2853 4683/3353/2852
f 4200/3351/5824 3372/2223/5129 4455/3354/5827 5477/3350/5825
f 3332/2929/5465 4678/3181/5679 5478/3356/5828 4410/3355/5829
f 4410/3355/5829 5478/3356/5828 4709/3357/5830 3143/2499/5057
f 5478/3356/5828 4587/2925/5461 3331/2313/4870 4709/3357/5830
f 4678/3181/5679 3142/2359/4915 4587/2925/5461 5478/3356/5828
f 3143/2499/5057 4386/2500/5056 5479/3358/5831 4410/3355/5832
f 4410/3355/5832 5479/3358/5831 4236/3359/5463 3332/2929/5465
f 5479/3358/5831 4655/3360/4729 3144/2227/4730 4236/3359/5463
f 4386/2500/5056 3145/2157/4724 4655/3360/4729 5479/3358/5831
f 3333/3361/5103 4491/3364/5833 5480/3363/5834 4490/3362/5345
f 3334/3365/4710 4490/3362/5345 5480/3363/5834 4650/3366/5835
f 3335/3134/5631 4650/3366/5835 5480/3363/5834 4491/3364/5833
f 3335/3134/5631 4491/3364/5833 5481/3368/5836 4809/3367/5629
f 3336/3369/5237 4809/3367/5629 5481/3368/5836 4492/3370/5235
f 3333/3361/5103 4492/3370/5235 5481/3368/5836 4491/3364/5833
f 3397/2372/4931 4346/2573/5130 5482/3371/5837 4363/3336/5808
f 4363/3336/5808 5482/3371/5837 4538/3372/5838 3398/2319/5805
f 5482/3371/5837 4220/2503/5060 3232/2504/5062 4538/3372/5838
f 4346/2573/5130 3327/2091/4657 4220/2503/5060 5482/3371/5837
f 3337/2178/4718 4652/3375/4711 5483/3374/5839 4810/3373/5840
f 3335/3134/5631 4810/3373/5840 5483/3374/5839 4650/3366/5835
f 3334/3365/4710 4650/3366/5835 5483/3374/5839 4652/3375/4711
f 3374/3348/5135 4442/3378/5136 5484/3377/5841 4446/3376/5842
f 4446/3376/5842 5484/3377/5841 4768/3380/2870 3111/3379/2870
f 5484/3377/5841 4766/2600/5157 3110/2601/2156 4768/3380/2870
f 4442/3378/5136 3217/2599/5137 4766/2600/5157 5484/3377/5841
f 3339/2173/4735 4423/3383/5843 5485/3382/5844 4422/3381/5845
f 3341/2272/4824 4422/3381/5845 5485/3382/5844 4748/2269/4823
f 3342/2268/4820 4748/2269/4823 5485/3382/5844 4423/3383/5843
f 3342/2268/4820 4423/3383/5843 5486/3384/5846 4588/3142/5642
f 3340/2175/4737 4588/3142/5642 5486/3384/5846 4421/2174/4736
f 3339/2173/4735 4421/2174/4736 5486/3384/5846 4423/3383/5843
f 3345/2215/4775 4696/2312/4866 5487/3386/5847 4248/3385/5848
f 4248/3385/5848 5487/3386/5847 4335/2235/4791 3346/2232/4790
f 5487/3386/5847 4348/3387/5849 3150/2240/4795 4335/2235/4791
f 4696/2312/4866 3149/2309/4865 4348/3387/5849 5487/3386/5847
f 3188/2437/5850 4597/3239/5851 5488/3389/5852 4853/3388/5853
f 4853/3388/5853 5488/3389/5852 4725/3391/5854 3189/3390/5855
f 5488/3389/5852 4779/2713/5255 3220/2714/5257 4725/3391/5854
f 4597/3239/5851 3218/2712/5256 4779/2713/5255 5488/3389/5852
f 3247/2321/4876 4839/2317/4871 5489/3392/5856 4837/2368/4928
f 4837/2368/4928 5489/3392/5856 4514/3393/5857 3249/2367/4925
f 5489/3392/5856 4367/2862/5407 3252/2863/5408 4514/3393/5857
f 4839/2317/4871 3253/2036/4604 4367/2862/5407 5489/3392/5856
f 3220/2714/5709 4725/3391/5858 5490/3394/5859 4710/3212/5707
f 4710/3212/5707 5490/3394/5859 4435/3269/5757 3219/3007/5535
f 5490/3394/5859 4434/3395/5860 3187/3272/5762 4435/3269/5757
f 4725/3391/5858 3189/3390/5861 4434/3395/5860 5490/3394/5859
f 3105/2869/2420 4783/2865/5409 5491/3397/5862 4757/3396/2890
f 4757/3396/2890 5491/3397/5862 4685/3164/5666 3298/3165/2684
f 5491/3397/5862 4411/3398/4802 3159/2249/4804 4685/3164/5666
f 4783/2865/5409 3158/2247/4803 4411/3398/4802 5491/3397/5862
f 3302/3399/2892 4510/3402/5863 5492/3401/5864 4268/3400/2893
f 4268/3400/2893 5492/3401/5864 4270/2947/5865 3301/2950/2893
f 5492/3401/5864 4551/3158/5658 3368/2946/5661 4270/2947/5865
f 4510/3402/5863 3369/2422/5659 4551/3158/5658 5492/3401/5864
f 3143/2499/5057 4709/3357/5830 5493/3403/5866 4484/2496/5055
f 4484/2496/5055 5493/3403/5866 4552/2811/5351 3260/2495/5052
f 5493/3403/5866 4802/2314/4869 3344/2219/4780 4552/2811/5351
f 4709/3357/5830 3331/2313/4870 4802/2314/4869 5493/3403/5866
f 3240/2787/5328 4579/3406/5331 5494/3405/5867 4542/3404/5868
f 4542/3404/5868 5494/3405/5867 4775/2452/5010 3382/2455/5012
f 5494/3405/5867 4626/2562/5115 3131/2451/4637 4775/2452/5010
f 4579/3406/5331 3239/2567/5120 4626/2562/5115 5494/3405/5867
f 3201/2832/5869 4770/3408/5870 5495/3407/5871 4280/2830/5872
f 4280/2830/5872 5495/3407/5871 4274/3409/5873 3202/2827/5874
f 5495/3407/5871 4318/2408/4969 3197/2361/4916 4274/3409/5873
f 4770/3408/5870 3200/2407/4970 4318/2408/4969 5495/3407/5871
f 3165/2882/5875 4737/2881/5876 5496/3411/5877 4473/3410/5878
f 4473/3410/5878 5496/3411/5877 4574/2282/5879 3166/2287/5880
f 5496/3411/5877 4440/3412/5881 3173/2279/5882 4574/2282/5879
f 4737/2881/5876 3354/2880/5883 4440/3412/5881 5496/3411/5877
f 3278/2400/4961 4378/2401/4960 5497/3414/5884 4854/3413/5414
f 4854/3413/5414 5497/3414/5884 4838/3415/5756 3277/2343/4899
f 5497/3414/5884 4617/3103/5613 3424/3104/5614 4838/3415/5756
f 4378/2401/4960 3287/2402/4963 4617/3103/5613 5497/3414/5884
f 3120/3416/2916 4208/3419/2919 5498/3418/5885 4521/3417/5886
f 4521/3417/5887 5498/3418/5885 4848/2066/5452 3268/2065/5451
f 5498/3418/5885 4209/2521/5076 3324/2067/5075 4848/2066/5888
f 4208/3419/2919 3116/2525/2075 4209/2521/5076 5498/3418/5885
f 3179/2767/5308 4504/2768/5307 5499/3420/5889 4316/3044/5890
f 4316/3044/5890 5499/3420/5889 4603/2949/5480 3368/2946/5479
f 5499/3420/5889 4465/3421/5647 3262/2661/5215 4603/2949/5480
f 4504/2768/5307 3402/2769/5310 4465/3421/5647 5499/3420/5889
f 3300/3219/2923 4443/3423/2926 5500/3422/5891 4381/3216/5892
f 4381/3216/5892 5500/3422/5891 4821/2105/4668 3214/2102/4667
f 5500/3422/5891 4793/2945/5478 3406/2110/4675 4821/2105/4668
f 4443/3423/2926 3309/2944/2489 4793/2945/5478 5500/3422/5891
f 3415/3060/5584 4325/3425/5893 5501/3424/5894 4548/3058/5582
f 4548/3058/5582 5501/3424/5894 4627/3426/5791 3272/2974/5504
f 5501/3424/5894 4347/2338/4895 3426/2341/4897 4627/3426/5791
f 4325/3425/5893 3427/2337/4892 4347/2338/4895 5501/3424/5894
f 3373/3070/5895 4267/3428/5896 5502/3427/5897 4556/3068/5898
f 4556/3068/5898 5502/3427/5897 4200/3351/5824 3374/3348/5823
f 5502/3427/5897 4471/2571/5127 3372/2223/5129 4200/3351/5824
f 4267/3428/5896 3215/2223/5128 4471/2571/5127 5502/3427/5897
f 3214/2102/5713 4541/2103/5899 5503/3429/5900 4645/3218/5714
f 4645/3218/5714 5503/3429/5900 4394/3122/5901 3371/3119/5718
f 5503/3429/5900 4441/3430/5902 3370/3119/5903 4394/3122/5901
f 4541/2103/5899 3211/2106/5904 4441/3430/5902 5503/3429/5900
f 3205/3431/5536 4500/3434/5905 5504/3433/5906 4193/3432/5906
f 3211/3435/5904 4193/3432/5906 5504/3433/5906 4441/3436/5902
f 3370/2558/5903 4441/3436/5902 5504/3433/5906 4500/3434/5905
f 3370/2558/5903 4500/3434/5905 5505/3437/5907 4575/2559/5908
f 3204/2549/5541 4575/2559/5908 5505/3437/5907 4733/3438/5539
f 3205/3431/5536 4733/3438/5539 5505/3437/5907 4500/3434/5905
f 3169/2433/5909 4230/3440/5910 5506/3439/5911 4573/2700/5912
f 4573/2700/5912 5506/3439/5911 4600/3441/5913 3351/2701/5914
f 5506/3439/5911 4732/3443/5915 3167/3442/5916 4600/3441/5913
f 4230/3440/5910 3168/3444/5917 4732/3443/5915 5506/3439/5911
f 3152/2786/5327 4340/2784/5323 5507/3445/5918 4830/3260/5753
f 4830/3260/5753 5507/3445/5918 4616/2736/5278 3151/2737/5269
f 5507/3445/5918 4305/3446/5919 3384/2735/5279 4616/2736/5278
f 4340/2784/5323 3250/2413/5322 4305/3446/5919 5507/3445/5918
f 3201/2832/5869 4282/3013/5920 5508/3447/5921 4770/3408/5870
f 4770/3408/5870 5508/3447/5921 4771/2817/5358 3200/2407/4970
f 5508/3447/5921 4614/3448/5107 3203/2820/5108 4771/2817/5358
f 4282/3013/5920 3204/3012/5104 4614/3448/5107 5508/3447/5921
f 3108/3449/2955 4258/3452/2958 5509/3451/5922 4519/3450/5923
f 4519/3450/5923 5509/3451/5922 4599/3120/5625 3371/3119/5627
f 5509/3451/5922 4263/3453/5924 3213/2846/5626 4599/3120/5625
f 4258/3452/2958 3107/3454/2960 4263/3453/5924 5509/3451/5922
f 3257/2896/5440 4288/3456/5562 5510/3455/5925 4362/2895/5439
f 4362/2895/5439 5510/3455/5925 4293/2645/5201 3314/2646/5202
f 5510/3455/5925 4350/2059/4623 3313/2060/4625 4293/2645/5201
f 4288/3456/5562 3319/2058/4624 4350/2059/4623 5510/3455/5925
f 3222/2617/5172 4609/3340/5810 5511/3457/5926 4370/2623/5181
f 4370/2623/5181 5511/3457/5926 4437/3231/5927 3377/2448/5178
f 5511/3457/5926 4672/2518/5073 3360/2448/5074 4437/3231/5927
f 4609/3340/5810 3185/2327/4882 4672/2518/5073 5511/3457/5926
f 3276/2019/4586 4550/2020/4585 5512/3459/5928 4400/3458/4990
f 4400/3458/4990 5512/3459/5928 4532/3460/5703 3271/2295/4847
f 5512/3459/5928 4642/3319/5796 3291/2656/5210 4532/3460/5703
f 4550/2020/4585 3295/2021/4588 4642/3319/5796 5512/3459/5928
f 3273/2393/4954 4353/2394/4953 5513/3461/5929 4782/3002/5528
f 4782/3002/5528 5513/3461/5929 4516/3462/5930 3274/2669/5221
f 5513/3461/5929 4351/2370/4926 3249/2367/4925 4516/3462/5930
f 4353/2394/4953 3246/2374/4932 4351/2370/4926 5513/3461/5929
f 3323/2081/4642 4816/3463/5931 5514/2715/5932 4341/2078/4643
f 3321/2077/5015 4341/2078/5819 5514/2715/5933 4343/2076/5934
f 3380/3464/5935 4343/2076/5934 5514/2715/5932 4816/3463/5931
f 3380/3464/5935 4816/3463/5931 5515/3466/5936 4834/3465/5936
f 3381/3467/5937 4834/3465/5936 5515/3466/5936 4817/3468/5938
f 3323/2081/4642 4817/3468/5938 5515/3466/5936 4816/3463/5931
f 3380/3464/5935 4698/3470/5261 5516/2717/5260 4343/2076/5934
f 3321/2077/5015 4343/2076/5934 5516/2717/5939 4436/2716/5016
f 3138/2188/4748 4309/2877/5417 5517/3471/5940 4801/2531/5085
f 4801/2531/5085 5517/3471/5940 4799/3472/5494 3137/2533/5088
f 5517/3471/5940 4726/3474/5941 3234/3473/5493 4799/3472/5494
f 4309/2877/5417 3235/2874/5416 4726/3474/5941 5517/3471/5940
f 3135/2096/4661 4319/2097/4664 5518/3475/5942 4322/2182/4740
f 4322/2182/4740 5518/3475/5942 4404/3476/5517 3237/2187/4747
f 5518/3475/5942 4477/3477/5943 3236/3096/5516 4404/3476/5517
f 4319/2097/4664 3136/2100/4666 4477/3477/5943 5518/3475/5942
f 3245/2536/5092 4602/2537/5091 5519/3479/5944 4219/3478/5945
f 4219/3478/5945 5519/3479/5944 4218/3480/5336 3241/2792/5334
f 5519/3479/5944 4747/3481/5585 3242/2798/5339 4218/3480/5336
f 4602/2537/5091 3391/2538/5094 4747/3481/5585 5519/3479/5944
f 3319/2058/4624 4333/3033/5557 5520/3482/5946 4307/2057/4621
f 4307/2057/4621 5520/3482/5946 4632/3205/5698 3320/2056/4622
f 5520/3482/5946 4225/2636/5947 3361/2637/5701 4632/3205/5698
f 4333/3033/5557 3162/2635/5556 4225/2636/5947 5520/3482/5946
f 3216/2380/4941 4336/3485/5948 5521/3484/5949 4584/3483/5142
f 4584/3483/5142 5521/3484/5949 4759/3486/5133 3373/3070/5132
f 5521/3484/5949 4281/2598/5155 3217/2599/5137 4759/3486/5133
f 4336/3485/5948 3372/2223/5156 4281/2598/5155 5521/3484/5949
f 3392/2536/5357 4813/2536/5352 5522/3488/5950 4207/3487/5951
f 4207/3487/5951 5522/3488/5950 4576/2793/5333 3390/2794/5335
f 5522/3488/5950 4219/3478/5945 3241/2792/5334 4576/2793/5333
f 4813/2536/5352 3245/2536/5092 4219/3478/5945 5522/3488/5950
f 3128/2040/4605 4231/2205/4765 5523/3489/5952 4302/2043/4606
f 4302/2043/4606 5523/3489/5952 4303/3190/5682 3127/2048/4613
f 5523/3489/5952 4699/2324/5953 3186/2325/5687 4303/3190/5682
f 4231/2205/4765 3359/2119/4767 4699/2324/5953 5523/3489/5952
f 3357/2478/5954 4373/3491/5955 5524/3490/5956 4460/2479/5957
f 4460/2479/5957 5524/3490/5956 4428/3492/5958 3171/2482/5959
f 5524/3490/5956 4385/2834/5379 3170/2422/4982 4428/3492/5958
f 4373/3491/5955 3180/2833/5376 4385/2834/5379 5524/3490/5956
f 3408/3493/5497 4361/3496/5525 5525/3495/5960 4803/3494/5496
f 4803/3494/5496 5525/3495/5960 4633/2532/5087 3137/2533/5088
f 5525/3495/5960 4720/3497/4992 3328/2288/4840 4633/2532/5087
f 4361/3496/5525 3409/2431/4993 4720/3497/4992 5525/3495/5960
f 3285/2605/5162 4444/3499/5186 5526/3498/5961 4291/2602/5160
f 4291/2602/5160 5526/3498/5961 4283/2253/4806 3286/2250/4805
f 5526/3498/5961 4214/3004/5529 3430/2258/4813 4283/2253/4806
f 4444/3499/5186 3429/2529/5084 4214/3004/5529 5526/3498/5961
f 3413/2015/4581 4255/3095/5609 5527/3500/5962 4786/2954/5486
f 4786/2954/5486 5527/3500/5962 4478/3016/5542 3270/2953/5483
f 5527/3500/5962 4477/3477/5943 3136/2100/4666 4478/3016/5542
f 4255/3095/5609 3236/3096/5516 4477/3477/5943 5527/3500/5962
f 3134/2087/4652 4407/2392/4950 5528/3501/5963 4692/2090/4653
f 4692/2090/4653 5528/3501/5963 4598/3017/5545 3326/2095/4660
f 5528/3501/5963 4751/2329/4886 3269/2332/4888 4598/3017/5545
f 4407/2392/4950 3411/2328/4883 4751/2329/4886 5528/3501/5963
f 3210/3049/5576 4445/3504/5964 5529/3503/5965 4464/3502/5966
f 4464/3502/5966 5529/3503/5965 4510/3402/5967 3369/2422/5968
f 5529/3503/5965 4754/3505/3007 3302/3399/3006 4510/3402/5967
f 4445/3504/5964 3112/3049/3008 4754/3505/3007 5529/3503/5965
f 3221/2676/5227 4390/2677/5226 5530/3507/5969 4412/3506/5778
f 4412/3506/5778 5530/3507/5969 4195/3202/5970 3375/2856/5775
f 5530/3507/5969 4345/2366/4920 3367/2231/4923 4195/3202/5970
f 4390/2677/5226 3208/2365/4921 4345/2366/4920 5530/3507/5969
f 3210/3049/5576 4464/3502/5966 5531/3508/5971 4261/3048/5574
f 4261/3048/5574 5531/3508/5971 4260/3509/5972 3181/2833/5575
f 5531/3508/5971 4722/3155/5973 3182/3154/5974 4260/3509/5972
f 4464/3502/5966 3369/2422/5968 4722/3155/5973 5531/3508/5971
f 3139/3078/4691 4418/3238/5736 5532/3510/5975 4560/3077/5599
f 4560/3077/5599 5532/3510/5975 4369/3511/5046 3256/2490/5048
f 5532/3510/5975 4777/3041/5565 3255/2486/5043 4369/3511/5046
f 4418/3238/5736 3330/3040/5317 4777/3041/5565 5532/3510/5975
f 3403/2439/5001 4781/2440/5000 5533/3512/5976 4272/2940/5475
f 4272/2940/5475 5533/3512/5976 4676/2055/4618 3130/2052/4617
f 5533/3512/5976 4202/2644/5200 3313/2060/4625 4676/2055/4618
f 4781/2440/5000 3315/2441/5002 4202/2644/5200 5533/3512/5976
f 3268/2065/5451 4360/3247/5743 5534/3514/5977 4521/3417/5887
f 4521/3417/5886 5534/3514/5978 4610/3513/3017 3120/3416/2916
f 5534/3514/5977 4731/3601/5798 3122/3602/2819 4610/3513/3112
f 4360/3247/5743 3288/2402/4964 4731/3601/5798 5534/3514/5977
f 3149/2309/4865 4622/2924/5459 5535/3516/5979 4348/3515/5849
f 4348/3515/5849 5535/3516/5979 4611/2942/5476 3150/2240/4795
f 5535/3516/5979 4359/3517/4673 3406/2110/4675 4611/2942/5476
f 4622/2924/5459 3405/2108/4674 4359/3517/4673 5535/3516/5979
f 3341/2823/4824 4749/2824/5364 5536/3519/5980 4422/3518/5845
f 4422/3518/5845 5536/3519/5980 4545/3088/5604 3339/3085/4735
f 5536/3519/5980 4221/3520/5981 3266/3092/5607 4545/3088/5604
f 4749/2824/5364 3396/2825/5366 4221/3520/5981 5536/3519/5980
f 3354/2880/5423 4475/2884/5982 5537/3521/5983 4395/2878/5421
f 4395/2878/5421 5537/3521/5983 4430/2418/4977 3172/2283/4836
f 5537/3521/5983 4428/3492/5958 3170/2422/4982 4430/2418/4977
f 4475/2884/5982 3171/2482/5959 4428/3492/5958 5537/3521/5983
f 3189/3390/5861 4518/3523/5984 5538/3522/5985 4434/3395/5860
f 4434/3395/5860 5538/3522/5985 4232/3524/5986 3187/3272/5762
f 5538/3522/5985 4229/3525/5987 3168/3444/5917 4232/3524/5986
f 4518/3523/5984 3353/2698/5988 4229/3525/5987 5538/3522/5985
f 3218/2712/5740 4264/3241/5739 5539/3526/5989 4827/2711/5990
f 4827/2711/5990 5539/3526/5989 4593/2463/5018 3366/2460/5017
f 5539/3526/5989 4822/2935/5471 3261/2466/5024 4593/2463/5018
f 4264/3241/5739 3407/2934/5472 4822/2935/5471 5539/3526/5989
f 3358/2485/5381 4306/2836/5377 5540/3527/5991 4847/3306/5992
f 4847/3306/5992 5540/3527/5991 4260/3509/5972 3182/3154/5974
f 5540/3527/5991 4758/3528/5993 3181/2833/5575 4260/3509/5972
f 4306/2836/5377 3180/2833/5376 4758/3528/5993 5540/3527/5991
f 3372/2223/5156 4336/2376/5948 5541/3529/5994 4756/2570/5995
f 4756/2570/5995 5541/3529/5994 4644/2570/5689 3346/2232/5688
f 5541/3529/5994 4392/3485/4934 3215/2223/4933 4644/2570/5689
f 4336/2376/5948 3216/2380/4941 4392/3485/4934 5541/3529/5994
f 3274/2669/5221 4516/3462/5930 5542/3530/5996 4222/2666/5219
f 4222/2666/5219 5542/3530/5996 4368/3083/5602 3275/2665/5216
f 5542/3530/5996 4514/3531/5857 3252/2863/5408 4368/3083/5602
f 4516/3462/5930 3249/2367/4925 4514/3531/5857 5542/3530/5996
f 3175/2302/4857 4760/3534/5997 5543/3533/5998 4734/3532/5999
f 4734/3532/5999 5543/3533/5998 4600/3441/5913 3167/3442/5916
f 5543/3533/5998 4728/3178/6000 3351/2701/5914 4600/3441/5913
f 4760/3534/5997 3174/2852/6001 4728/3178/6000 5543/3533/5998
f 3355/2420/5041 4517/2419/6002 5544/3535/6003 4824/2483/5038
f 4824/2483/5038 5544/3535/6003 4475/2884/6004 3171/2482/5039
f 5544/3535/6003 4440/3412/5881 3354/2880/5883 4475/2884/6004
f 4517/2419/6002 3173/2279/5882 4440/3412/5881 5544/3535/6003
f 3139/3078/4691 4562/3074/5594 5545/3537/6005 4636/3536/4690
f 4636/3536/4690 5545/3537/6005 4472/2386/4946 3141/2387/4689
f 5545/3537/6005 4300/3538/6006 3279/2385/4947 4472/2386/4946
f 4562/3074/5594 3281/3071/5593 4300/3538/6006 5545/3537/6005
f 3335/3134/5631 4808/3131/5632 5546/3539/6007 4810/3373/5840
f 3337/2178/4718 4810/3373/5840 5546/3539/6007 4690/3139/5637
f 3421/3128/5295 4690/3139/5637 5546/3539/6007 4808/3131/5632
f 3154/3116/5272 4765/3114/5617 5547/3540/6008 4497/3257/5752
f 4497/3257/5752 5547/3540/6008 4495/3541/5161 3153/2607/5164
f 5547/3540/6008 4332/3542/5185 3285/2605/5162 4495/3541/5161
f 4765/3114/5617 3418/2626/5182 4332/3542/5185 5547/3540/6008
f 3422/2254/4810 4454/2255/4809 5548/3543/6009 4850/3160/5664
f 4850/3160/5664 5548/3543/6009 4409/3544/3050 3312/3159/2678
f 5548/3543/6009 4238/3545/5446 3123/2906/2458 4409/3544/3050
f 4454/2255/4809 3431/2256/4812 4238/3545/5446 5548/3543/6009
f 3166/2287/4839 4502/3547/6010 5549/3546/6011 4745/2286/4837
f 4745/2286/4837 5549/3546/6011 4682/3548/6012 3164/2285/4838
f 5549/3546/6011 4647/3021/5548 3163/2631/5187 4682/3548/6012
f 4502/3547/6010 3350/3020/5549 4647/3021/5548 5549/3546/6011
f 3174/2852/6001 4760/3534/5997 5550/3549/6013 4831/2850/6014
f 4831/2850/6014 5550/3549/6013 4845/2301/4854 3356/2117/4856
f 5550/3549/6013 4244/2303/4860 3178/2300/4855 4845/2301/4854
f 4760/3534/5997 3175/2302/4857 4244/2303/4860 5550/3549/6013
f 3162/2635/5771 4417/3031/6015 5551/3550/6016 4639/3282/5769
f 4639/3282/5769 5551/3550/6016 4502/3547/6017 3350/3020/5770
f 5551/3550/6016 4473/3410/5878 3166/2287/5880 4502/3547/6017
f 4417/3031/6015 3165/2882/5875 4473/3410/5878 5551/3550/6016
f 3202/2827/5367 4376/2828/5370 5552/3552/6018 4449/3551/6019
f 4449/3551/6019 5552/3552/6018 4811/3225/5724 3209/2679/5726
f 5552/3552/6018 4429/2230/6020 3367/2231/5721 4811/3225/5724
f 4376/2828/5370 3198/2229/5372 4429/2230/6020 5552/3552/6018
f 3176/2308/4864 4242/2305/4858 5553/3554/6021 4256/3553/6022
f 4256/3553/6022 5553/3554/6021 4304/3555/6023 3352/2694/6024
f 5553/3554/6021 4734/3532/5999 3167/3442/5916 4304/3555/6023
f 4242/2305/4858 3175/2302/4857 4734/3532/5999 5553/3554/6021
f 3164/2285/4838 4682/3548/6012 5554/3556/6025 4744/2883/5424
f 4744/2883/5424 5554/3556/6025 4417/3557/6026 3165/2882/5425
f 5554/3556/6025 4415/2632/5190 3162/2635/5192 4417/3557/6026
f 4682/3548/6012 3163/2631/5187 4415/2632/5190 5554/3556/6025
f 3303/2592/2146 4713/3559/3069 5555/3558/6027 4714/2591/5080
f 4714/2591/5080 5555/3558/6027 4817/3560/5938 3323/2522/4642
f 5555/3558/6027 4396/3562/6028 3381/3561/5937 4817/3560/5938
f 4713/3559/3069 3305/3563/3071 4396/3562/6028 5555/3558/6027
f 3209/2679/5229 4449/3551/6029 5556/3564/6030 4389/2678/5228
f 4389/2678/5228 5556/3564/6030 4292/2362/4919 3208/2365/4921
f 5556/3564/6030 4274/3409/5873 3197/2361/4916 4292/2362/4919
f 4449/3551/6029 3202/2827/5874 4274/3409/5873 5556/3564/6030
f 3187/3272/5762 4232/3524/5986 5557/3565/6031 4433/3271/5760
f 4433/3271/5760 5557/3565/6031 4408/3566/6032 3188/2437/5761
f 5557/3565/6031 4230/3440/5910 3169/2433/5909 4408/3566/6032
f 4232/3524/5986 3168/3444/5917 4230/3440/5910 5557/3565/6031
f 3215/2223/5128 4267/3568/5896 5558/3567/6033 4533/2222/6034
f 4533/2222/6034 5558/3567/6033 4594/3569/4985 3363/2221/4988
f 5558/3567/6033 4198/3570/6035 3195/2425/4986 4594/3569/4985
f 4267/3568/5896 3373/3070/5895 4198/3570/6035 5558/3567/6033
f 3168/3444/5917 4229/3525/5987 5559/3571/6036 4732/3443/5915
f 4732/3443/5915 5559/3571/6036 4304/3555/6023 3167/3442/5916
f 5559/3571/6036 4279/2695/6037 3352/2694/6024 4304/3555/6023
f 4229/3525/5987 3353/2698/5988 4279/2695/6037 5559/3571/6036
f 3213/2846/5626 4263/3453/5924 5560/3573/6038 4387/3572/6039
f 4387/3572/6039 5560/3573/6038 4381/3574/6040 3214/2102/6041
f 5560/3573/6038 4792/3576/3085 3300/3575/3085 4381/3574/6040
f 4263/3453/5924 3107/3454/2960 4792/3576/3085 5560/3573/6038
f 3281/3071/5593 4784/3286/5774 5561/3577/6042 4300/3538/6006
f 4300/3538/6006 5561/3577/6042 4301/3253/5746 3279/2385/4947
f 5561/3577/6042 4474/2957/5487 3290/2958/5488 4301/3253/5746
f 4784/3286/5774 3293/2023/4589 4474/2957/5487 5561/3577/6042
f 3368/2946/5568 4270/2947/6043 5562/3578/6044 4296/3046/5569
f 4296/3046/5569 5562/3578/6044 4445/3504/5964 3210/3049/5576
f 5562/3578/6044 4666/3579/3089 3112/3049/3008 4445/3504/5964
f 4270/2947/6043 3301/2950/3090 4666/3579/3089 5562/3578/6044
f 3186/2325/5734 4699/2324/6045 5563/3580/6046 4339/3229/5732
f 4339/3229/5732 5563/3580/6046 4197/2517/6047 3360/2448/5729
f 5563/3580/6046 4595/3581/4677 3184/2111/4676 4197/2517/6047
f 4699/2324/6045 3359/2119/4684 4595/3581/4677 5563/3580/6046
f 3180/2833/5376 4373/3491/5955 5564/3582/6048 4758/3528/5993
f 4758/3528/5993 5564/3582/6048 4426/3047/5572 3181/2833/5575
f 5564/3582/6048 4315/2764/6049 3179/2767/5573 4426/3047/5572
f 4373/3491/5955 3357/2478/5954 4315/2764/6049 5564/3582/6048
f 3269/2332/4888 4526/2333/4887 5565/3583/6050 4525/3014/5544
f 4525/3014/5544 5565/3583/6050 4842/2956/5484 3270/2953/5483
f 5565/3583/6050 4317/3254/5748 3290/2958/5488 4842/2956/5484
f 4526/2333/4887 3289/2334/4890 4317/3254/5748 5565/3583/6050
f 3176/2308/5395 4251/2851/5394 5566/3584/6051 4256/3553/6052
f 4256/3553/6052 5566/3584/6051 4742/2697/5241 3352/2694/5240
f 5566/3584/6051 4728/3178/6053 3351/2701/5248 4742/2697/5241
f 4251/2851/5394 3174/2852/5396 4728/3178/6053 5566/3584/6051
f 3212/2846/5110 4693/3123/5624 5567/3586/6054 4540/3585/5390
f 4540/3585/5390 5567/3586/6054 4541/3587/6055 3211/2106/5387
f 5567/3586/6054 4387/3572/6039 3214/2102/6041 4541/3587/6055
f 4693/3123/5624 3213/2846/5626 4387/3572/6039 5567/3586/6054
f 3424/3265/5614 4621/3304/5786 5568/3588/6056 4314/3262/5755
f 3426/3261/4897 4314/3262/5755 5568/3588/6056 4689/3312/5793
f 3414/3056/5499 4689/3312/5793 5568/3588/6056 4621/3304/5786
f 3427/3589/4892 4325/3592/5893 5569/3591/6057 4479/3590/5293
f 3428/3276/4908 4479/3590/5293 5569/3591/6057 4375/3593/6058
f 3415/3594/5584 4375/3593/6058 5569/3591/6057 4325/3592/5893
f 3416/3332/4906 4476/3597/4905 5570/3596/6059 4383/3595/5587
f 3415/3594/5584 4383/3595/5587 5570/3596/6059 4375/3593/6058
f 3428/3276/4908 4375/3593/6058 5570/3596/6059 4476/3597/4905
f 3169/2433/5247 4408/2434/6060 5571/3598/6061 4769/2699/5244
f 4769/2699/5244 5571/3598/6061 4518/3523/6062 3353/2698/5245
f 5571/3598/6061 4853/3388/5853 3189/3390/5855 4518/3523/6062
f 4408/2434/6060 3188/2437/5850 4853/3388/5853 5571/3598/6061
f 4521/2062/4627 5534/3599/6063 4610/3600/3110 3310/2061/1607
f 5577/3603/6064 5709/3604/6065 5908/3605/6066 5895/3606/6067
f 5709/3604/6065 5589/3607/6068 5896/3608/6069 5908/3605/6066
f 5908/3605/6066 5896/3608/6069 5665/3609/6070 5856/3610/6071
f 5895/3606/6067 5908/3605/6066 5856/3610/6071 5616/3611/6072
f 5591/3612/6073 5699/3613/6074 5909/3614/6075 5900/3615/6076
f 5699/3613/6074 5580/3616/6077 5901/3617/6078 5909/3614/6075
f 5909/3614/6075 5901/3617/6078 5628/3618/6079 5787/3619/6080
f 5900/3615/6076 5909/3614/6075 5787/3619/6080 5673/3620/6081
f 5595/3621/6082 5703/3622/6083 5910/3623/6084 5886/3624/6085
f 5703/3622/6083 5572/3625/6086 5884/3626/6087 5910/3623/6084
f 5910/3623/6084 5884/3626/6087 5596/3627/6088 5827/3628/6089
f 5886/3624/6085 5910/3623/6084 5827/3628/6089 5689/3629/6090
f 5578/3630/6091 5710/3631/6092 5911/3632/6093 5897/3633/6094
f 5710/3631/6092 5590/3634/6095 5898/3635/6096 5911/3632/6093
f 5911/3632/6093 5898/3635/6096 5669/3636/6097 5860/3637/6098
f 5897/3633/6094 5911/3632/6093 5860/3637/6098 5620/3638/6099
f 5592/3639/6100 5700/3640/6101 5912/3641/6102 5902/3642/6103
f 5700/3640/6101 5581/3643/6104 5903/3644/6105 5912/3641/6102
f 5912/3641/6102 5903/3644/6105 5632/3645/6106 5797/3646/6107
f 5902/3642/6103 5912/3641/6102 5797/3646/6107 5677/3647/6108
f 5585/3648/6109 5693/3649/6110 5913/3650/6111 5888/3651/6112
f 5693/3649/6110 5574/3652/6113 5889/3653/6114 5913/3650/6111
f 5913/3650/6111 5889/3653/6114 5604/3654/6115 5727/3655/6116
f 5888/3651/6112 5913/3650/6111 5727/3655/6116 5649/3656/6117
f 5579/3657/6118 5711/3658/6119 5914/3659/6120 5899/3660/6121
f 5711/3658/6119 5591/3612/6073 5900/3615/6076 5914/3659/6120
f 5914/3659/6120 5900/3615/6076 5673/3620/6081 5864/3661/6122
f 5899/3660/6121 5914/3659/6120 5864/3661/6122 5624/3662/6123
f 5593/3663/6124 5701/3664/6125 5915/3665/6126 5904/3666/6127
f 5701/3664/6125 5582/3667/6128 5905/3668/6129 5915/3665/6126
f 5915/3665/6126 5905/3668/6129 5636/3669/6130 5807/3670/6131
f 5904/3666/6127 5915/3665/6126 5807/3670/6131 5681/3671/6132
f 5586/3672/6133 5694/3673/6134 5916/3674/6135 5890/3675/6136
f 5694/3673/6134 5575/3676/6137 5891/3677/6138 5916/3674/6135
f 5916/3674/6135 5891/3677/6138 5608/3678/6139 5737/3679/6140
f 5890/3675/6136 5916/3674/6135 5737/3679/6140 5653/3680/6141
f 5580/3616/6077 5712/3681/6142 5917/3682/6143 5901/3617/6078
f 5712/3681/6142 5592/3639/6100 5902/3642/6103 5917/3682/6143
f 5917/3682/6143 5902/3642/6103 5677/3647/6108 5868/3683/6144
f 5901/3617/6078 5917/3682/6143 5868/3683/6144 5628/3618/6079
f 5594/3684/6145 5702/3685/6146 5918/3686/6147 5906/3687/6148
f 5702/3685/6146 5583/3688/6149 5907/3689/6150 5918/3686/6147
f 5918/3686/6147 5907/3689/6150 5640/3690/6151 5817/3691/6152
f 5906/3687/6148 5918/3686/6147 5817/3691/6152 5685/3692/6153
f 5573/3693/6154 5705/3694/6155 5919/3695/6156 5887/3696/6157
f 5705/3694/6155 5585/3648/6109 5888/3651/6112 5919/3695/6156
f 5919/3695/6156 5888/3651/6112 5649/3656/6117 5840/3697/6158
f 5887/3696/6157 5919/3695/6156 5840/3697/6158 5600/3698/6159
f 5587/3699/6160 5695/3700/6161 5920/3701/6162 5892/3702/6163
f 5695/3700/6161 5576/3703/6164 5893/3704/6165 5920/3701/6162
f 5920/3701/6162 5893/3704/6165 5612/3705/6166 5747/3706/6167
f 5892/3702/6163 5920/3701/6162 5747/3706/6167 5657/3707/6168
f 5581/3643/6104 5713/3708/6169 5921/3709/6170 5903/3644/6105
f 5713/3708/6169 5593/3663/6124 5904/3666/6127 5921/3709/6170
f 5921/3709/6170 5904/3666/6127 5681/3671/6132 5872/3710/6171
f 5903/3644/6105 5921/3709/6170 5872/3710/6171 5632/3645/6106
f 5574/3652/6113 5706/3711/6172 5922/3712/6173 5889/3653/6114
f 5706/3711/6172 5586/3672/6133 5890/3675/6136 5922/3712/6173
f 5922/3712/6173 5890/3675/6136 5653/3680/6141 5844/3713/6174
f 5889/3653/6114 5922/3712/6173 5844/3713/6174 5604/3654/6115
f 5588/3714/6175 5696/3715/6176 5923/3716/6177 5894/3717/6178
f 5696/3715/6176 5577/3603/6064 5895/3606/6067 5923/3716/6177
f 5923/3716/6177 5895/3606/6067 5616/3611/6072 5757/3718/6179
f 5894/3717/6178 5923/3716/6177 5757/3718/6179 5661/3719/6180
f 5582/3667/6128 5714/3720/6181 5924/3721/6182 5905/3668/6129
f 5714/3720/6181 5594/3684/6145 5906/3687/6148 5924/3721/6182
f 5924/3721/6182 5906/3687/6148 5685/3692/6153 5876/3722/6183
f 5905/3668/6129 5924/3721/6182 5876/3722/6183 5636/3669/6130
f 5575/3676/6137 5707/3723/6184 5925/3724/6185 5891/3677/6138
f 5707/3723/6184 5587/3699/6160 5892/3702/6163 5925/3724/6185
f 5925/3724/6185 5892/3702/6163 5657/3707/6168 5848/3725/6186
f 5891/3677/6138 5925/3724/6185 5848/3725/6186 5608/3678/6139
f 5589/3607/6068 5697/3726/6187 5926/3727/6188 5896/3608/6069
f 5697/3726/6187 5578/3630/6091 5897/3633/6094 5926/3727/6188
f 5926/3727/6188 5897/3633/6094 5620/3638/6099 5767/3728/6189
f 5896/3608/6069 5926/3727/6188 5767/3728/6189 5665/3609/6070
f 5583/3688/6149 5715/3729/6190 5927/3730/6191 5907/3689/6150
f 5715/3729/6190 5595/3621/6082 5886/3624/6085 5927/3730/6191
f 5927/3730/6191 5886/3624/6085 5689/3629/6090 5880/3731/6192
f 5907/3689/6150 5927/3730/6191 5880/3731/6192 5640/3690/6151
f 5576/3703/6164 5708/3732/6193 5928/3733/6194 5893/3704/6165
f 5708/3732/6193 5588/3714/6175 5894/3717/6178 5928/3733/6194
f 5928/3733/6194 5894/3717/6178 5661/3719/6180 5852/3734/6195
f 5893/3704/6165 5928/3733/6194 5852/3734/6195 5612/3705/6166
f 5590/3634/6095 5698/3735/6196 5929/3736/6197 5898/3635/6096
f 5698/3735/6196 5579/3657/6118 5899/3660/6121 5929/3736/6197
f 5929/3736/6197 5899/3660/6121 5624/3662/6123 5777/3737/6198
f 5898/3635/6096 5929/3736/6197 5777/3737/6198 5669/3636/6097
f 5584/3738/6199 5692/3739/6200 5930/3740/6201 5885/3741/6202
f 5692/3739/6200 5573/3693/6154 5887/3696/6157 5930/3740/6201
f 5930/3740/6201 5887/3696/6157 5600/3698/6159 5717/3742/6203
f 5885/3741/6202 5930/3740/6201 5717/3742/6203 5645/3743/6204
f 5572/3625/6086 5704/3744/6205 5931/3745/6206 5884/3626/6087
f 5704/3744/6205 5584/3738/6199 5885/3741/6202 5931/3745/6206
f 5931/3745/6206 5885/3741/6202 5645/3743/6204 5836/3746/6207
f 5884/3626/6087 5931/3745/6206 5836/3746/6207 5596/3627/6088
f 5645/3743/6204 5717/3742/6203 5932/3747/6208 5716/3748/6209
f 5717/3742/6203 5600/3698/6159 5718/3749/6210 5932/3747/6208
f 5932/3747/6208 5718/3749/6210 5602/3750/6211 5719/3751/6212
f 5716/3748/6209 5932/3747/6208 5719/3751/6212 5647/3752/6213
f 5647/3752/6213 5719/3751/6212 5933/3753/6214 5720/3754/6215
f 5719/3751/6212 5602/3750/6211 5721/3755/6216 5933/3753/6214
f 5933/3753/6214 5721/3755/6216 5603/3756/6217 5722/3757/6218
f 5720/3754/6215 5933/3753/6214 5722/3757/6218 5646/3758/6219
f 5646/3758/6219 5722/3759/6218 5934/3760/6220 5723/3761/6221
f 5722/3759/6218 5603/3756/6217 5724/3762/6222 5934/3760/6220
f 5934/3760/6220 5724/3762/6222 5601/3763/6223 5725/3764/6224
f 5723/3761/6221 5934/3760/6220 5725/3764/6224 5644/3765/6225
f 5649/3656/6117 5727/3655/6116 5935/3766/6226 5726/3767/6227
f 5727/3655/6116 5604/3654/6115 5728/3768/6228 5935/3766/6226
f 5935/3766/6226 5728/3768/6228 5606/3769/6229 5729/3770/6230
f 5726/3767/6227 5935/3766/6226 5729/3770/6230 5651/3771/6231
f 5651/3771/6231 5729/3770/6230 5936/3772/6232 5730/3773/6233
f 5729/3770/6230 5606/3769/6229 5731/3774/6234 5936/3772/6232
f 5936/3772/6232 5731/3774/6234 5607/3775/6235 5732/3776/6236
f 5730/3773/6233 5936/3772/6232 5732/3776/6236 5650/3777/6237
f 5650/3777/6237 5732/3778/6236 5937/3779/6238 5733/3780/6239
f 5732/3778/6236 5607/3775/6235 5734/3781/6240 5937/3779/6238
f 5937/3779/6238 5734/3781/6240 5605/3782/6241 5735/3783/6242
f 5733/3780/6239 5937/3779/6238 5735/3783/6242 5648/3784/6243
f 5653/3680/6141 5737/3679/6140 5938/3785/6244 5736/3786/6245
f 5737/3679/6140 5608/3678/6139 5738/3787/6246 5938/3785/6244
f 5938/3785/6244 5738/3787/6246 5610/3788/6247 5739/3789/6248
f 5736/3786/6245 5938/3785/6244 5739/3789/6248 5655/3790/6249
f 5655/3790/6249 5739/3789/6248 5939/3791/6250 5740/3792/6251
f 5739/3789/6248 5610/3788/6247 5741/3793/6252 5939/3791/6250
f 5939/3791/6250 5741/3793/6252 5611/3794/6253 5742/3795/6254
f 5740/3792/6251 5939/3791/6250 5742/3795/6254 5654/3796/6255
f 5654/3796/6255 5742/3797/6254 5940/3798/6256 5743/3799/6257
f 5742/3797/6254 5611/3794/6253 5744/3800/6258 5940/3798/6256
f 5940/3798/6256 5744/3800/6258 5609/3801/6259 5745/3802/6260
f 5743/3799/6257 5940/3798/6256 5745/3802/6260 5652/3803/6261
f 5657/3707/6168 5747/3706/6167 5941/3804/6262 5746/3805/6263
f 5747/3706/6167 5612/3705/6166 5748/3806/6264 5941/3804/6262
f 5941/3804/6262 5748/3806/6264 5614/3807/6265 5749/3808/6266
f 5746/3805/6263 5941/3804/6262 5749/3808/6266 5659/3809/6267
f 5659/3809/6267 5749/3808/6266 5942/3810/6268 5750/3811/6269
f 5749/3808/6266 5614/3807/6265 5751/3812/6270 5942/3810/6268
f 5942/3810/6268 5751/3812/6270 5615/3813/6271 5752/3814/6272
f 5750/3811/6269 5942/3810/6268 5752/3814/6272 5658/3815/6273
f 5658/3815/6273 5752/3814/6272 5943/3816/6274 5753/3817/6275
f 5752/3814/6272 5615/3813/6271 5754/3818/6276 5943/3816/6274
f 5943/3816/6274 5754/3818/6276 5613/3819/6277 5755/3820/6278
f 5753/3817/6275 5943/3816/6274 5755/3820/6278 5656/3821/6279
f 5661/3719/6180 5757/3718/6179 5944/3822/6280 5756/3823/6281
f 5757/3718/6179 5616/3611/6072 5758/3824/6282 5944/3822/6280
f 5944/3822/6280 5758/3824/6282 5618/3825/6283 5759/3826/6284
f 5756/3823/6281 5944/3822/6280 5759/3826/6284 5663/3827/6285
f 5663/3827/6285 5759/3826/6284 5945/3828/6286 5760/3829/6287
f 5759/3826/6284 5618/3825/6283 5761/3830/6288 5945/3828/6286
f 5945/3828/6286 5761/3830/6288 5619/3831/6289 5762/3832/6290
f 5760/3829/6287 5945/3828/6286 5762/3832/6290 5662/3833/6291
f 5662/3833/6291 5762/3834/6290 5946/3835/6292 5763/3836/6293
f 5762/3834/6290 5619/3831/6289 5764/3837/6294 5946/3835/6292
f 5946/3835/6292 5764/3837/6294 5617/3838/6295 5765/3839/6296
f 5763/3836/6293 5946/3835/6292 5765/3839/6296 5660/3840/6297
f 5665/3609/6070 5767/3728/6189 5947/3841/6298 5766/3842/6299
f 5767/3728/6189 5620/3638/6099 5768/3843/6300 5947/3841/6298
f 5947/3841/6298 5768/3843/6300 5622/3844/6301 5769/3845/6302
f 5766/3842/6299 5947/3841/6298 5769/3845/6302 5667/3846/6303
f 5667/3846/6303 5769/3845/6302 5948/3847/6304 5770/3848/6305
f 5769/3845/6302 5622/3844/6301 5771/3849/6306 5948/3847/6304
f 5948/3847/6304 5771/3849/6306 5623/3850/6307 5772/3851/6308
f 5770/3848/6305 5948/3847/6304 5772/3851/6308 5666/3852/6309
f 5666/3852/6309 5772/3851/6308 5949/3853/6310 5773/3854/6311
f 5772/3851/6308 5623/3850/6307 5774/3855/6312 5949/3853/6310
f 5949/3853/6310 5774/3855/6312 5621/3856/6313 5775/3857/6314
f 5773/3854/6311 5949/3853/6310 5775/3857/6314 5664/3858/6315
f 5669/3636/6097 5777/3737/6198 5950/3859/6316 5776/3860/6317
f 5777/3737/6198 5624/3662/6123 5778/3861/6318 5950/3859/6316
f 5950/3859/6316 5778/3861/6318 5626/3862/6319 5779/3863/6320
f 5776/3860/6317 5950/3859/6316 5779/3863/6320 5671/3864/6321
f 5671/3864/6321 5779/3863/6320 5951/3865/6322 5780/3866/6323
f 5779/3863/6320 5626/3862/6319 5781/3867/6324 5951/3865/6322
f 5951/3865/6322 5781/3867/6324 5627/3868/6325 5782/3869/6326
f 5780/3866/6323 5951/3865/6322 5782/3869/6326 5670/3870/6327
f 5670/3870/6327 5782/3869/6326 5952/3871/6328 5783/3872/6329
f 5782/3869/6326 5627/3868/6325 5784/3873/6330 5952/3871/6328
f 5952/3871/6328 5784/3873/6330 5625/3874/6331 5785/3875/6332
f 5783/3872/6329 5952/3871/6328 5785/3875/6332 5668/3876/6333
f 5673/3620/6081 5787/3619/6080 5953/3877/6334 5786/3878/6335
f 5787/3619/6080 5628/3618/6079 5788/3879/6336 5953/3877/6334
f 5953/3877/6334 5788/3879/6336 5630/3880/6337 5789/3881/6338
f 5786/3878/6335 5953/3877/6334 5789/3881/6338 5675/3882/6339
f 5675/3882/6340 5789/3881/6341 5954/3883/6342 5790/3884/6343
f 5789/3881/6341 5630/3880/6337 5791/3885/6344 5954/3883/6342
f 5954/3883/6342 5791/3885/6344 5631/3886/6345 5792/3887/6346
f 5790/3884/6343 5954/3883/6342 5792/3887/6346 5674/3888/6347
f 5674/3888/6347 5792/3887/6346 5955/3889/6348 5793/3890/6349
f 5792/3887/6346 5631/3886/6350 5794/3891/6351 5955/3889/6348
f 5955/3889/6348 5794/3891/6351 5629/3892/6352 5795/3893/6353
f 5793/3890/6349 5955/3889/6348 5795/3893/6353 5672/3894/6354
f 5677/3647/6108 5797/3646/6107 5956/3895/6355 5796/3896/6356
f 5797/3646/6107 5632/3645/6106 5798/3897/6357 5956/3895/6355
f 5956/3895/6355 5798/3897/6357 5634/3898/6358 5799/3899/6359
f 5796/3896/6356 5956/3895/6355 5799/3899/6359 5679/3900/6360
f 5679/3900/6360 5799/3899/6359 5957/3901/6361 5800/3902/6362
f 5799/3899/6359 5634/3898/6358 5801/3903/6363 5957/3901/6361
f 5957/3901/6361 5801/3903/6363 5635/3904/6364 5802/3905/6365
f 5800/3902/6362 5957/3901/6361 5802/3905/6365 5678/3906/6366
f 5678/3906/6367 5802/3905/6368 5958/3907/6369 5803/3908/6370
f 5802/3905/6368 5635/3904/6371 5804/3909/6372 5958/3907/6369
f 5958/3907/6369 5804/3909/6372 5633/3910/6373 5805/3911/6374
f 5803/3908/6370 5958/3907/6369 5805/3911/6374 5676/3912/6375
f 5681/3671/6132 5807/3670/6131 5959/3913/6376 5806/3914/6377
f 5807/3670/6131 5636/3669/6130 5808/3915/6378 5959/3913/6376
f 5959/3913/6376 5808/3915/6378 5638/3916/6379 5809/3917/6380
f 5806/3914/6377 5959/3913/6376 5809/3917/6380 5683/3918/6381
f 5683/3918/6381 5809/3917/6380 5960/3919/6382 5810/3920/6383
f 5809/3917/6380 5638/3916/6379 5811/3921/6384 5960/3919/6382
f 5960/3919/6382 5811/3921/6384 5639/3922/6385 5812/3923/6386
f 5810/3920/6383 5960/3919/6382 5812/3923/6386 5682/3924/6387
f 5682/3924/6388 5812/3923/6389 5961/3925/6390 5813/3926/6391
f 5812/3923/6389 5639/3922/6392 5814/3927/6393 5961/3925/6390
f 5961/3925/6390 5814/3927/6393 5637/3928/6394 5815/3929/6395
f 5813/3926/6391 5961/3925/6390 5815/3929/6395 5680/3930/6396
f 5685/3692/6153 5817/3691/6152 5962/3931/6397 5816/3932/6398
f 5817/3691/6152 5640/3690/6151 5818/3933/6399 5962/3931/6397
f 5962/3931/6397 5818/3933/6399 5642/3934/6400 5819/3935/6401
f 5816/3932/6398 5962/3931/6397 5819/3935/6401 5687/3936/6402
f 5687/3936/6402 5819/3935/6401 5963/3937/6403 5820/3938/6404
f 5819/3935/6401 5642/3934/6400 5821/3939/6405 5963/3937/6403
f 5963/3937/6403 5821/3939/6405 5643/3940/6406 5822/3941/6407
f 5820/3938/6404 5963/3937/6403 5822/3941/6407 5686/3942/6408
f 5686/3942/6409 5822/3943/6410 5964/3944/6411 5823/3945/6412
f 5822/3943/6410 5643/3940/6413 5824/3946/6414 5964/3944/6411
f 5964/3944/6411 5824/3946/6414 5641/3947/6415 5825/3948/6416
f 5823/3945/6412 5964/3944/6411 5825/3948/6416 5684/3949/6417
f 5689/3629/6090 5827/3628/6089 5965/3950/6418 5826/3951/6419
f 5827/3628/6089 5596/3627/6088 5828/3952/6420 5965/3950/6418
f 5965/3950/6418 5828/3952/6420 5598/3953/6421 5829/3954/6422
f 5826/3951/6419 5965/3950/6418 5829/3954/6422 5691/3955/6423
f 5691/3955/6423 5829/3954/6424 5966/3956/6425 5830/3957/6426
f 5829/3954/6424 5598/3953/6427 5831/3958/6428 5966/3956/6425
f 5966/3956/6425 5831/3958/6428 5599/3959/6429 5832/3960/6430
f 5830/3957/6426 5966/3956/6425 5832/3960/6430 5690/3961/6431
f 5690/3961/6431 5832/3962/6430 5967/3963/6432 5833/3964/6433
f 5832/3962/6430 5599/3959/6429 5834/3965/6434 5967/3963/6432
f 5967/3963/6432 5834/3965/6434 5597/3966/6435 5835/3967/6436
f 5833/3964/6433 5967/3963/6432 5835/3967/6436 5688/3968/6437
f 5596/3627/6088 5836/3746/6207 5968/3969/6438 5828/3952/6439
f 5836/3746/6207 5645/3743/6204 5716/3748/6209 5968/3969/6438
f 5968/3969/6438 5716/3748/6209 5647/3752/6213 5837/3970/6440
f 5828/3952/6439 5968/3969/6438 5837/3970/6440 5598/3953/6427
f 5598/3953/6427 5837/3970/6440 5969/3971/6441 5831/3958/6428
f 5837/3970/6440 5647/3752/6213 5720/3754/6215 5969/3971/6441
f 5969/3971/6441 5720/3754/6215 5646/3758/6219 5838/3972/6442
f 5831/3958/6428 5969/3971/6441 5838/3972/6442 5599/3959/6429
f 5599/3959/6429 5838/3973/6442 5970/3974/6443 5834/3965/6434
f 5838/3973/6442 5646/3758/6219 5723/3761/6221 5970/3974/6443
f 5970/3974/6443 5723/3761/6221 5644/3765/6225 5839/3975/6444
f 5834/3965/6434 5970/3974/6443 5839/3975/6444 5597/3966/6435
f 5600/3698/6159 5840/3697/6158 5971/3976/6445 5718/3749/6210
f 5840/3697/6158 5649/3656/6117 5726/3767/6227 5971/3976/6445
f 5971/3976/6445 5726/3767/6227 5651/3771/6231 5841/3977/6446
f 5718/3749/6210 5971/3976/6445 5841/3977/6446 5602/3750/6211
f 5602/3750/6211 5841/3977/6446 5972/3978/6447 5721/3755/6216
f 5841/3977/6446 5651/3771/6231 5730/3773/6233 5972/3978/6447
f 5972/3978/6447 5730/3773/6233 5650/3777/6237 5842/3979/6448
f 5721/3755/6216 5972/3978/6447 5842/3979/6448 5603/3756/6217
f 5603/3756/6217 5842/3980/6448 5973/3981/6449 5724/3762/6222
f 5842/3980/6448 5650/3777/6237 5733/3780/6239 5973/3981/6449
f 5973/3981/6449 5733/3780/6239 5648/3784/6243 5843/3982/6450
f 5724/3762/6222 5973/3981/6449 5843/3982/6450 5601/3763/6223
f 5604/3654/6115 5844/3713/6174 5974/3983/6451 5728/3768/6228
f 5844/3713/6174 5653/3680/6141 5736/3786/6245 5974/3983/6451
f 5974/3983/6451 5736/3786/6245 5655/3790/6249 5845/3984/6452
f 5728/3768/6228 5974/3983/6451 5845/3984/6452 5606/3769/6229
f 5606/3769/6229 5845/3984/6452 5975/3985/6453 5731/3774/6234
f 5845/3984/6452 5655/3790/6249 5740/3792/6251 5975/3985/6453
f 5975/3985/6453 5740/3792/6251 5654/3796/6255 5846/3986/6454
f 5731/3774/6234 5975/3985/6453 5846/3986/6454 5607/3775/6235
f 5607/3775/6235 5846/3987/6454 5976/3988/6455 5734/3781/6240
f 5846/3987/6454 5654/3796/6255 5743/3799/6257 5976/3988/6455
f 5976/3988/6455 5743/3799/6257 5652/3803/6261 5847/3989/6456
f 5734/3781/6240 5976/3988/6455 5847/3989/6456 5605/3782/6241
f 5608/3678/6139 5848/3725/6186 5977/3990/6457 5738/3787/6246
f 5848/3725/6186 5657/3707/6168 5746/3805/6263 5977/3990/6457
f 5977/3990/6457 5746/3805/6263 5659/3809/6267 5849/3991/6458
f 5738/3787/6246 5977/3990/6457 5849/3991/6458 5610/3788/6247
f 5610/3788/6247 5849/3991/6458 5978/3992/6459 5741/3793/6252
f 5849/3991/6458 5659/3809/6267 5750/3811/6269 5978/3992/6459
f 5978/3992/6459 5750/3811/6269 5658/3815/6273 5850/3993/6460
f 5741/3793/6252 5978/3992/6459 5850/3993/6460 5611/3794/6253
f 5611/3794/6253 5850/3994/6460 5979/3995/6461 5744/3800/6258
f 5850/3994/6460 5658/3815/6273 5753/3817/6275 5979/3995/6461
f 5979/3995/6461 5753/3817/6275 5656/3821/6279 5851/3996/6462
f 5744/3800/6258 5979/3995/6461 5851/3996/6462 5609/3801/6259
f 5612/3705/6166 5852/3734/6195 5980/3997/6463 5748/3806/6264
f 5852/3734/6195 5661/3719/6180 5756/3823/6281 5980/3997/6463
f 5980/3997/6463 5756/3823/6281 5663/3827/6285 5853/3998/6464
f 5748/3806/6264 5980/3997/6463 5853/3998/6464 5614/3807/6265
f 5614/3807/6265 5853/3998/6464 5981/3999/6465 5751/3812/6270
f 5853/3998/6464 5663/3827/6285 5760/3829/6287 5981/3999/6465
f 5981/3999/6465 5760/3829/6287 5662/3833/6291 5854/4000/6466
f 5751/3812/6270 5981/3999/6465 5854/4000/6466 5615/3813/6271
f 5615/3813/6271 5854/4000/6466 5982/4001/6467 5754/3818/6276
f 5854/4000/6466 5662/3833/6291 5763/3836/6293 5982/4001/6467
f 5982/4001/6467 5763/3836/6293 5660/3840/6297 5855/4002/6468
f 5754/3818/6276 5982/4001/6467 5855/4002/6468 5613/3819/6277
f 5616/3611/6072 5856/3610/6071 5983/4003/6469 5758/3824/6282
f 5856/3610/6071 5665/3609/6070 5766/3842/6299 5983/4003/6469
f 5983/4003/6469 5766/3842/6299 5667/3846/6303 5857/4004/6470
f 5758/3824/6282 5983/4003/6469 5857/4004/6470 5618/3825/6283
f 5618/3825/6283 5857/4004/6470 5984/4005/6471 5761/3830/6288
f 5857/4004/6470 5667/3846/6303 5770/3848/6305 5984/4005/6471
f 5984/4005/6471 5770/3848/6305 5666/3852/6309 5858/4006/6472
f 5761/3830/6288 5984/4005/6471 5858/4006/6472 5619/3831/6289
f 5619/3831/6289 5858/4006/6472 5985/4007/6473 5764/3837/6294
f 5858/4006/6472 5666/3852/6309 5773/3854/6311 5985/4007/6473
f 5985/4007/6473 5773/3854/6311 5664/3858/6315 5859/4008/6474
f 5764/3837/6294 5985/4007/6473 5859/4008/6474 5617/3838/6295
f 5620/3638/6099 5860/3637/6098 5986/4009/6475 5768/3843/6300
f 5860/3637/6098 5669/3636/6097 5776/3860/6317 5986/4009/6475
f 5986/4009/6475 5776/3860/6317 5671/3864/6321 5861/4010/6476
f 5768/3843/6300 5986/4009/6475 5861/4010/6476 5622/3844/6301
f 5622/3844/6301 5861/4010/6476 5987/4011/6477 5771/3849/6306
f 5861/4010/6476 5671/3864/6321 5780/3866/6323 5987/4011/6477
f 5987/4011/6477 5780/3866/6323 5670/3870/6327 5862/4012/6478
f 5771/3849/6306 5987/4011/6477 5862/4012/6478 5623/3850/6307
f 5623/3850/6307 5862/4012/6478 5988/4013/6479 5774/3855/6312
f 5862/4012/6478 5670/3870/6327 5783/3872/6329 5988/4013/6479
f 5988/4013/6479 5783/3872/6329 5668/3876/6333 5863/4014/6480
f 5774/3855/6312 5988/4013/6479 5863/4014/6480 5621/3856/6313
f 5624/3662/6123 5864/3661/6122 5989/4015/6481 5778/3861/6318
f 5864/3661/6122 5673/3620/6081 5786/3878/6335 5989/4015/6482
f 5989/4015/6482 5786/3878/6335 5675/3882/6339 5865/4016/6483
f 5778/3861/6318 5989/4015/6481 5865/4016/6484 5626/3862/6319
f 5626/3862/6319 5865/4016/6484 5990/4017/6485 5781/3867/6324
f 5865/4016/6484 5675/3882/6340 5790/3884/6343 5990/4017/6485
f 5990/4017/6485 5790/3884/6343 5674/3888/6347 5866/4018/6486
f 5781/3867/6324 5990/4017/6485 5866/4018/6486 5627/3868/6325
f 5627/3868/6325 5866/4018/6486 5991/4019/6487 5784/3873/6330
f 5866/4018/6486 5674/3888/6347 5793/3890/6349 5991/4019/6487
f 5991/4019/6487 5793/3890/6349 5672/3894/6354 5867/4020/6488
f 5784/3873/6330 5991/4019/6487 5867/4020/6488 5625/3874/6331
f 5628/3618/6079 5868/3683/6144 5992/4021/6489 5788/3879/6336
f 5868/3683/6144 5677/3647/6108 5796/3896/6356 5992/4021/6489
f 5992/4021/6489 5796/3896/6356 5679/3900/6360 5869/4022/6490
f 5788/3879/6336 5992/4021/6489 5869/4022/6490 5630/3880/6337
f 5630/3880/6337 5869/4022/6490 5993/4023/6491 5791/3885/6344
f 5869/4022/6490 5679/3900/6360 5800/3902/6362 5993/4023/6491
f 5993/4023/6491 5800/3902/6362 5678/3906/6366 5870/4024/6492
f 5791/3885/6344 5993/4023/6491 5870/4024/6492 5631/3886/6345
f 5631/3886/6350 5870/4025/6493 5994/4026/6494 5794/3891/6351
f 5870/4025/6493 5678/3906/6367 5803/3908/6370 5994/4026/6494
f 5994/4026/6494 5803/3908/6370 5676/3912/6375 5871/4027/6495
f 5794/3891/6351 5994/4026/6494 5871/4027/6495 5629/3892/6352
f 5632/3645/6106 5872/3710/6171 5995/4028/6496 5798/3897/6357
f 5872/3710/6171 5681/3671/6132 5806/3914/6377 5995/4028/6496
f 5995/4028/6496 5806/3914/6377 5683/3918/6381 5873/4029/6497
f 5798/3897/6357 5995/4028/6496 5873/4029/6497 5634/3898/6358
f 5634/3898/6358 5873/4029/6497 5996/4030/6498 5801/3903/6363
f 5873/4029/6497 5683/3918/6381 5810/3920/6383 5996/4030/6498
f 5996/4030/6498 5810/3920/6383 5682/3924/6387 5874/4031/6499
f 5801/3903/6363 5996/4030/6498 5874/4031/6499 5635/3904/6364
f 5635/3904/6371 5874/4032/6500 5997/4033/6501 5804/3909/6372
f 5874/4032/6500 5682/3924/6388 5813/3926/6391 5997/4033/6501
f 5997/4033/6501 5813/3926/6391 5680/3930/6396 5875/4034/6502
f 5804/3909/6372 5997/4033/6501 5875/4034/6502 5633/3910/6373
f 5636/3669/6130 5876/3722/6183 5998/4035/6503 5808/3915/6378
f 5876/3722/6183 5685/3692/6153 5816/3932/6398 5998/4035/6503
f 5998/4035/6503 5816/3932/6398 5687/3936/6402 5877/4036/6504
f 5808/3915/6378 5998/4035/6503 5877/4036/6504 5638/3916/6379
f 5638/3916/6379 5877/4036/6504 5999/4037/6505 5811/3921/6384
f 5877/4036/6504 5687/3936/6402 5820/3938/6404 5999/4037/6505
f 5999/4037/6505 5820/3938/6404 5686/3942/6408 5878/4038/6506
f 5811/3921/6384 5999/4037/6505 5878/4038/6506 5639/3922/6385
f 5639/3922/6392 5878/4039/6507 6000/4040/6508 5814/3927/6393
f 5878/4039/6507 5686/3942/6409 5823/3945/6412 6000/4040/6508
f 6000/4040/6508 5823/3945/6412 5684/3949/6417 5879/4041/6509
f 5814/3927/6393 6000/4040/6508 5879/4041/6509 5637/3928/6394
f 5640/3690/6151 5880/3731/6192 6001/4042/6510 5818/3933/6399
f 5880/3731/6192 5689/3629/6090 5826/3951/6419 6001/4042/6510
f 6001/4042/6510 5826/3951/6419 5691/3955/6423 5881/4043/6511
f 5818/3933/6399 6001/4042/6510 5881/4043/6511 5642/3934/6400
f 5642/3934/6400 5881/4043/6511 6002/4044/6512 5821/3939/6405
f 5881/4043/6511 5691/3955/6423 5830/3957/6426 6002/4044/6512
f 6002/4044/6512 5830/3957/6426 5690/3961/6431 5882/4045/6513
f 5821/3939/6405 6002/4044/6512 5882/4045/6513 5643/3940/6406
f 5643/3940/6413 5882/4045/6514 6003/4046/6515 5824/3946/6414
f 5882/4045/6514 5690/3961/6431 5833/3964/6433 6003/4046/6515
f 6003/4046/6515 5833/3964/6433 5688/3968/6437 5883/4047/6516
f 5824/3946/6414 6003/4046/6515 5883/4047/6516 5641/3947/6415
f 5867/4020/6488 5672/3894/6354 6023/3894/6517 6047/4020/6518
f 5847/3989/6456 5652/3803/6261 6018/3803/6519 6042/3989/6520
f 5597/3966/6435 5839/3975/6444 6040/3975/6521 6004/3966/6522
f 5644/3765/6225 5725/3764/6224 6028/3764/6523 6016/3765/6524
f 5617/3838/6295 5859/4008/6474 6045/4008/6525 6009/3838/6526
f 5652/3803/6261 5745/3802/6260 6030/3802/6527 6018/3803/6519
f 5660/3840/6297 5765/3839/6296 6032/3839/6528 6020/3840/6529
f 5668/3876/6333 5785/3875/6332 6034/3875/6530 6022/3876/6531
f 5676/3912/6375 5805/3911/6374 6036/3911/6532 6024/3912/6533
f 5839/3975/6444 5644/3765/6225 6016/3765/6524 6040/3975/6521
f 5725/3764/6224 5601/3763/6223 6005/3763/6534 6028/3764/6523
f 5684/3949/6417 5825/3948/6416 6038/3948/6535 6026/3949/6536
f 5859/4008/6474 5664/3858/6315 6021/3858/6537 6045/4008/6525
f 5745/3802/6260 5609/3801/6259 6007/3801/6538 6030/3802/6527
f 5765/3839/6296 5617/3838/6295 6009/3838/6526 6032/3839/6528
f 5785/3875/6332 5625/3874/6331 6011/3874/6539 6034/3875/6530
f 5805/3911/6374 5633/3910/6373 6013/3910/6540 6036/3911/6532
f 5825/3948/6416 5641/3947/6415 6015/3947/6541 6038/3948/6535
f 5641/3947/6415 5883/4047/6516 6051/4047/6542 6015/3947/6541
f 5609/3801/6259 5851/3996/6462 6043/3996/6543 6007/3801/6538
f 5629/3892/6352 5871/4027/6495 6048/4027/6544 6012/3892/6545
f 5883/4047/6516 5688/3968/6437 6027/3968/6546 6051/4047/6542
f 5851/3996/6462 5656/3821/6279 6019/3821/6547 6043/3996/6543
f 5871/4027/6495 5676/3912/6375 6024/3912/6533 6048/4027/6544
f 5879/4041/6509 5684/3949/6417 6026/3949/6536 6050/4041/6548
f 5625/3874/6331 5867/4020/6488 6047/4020/6518 6011/3874/6539
f 5605/3782/6241 5847/3989/6456 6042/3989/6520 6006/3782/6549
f 5637/3928/6394 5879/4041/6509 6050/4041/6548 6014/3928/6550
f 5875/4034/6502 5680/3930/6396 6025/3930/6551 6049/4034/6552
f 5855/4002/6468 5660/3840/6297 6020/3840/6529 6044/4002/6553
f 5835/3967/6436 5597/3966/6435 6004/3966/6522 6039/3967/6554
f 5815/3929/6395 5637/3928/6394 6014/3928/6550 6037/3929/6555
f 5795/3893/6353 5629/3892/6352 6012/3892/6545 6035/3893/6556
f 5633/3910/6373 5875/4034/6502 6049/4034/6552 6013/3910/6540
f 5775/3857/6314 5621/3856/6313 6010/3856/6557 6033/3857/6558
f 5613/3819/6277 5855/4002/6468 6044/4002/6553 6008/3819/6559
f 5755/3820/6278 5613/3819/6277 6008/3819/6559 6031/3820/6560
f 5688/3968/6437 5835/3967/6436 6039/3967/6554 6027/3968/6546
f 5735/3783/6242 5605/3782/6241 6006/3782/6549 6029/3783/6561
f 5680/3930/6396 5815/3929/6395 6037/3929/6555 6025/3930/6551
f 5672/3894/6354 5795/3893/6353 6035/3893/6556 6023/3894/6517
f 5664/3858/6315 5775/3857/6314 6033/3857/6558 6021/3858/6537
f 5656/3821/6279 5755/3820/6278 6031/3820/6560 6019/3821/6547
f 5648/3784/6243 5735/3783/6242 6029/3783/6561 6017/3784/6562
f 5863/4014/6480 5668/3876/6333 6022/3876/6531 6046/4014/6563
f 5843/3982/6450 5648/3784/6243 6017/3784/6562 6041/3982/6564
f 5621/3856/6313 5863/4014/6480 6046/4014/6563 6010/3856/6557
f 5601/3763/6223 5843/3982/6450 6041/3982/6564 6005/3763/6534
f 6036/3911/6532 6013/3910/6540 6052/3911/6565
f 6045/4008/6525 6021/3858/6537 6052/4008/6565
f 6029/3783/6561 6006/3782/6549 6052/3783/6565
f 6023/3894/6517 6035/3893/6556 6052/3894/6565
f 6009/3838/6526 6045/4008/6525 6052/3838/6565
f 6016/3765/6524 6028/3764/6523 6052/3765/6565
f 6035/3893/6556 6012/3892/6545 6052/3893/6565
f 6046/4014/6563 6022/3876/6531 6052/4014/6565
f 6028/3764/6523 6005/3763/6534 6052/3764/6565
f 6022/3876/6531 6034/3875/6530 6052/3876/6565
f 6010/3856/6557 6046/4014/6563 6052/3856/6565
f 6040/3975/6521 6016/3765/6524 6052/3975/6565
f 6034/3875/6530 6011/3874/6539 6052/3875/6565
f 6047/4020/6518 6023/3894/6517 6052/4020/6565
f 6004/3966/6522 6040/3975/6521 6052/3966/6565
f 6021/3858/6537 6033/3857/6558 6052/3858/6565
f 6011/3874/6539 6047/4020/6518 6052/3874/6565
f 6041/3982/6564 6017/3784/6562 6052/3982/6565
f 6033/3857/6558 6010/3856/6557 6052/3857/6565
f 6048/4027/6544 6024/3912/6533 6052/4027/6565
f 6027/3968/6546 6039/3967/6554 6052/3968/6565
f 6005/3763/6534 6041/3982/6564 6052/3763/6565
f 6020/3840/6529 6032/3839/6528 6052/3840/6565
f 6012/3892/6545 6048/4027/6544 6052/3892/6565
f 6039/3967/6554 6004/3966/6522 6052/3967/6565
f 6042/3989/6520 6018/3803/6519 6052/3989/6565
f 6032/3839/6528 6009/3838/6526 6052/3839/6565
f 6049/4034/6552 6025/3930/6551 6052/4034/6565
f 6026/3949/6536 6038/3948/6535 6052/3949/6565
f 6006/3782/6549 6042/3989/6520 6052/3782/6565
f 6019/3821/6547 6031/3820/6560 6052/3821/6565
f 6013/3910/6540 6049/4034/6552 6052/3910/6565
f 6038/3948/6535 6015/3947/6541 6052/3948/6565
f 6043/3996/6543 6019/3821/6547 6052/3996/6565
f 6031/3820/6560 6008/3819/6559 6052/3820/6565
f 6050/4041/6548 6026/3949/6536 6052/4041/6565
f 6025/3930/6551 6037/3929/6555 6052/3930/6565
f 6007/3801/6538 6043/3996/6543 6052/3801/6565
f 6018/3803/6519 6030/3802/6527 6052/3803/6565
f 6014/3928/6550 6050/4041/6548 6052/3928/6565
f 6037/3929/6555 6014/3928/6550 6052/3929/6565
f 6044/4002/6553 6020/3840/6529 6052/4002/6565
f 6030/3802/6527 6007/3801/6538 6052/3802/6565
f 6051/4047/6542 6027/3968/6546 6052/4047/6565
f 6024/3912/6533 6036/3911/6532 6052/3912/6565
f 6008/3819/6559 6044/4002/6553 6052/3819/6565
f 6017/3784/6562 6029/3783/6561 6052/3784/6565
f 6015/3947/6541 6051/4047/6542 6052/3947/6565
f 6058/3603/6566 6376/3606/6567 6389/3605/6568 6190/3604/6569
f 6190/3604/6569 6389/3605/6568 6377/3608/6570 6070/3607/6571
f 6389/3605/6568 6337/3610/6572 6146/3609/6573 6377/3608/6570
f 6376/3606/6567 6097/3611/6574 6337/3610/6572 6389/3605/6568
f 6072/3612/6575 6381/3615/6576 6390/3614/6577 6180/3613/6578
f 6180/3613/6578 6390/3614/6577 6382/3617/6579 6061/3616/6580
f 6390/3614/6577 6268/3619/6581 6109/3618/6582 6382/3617/6579
f 6381/3615/6576 6154/3620/6583 6268/3619/6581 6390/3614/6577
f 6076/3621/6584 6367/3624/6585 6391/3623/6586 6184/3622/6587
f 6184/3622/6587 6391/3623/6586 6365/3626/6588 6053/3625/6589
f 6391/3623/6586 6308/3628/6590 6077/3627/6591 6365/3626/6588
f 6367/3624/6585 6170/3629/6592 6308/3628/6590 6391/3623/6586
f 6059/3630/6593 6378/3633/6594 6392/3632/6595 6191/3631/6596
f 6191/3631/6596 6392/3632/6595 6379/3635/6597 6071/3634/6598
f 6392/3632/6595 6341/3637/6599 6150/3636/6600 6379/3635/6597
f 6378/3633/6594 6101/3638/6601 6341/3637/6599 6392/3632/6595
f 6073/3639/6602 6383/3642/6603 6393/3641/6604 6181/3640/6605
f 6181/3640/6605 6393/3641/6604 6384/3644/6606 6062/3643/6607
f 6393/3641/6604 6278/3646/6608 6113/3645/6609 6384/3644/6606
f 6383/3642/6603 6158/3647/6610 6278/3646/6608 6393/3641/6604
f 6066/3648/6611 6369/3651/6612 6394/3650/6613 6174/3649/6614
f 6174/3649/6614 6394/3650/6613 6370/3653/6615 6055/3652/6616
f 6394/3650/6613 6208/3655/6617 6085/3654/6618 6370/3653/6615
f 6369/3651/6612 6130/3656/6619 6208/3655/6617 6394/3650/6613
f 6060/3657/6620 6380/3660/6621 6395/3659/6622 6192/3658/6623
f 6192/3658/6623 6395/3659/6622 6381/3615/6576 6072/3612/6575
f 6395/3659/6622 6345/3661/6624 6154/3620/6583 6381/3615/6576
f 6380/3660/6621 6105/3662/6625 6345/3661/6624 6395/3659/6622
f 6074/3663/6626 6385/3666/6627 6396/3665/6628 6182/3664/6629
f 6182/3664/6629 6396/3665/6628 6386/3668/6630 6063/3667/6631
f 6396/3665/6628 6288/3670/6632 6117/3669/6633 6386/3668/6630
f 6385/3666/6627 6162/3671/6634 6288/3670/6632 6396/3665/6628
f 6067/3672/6635 6371/3675/6636 6397/3674/6637 6175/3673/6638
f 6175/3673/6638 6397/3674/6637 6372/3677/6639 6056/3676/6640
f 6397/3674/6637 6218/3679/6641 6089/3678/6642 6372/3677/6639
f 6371/3675/6636 6134/3680/6643 6218/3679/6641 6397/3674/6637
f 6061/3616/6580 6382/3617/6579 6398/3682/6644 6193/3681/6645
f 6193/3681/6645 6398/3682/6644 6383/3642/6603 6073/3639/6602
f 6398/3682/6644 6349/3683/6646 6158/3647/6610 6383/3642/6603
f 6382/3617/6579 6109/3618/6582 6349/3683/6646 6398/3682/6644
f 6075/3684/6647 6387/3687/6648 6399/3686/6649 6183/3685/6650
f 6183/3685/6650 6399/3686/6649 6388/3689/6651 6064/3688/6652
f 6399/3686/6649 6298/3691/6653 6121/3690/6654 6388/3689/6651
f 6387/3687/6648 6166/3692/6655 6298/3691/6653 6399/3686/6649
f 6054/3693/6656 6368/3696/6657 6400/3695/6658 6186/3694/6659
f 6186/3694/6659 6400/3695/6658 6369/3651/6612 6066/3648/6611
f 6400/3695/6658 6321/3697/6660 6130/3656/6619 6369/3651/6612
f 6368/3696/6657 6081/3698/6661 6321/3697/6660 6400/3695/6658
f 6068/3699/6662 6373/3702/6663 6401/3701/6664 6176/3700/6665
f 6176/3700/6665 6401/3701/6664 6374/3704/6666 6057/3703/6667
f 6401/3701/6664 6228/3706/6668 6093/3705/6669 6374/3704/6666
f 6373/3702/6663 6138/3707/6670 6228/3706/6668 6401/3701/6664
f 6062/3643/6607 6384/3644/6606 6402/3709/6671 6194/3708/6672
f 6194/3708/6672 6402/3709/6671 6385/3666/6627 6074/3663/6626
f 6402/3709/6671 6353/3710/6673 6162/3671/6634 6385/3666/6627
f 6384/3644/6606 6113/3645/6609 6353/3710/6673 6402/3709/6671
f 6055/3652/6616 6370/3653/6615 6403/3712/6674 6187/3711/6675
f 6187/3711/6675 6403/3712/6674 6371/3675/6636 6067/3672/6635
f 6403/3712/6674 6325/3713/6676 6134/3680/6643 6371/3675/6636
f 6370/3653/6615 6085/3654/6618 6325/3713/6676 6403/3712/6674
f 6069/3714/6677 6375/3717/6678 6404/3716/6679 6177/3715/6680
f 6177/3715/6680 6404/3716/6679 6376/3606/6567 6058/3603/6566
f 6404/3716/6679 6238/3718/6681 6097/3611/6574 6376/3606/6567
f 6375/3717/6678 6142/3719/6682 6238/3718/6681 6404/3716/6679
f 6063/3667/6631 6386/3668/6630 6405/3721/6683 6195/3720/6684
f 6195/3720/6684 6405/3721/6683 6387/3687/6648 6075/3684/6647
f 6405/3721/6683 6357/3722/6685 6166/3692/6655 6387/3687/6648
f 6386/3668/6630 6117/3669/6633 6357/3722/6685 6405/3721/6683
f 6056/3676/6640 6372/3677/6639 6406/3724/6686 6188/3723/6687
f 6188/3723/6687 6406/3724/6686 6373/3702/6663 6068/3699/6662
f 6406/3724/6686 6329/3725/6688 6138/3707/6670 6373/3702/6663
f 6372/3677/6639 6089/3678/6642 6329/3725/6688 6406/3724/6686
f 6070/3607/6571 6377/3608/6570 6407/3727/6689 6178/3726/6690
f 6178/3726/6690 6407/3727/6689 6378/3633/6594 6059/3630/6593
f 6407/3727/6689 6248/3728/6691 6101/3638/6601 6378/3633/6594
f 6377/3608/6570 6146/3609/6573 6248/3728/6691 6407/3727/6689
f 6064/3688/6652 6388/3689/6651 6408/3730/6692 6196/3729/6693
f 6196/3729/6693 6408/3730/6692 6367/3624/6585 6076/3621/6584
f 6408/3730/6692 6361/3731/6694 6170/3629/6592 6367/3624/6585
f 6388/3689/6651 6121/3690/6654 6361/3731/6694 6408/3730/6692
f 6057/3703/6667 6374/3704/6666 6409/3733/6695 6189/3732/6696
f 6189/3732/6696 6409/3733/6695 6375/3717/6678 6069/3714/6677
f 6409/3733/6695 6333/3734/6697 6142/3719/6682 6375/3717/6678
f 6374/3704/6666 6093/3705/6669 6333/3734/6697 6409/3733/6695
f 6071/3634/6598 6379/3635/6597 6410/3736/6698 6179/3735/6699
f 6179/3735/6699 6410/3736/6698 6380/3660/6621 6060/3657/6620
f 6410/3736/6698 6258/3737/6700 6105/3662/6625 6380/3660/6621
f 6379/3635/6597 6150/3636/6600 6258/3737/6700 6410/3736/6698
f 6065/3738/6701 6366/3741/6702 6411/3740/6703 6173/3739/6704
f 6173/3739/6704 6411/3740/6703 6368/3696/6657 6054/3693/6656
f 6411/3740/6703 6198/3742/6705 6081/3698/6661 6368/3696/6657
f 6366/3741/6702 6126/3743/6706 6198/3742/6705 6411/3740/6703
f 6053/3625/6589 6365/3626/6588 6412/3745/6707 6185/3744/6708
f 6185/3744/6708 6412/3745/6707 6366/3741/6702 6065/3738/6701
f 6412/3745/6707 6317/3746/6709 6126/3743/6706 6366/3741/6702
f 6365/3626/6588 6077/3627/6591 6317/3746/6709 6412/3745/6707
f 6126/3743/6706 6197/3748/6710 6413/3747/6711 6198/3742/6705
f 6198/3742/6705 6413/3747/6711 6199/3749/6712 6081/3698/6661
f 6413/3747/6711 6200/3751/6713 6083/3750/6714 6199/3749/6712
f 6197/3748/6710 6128/3752/6715 6200/3751/6713 6413/3747/6711
f 6128/3752/6715 6201/3754/6716 6414/3753/6717 6200/3751/6713
f 6200/3751/6713 6414/3753/6717 6202/3755/6718 6083/3750/6714
f 6414/3753/6717 6203/3757/6719 6084/3756/6720 6202/3755/6718
f 6201/3754/6716 6127/3758/6721 6203/3757/6719 6414/3753/6717
f 6127/3758/6721 6204/3761/6722 6415/3760/6723 6203/3759/6719
f 6203/3759/6719 6415/3760/6723 6205/3762/6724 6084/3756/6720
f 6415/3760/6723 6206/3764/6725 6082/3763/6726 6205/3762/6724
f 6204/3761/6722 6125/3765/6727 6206/3764/6725 6415/3760/6723
f 6130/3656/6619 6207/3767/6728 6416/3766/6729 6208/3655/6617
f 6208/3655/6617 6416/3766/6729 6209/3768/6730 6085/3654/6618
f 6416/3766/6729 6210/3770/6731 6087/3769/6732 6209/3768/6730
f 6207/3767/6728 6132/3771/6733 6210/3770/6731 6416/3766/6729
f 6132/3771/6733 6211/3773/6734 6417/3772/6735 6210/3770/6731
f 6210/3770/6731 6417/3772/6735 6212/3774/6736 6087/3769/6732
f 6417/3772/6735 6213/3776/6737 6088/3775/6738 6212/3774/6736
f 6211/3773/6734 6131/3777/6739 6213/3776/6737 6417/3772/6735
f 6131/3777/6739 6214/3780/6740 6418/3779/6741 6213/3778/6737
f 6213/3778/6737 6418/3779/6741 6215/3781/6742 6088/3775/6738
f 6418/3779/6741 6216/3783/6743 6086/3782/6744 6215/3781/6742
f 6214/3780/6740 6129/3784/6745 6216/3783/6743 6418/3779/6741
f 6134/3680/6643 6217/3786/6746 6419/3785/6747 6218/3679/6641
f 6218/3679/6641 6419/3785/6747 6219/3787/6748 6089/3678/6642
f 6419/3785/6747 6220/3789/6749 6091/3788/6750 6219/3787/6748
f 6217/3786/6746 6136/3790/6751 6220/3789/6749 6419/3785/6747
f 6136/3790/6751 6221/3792/6752 6420/3791/6753 6220/3789/6749
f 6220/3789/6749 6420/3791/6753 6222/3793/6754 6091/3788/6750
f 6420/3791/6753 6223/3795/6755 6092/3794/6756 6222/3793/6754
f 6221/3792/6752 6135/3796/6757 6223/3795/6755 6420/3791/6753
f 6135/3796/6757 6224/3799/6758 6421/3798/6759 6223/3797/6755
f 6223/3797/6755 6421/3798/6759 6225/3800/6760 6092/3794/6756
f 6421/3798/6759 6226/3802/6761 6090/3801/6762 6225/3800/6760
f 6224/3799/6758 6133/3803/6763 6226/3802/6761 6421/3798/6759
f 6138/3707/6670 6227/3805/6764 6422/3804/6765 6228/3706/6668
f 6228/3706/6668 6422/3804/6765 6229/3806/6766 6093/3705/6669
f 6422/3804/6765 6230/3808/6767 6095/3807/6768 6229/3806/6766
f 6227/3805/6764 6140/3809/6769 6230/3808/6767 6422/3804/6765
f 6140/3809/6769 6231/3811/6770 6423/3810/6771 6230/3808/6767
f 6230/3808/6767 6423/3810/6771 6232/3812/6772 6095/3807/6768
f 6423/3810/6771 6233/3814/6773 6096/3813/6774 6232/3812/6772
f 6231/3811/6770 6139/3815/6775 6233/3814/6773 6423/3810/6771
f 6139/3815/6775 6234/3817/6776 6424/3816/6777 6233/3814/6773
f 6233/3814/6773 6424/3816/6777 6235/3818/6778 6096/3813/6774
f 6424/3816/6777 6236/3820/6779 6094/3819/6780 6235/3818/6778
f 6234/3817/6776 6137/3821/6781 6236/3820/6779 6424/3816/6777
f 6142/3719/6682 6237/3823/6782 6425/3822/6783 6238/3718/6681
f 6238/3718/6681 6425/3822/6783 6239/3824/6784 6097/3611/6574
f 6425/3822/6783 6240/3826/6785 6099/3825/6786 6239/3824/6784
f 6237/3823/6782 6144/3827/6787 6240/3826/6785 6425/3822/6783
f 6144/3827/6787 6241/3829/6788 6426/3828/6789 6240/3826/6785
f 6240/3826/6785 6426/3828/6789 6242/3830/6790 6099/3825/6786
f 6426/3828/6789 6243/3832/6791 6100/3831/6792 6242/3830/6790
f 6241/3829/6788 6143/3833/6793 6243/3832/6791 6426/3828/6789
f 6143/3833/6793 6244/3836/6794 6427/3835/6795 6243/3834/6791
f 6243/3834/6791 6427/3835/6795 6245/3837/6796 6100/3831/6792
f 6427/3835/6795 6246/3839/6797 6098/3838/6798 6245/3837/6796
f 6244/3836/6794 6141/3840/6799 6246/3839/6797 6427/3835/6795
f 6146/3609/6573 6247/3842/6800 6428/3841/6801 6248/3728/6691
f 6248/3728/6691 6428/3841/6801 6249/3843/6802 6101/3638/6601
f 6428/3841/6801 6250/3845/6803 6103/3844/6804 6249/3843/6802
f 6247/3842/6800 6148/3846/6805 6250/3845/6803 6428/3841/6801
f 6148/3846/6805 6251/3848/6806 6429/3847/6807 6250/3845/6803
f 6250/3845/6803 6429/3847/6807 6252/3849/6808 6103/3844/6804
f 6429/3847/6807 6253/3851/6809 6104/3850/6810 6252/3849/6808
f 6251/3848/6806 6147/3852/6811 6253/3851/6809 6429/3847/6807
f 6147/3852/6811 6254/3854/6812 6430/3853/6813 6253/3851/6809
f 6253/3851/6809 6430/3853/6813 6255/3855/6814 6104/3850/6810
f 6430/3853/6813 6256/3857/6815 6102/3856/6816 6255/3855/6814
f 6254/3854/6812 6145/3858/6817 6256/3857/6815 6430/3853/6813
f 6150/3636/6600 6257/3860/6818 6431/3859/6819 6258/3737/6700
f 6258/3737/6700 6431/3859/6819 6259/3861/6820 6105/3662/6625
f 6431/3859/6819 6260/3863/6821 6107/3862/6822 6259/3861/6820
f 6257/3860/6818 6152/3864/6823 6260/3863/6821 6431/3859/6819
f 6152/3864/6823 6261/3866/6824 6432/3865/6825 6260/3863/6821
f 6260/3863/6821 6432/3865/6825 6262/3867/6826 6107/3862/6822
f 6432/3865/6825 6263/3869/6827 6108/3868/6828 6262/3867/6826
f 6261/3866/6824 6151/3870/6829 6263/3869/6827 6432/3865/6825
f 6151/3870/6829 6264/3872/6830 6433/3871/6831 6263/3869/6827
f 6263/3869/6827 6433/3871/6831 6265/3873/6832 6108/3868/6828
f 6433/3871/6831 6266/3875/6833 6106/3874/6834 6265/3873/6832
f 6264/3872/6830 6149/3876/6835 6266/3875/6833 6433/3871/6831
f 6154/3620/6583 6267/3878/6836 6434/3877/6837 6268/3619/6581
f 6268/3619/6581 6434/3877/6837 6269/3879/6838 6109/3618/6582
f 6434/3877/6837 6270/3881/6839 6111/3880/6840 6269/3879/6838
f 6267/3878/6836 6156/3882/6841 6270/3881/6839 6434/3877/6837
f 6156/3882/6842 6271/3884/6843 6435/3883/6844 6270/3881/6845
f 6270/3881/6845 6435/3883/6844 6272/3885/6846 6111/3880/6840
f 6435/3883/6844 6273/3887/6847 6112/3886/6848 6272/3885/6846
f 6271/3884/6843 6155/3888/6849 6273/3887/6847 6435/3883/6844
f 6155/3888/6849 6274/3890/6850 6436/3889/6851 6273/3887/6847
f 6273/3887/6847 6436/3889/6851 6275/3891/6852 6112/3886/6853
f 6436/3889/6851 6276/3893/6854 6110/3892/6855 6275/3891/6852
f 6274/3890/6850 6153/3894/6856 6276/3893/6854 6436/3889/6851
f 6158/3647/6610 6277/3896/6857 6437/3895/6858 6278/3646/6608
f 6278/3646/6608 6437/3895/6858 6279/3897/6859 6113/3645/6609
f 6437/3895/6858 6280/3899/6860 6115/3898/6861 6279/3897/6859
f 6277/3896/6857 6160/3900/6862 6280/3899/6860 6437/3895/6858
f 6160/3900/6862 6281/3902/6863 6438/3901/6864 6280/3899/6860
f 6280/3899/6860 6438/3901/6864 6282/3903/6865 6115/3898/6861
f 6438/3901/6864 6283/3905/6866 6116/3904/6867 6282/3903/6865
f 6281/3902/6863 6159/3906/6868 6283/3905/6866 6438/3901/6864
f 6159/3906/6869 6284/3908/6870 6439/3907/6871 6283/3905/6872
f 6283/3905/6872 6439/3907/6871 6285/3909/6873 6116/3904/6874
f 6439/3907/6871 6286/3911/6875 6114/3910/6876 6285/3909/6873
f 6284/3908/6870 6157/3912/6877 6286/3911/6875 6439/3907/6871
f 6162/3671/6634 6287/3914/6878 6440/3913/6879 6288/3670/6632
f 6288/3670/6632 6440/3913/6879 6289/3915/6880 6117/3669/6633
f 6440/3913/6879 6290/3917/6881 6119/3916/6882 6289/3915/6880
f 6287/3914/6878 6164/3918/6883 6290/3917/6881 6440/3913/6879
f 6164/3918/6883 6291/3920/6884 6441/3919/6885 6290/3917/6881
f 6290/3917/6881 6441/3919/6885 6292/3921/6886 6119/3916/6882
f 6441/3919/6885 6293/3923/6887 6120/3922/6888 6292/3921/6886
f 6291/3920/6884 6163/3924/6889 6293/3923/6887 6441/3919/6885
f 6163/3924/6890 6294/3926/6891 6442/3925/6892 6293/3923/6893
f 6293/3923/6893 6442/3925/6892 6295/3927/6894 6120/3922/6895
f 6442/3925/6892 6296/3929/6896 6118/3928/6897 6295/3927/6894
f 6294/3926/6891 6161/3930/6898 6296/3929/6896 6442/3925/6892
f 6166/3692/6655 6297/3932/6899 6443/3931/6900 6298/3691/6653
f 6298/3691/6653 6443/3931/6900 6299/3933/6901 6121/3690/6654
f 6443/3931/6900 6300/3935/6902 6123/3934/6903 6299/3933/6901
f 6297/3932/6899 6168/3936/6904 6300/3935/6902 6443/3931/6900
f 6168/3936/6904 6301/3938/6905 6444/3937/6906 6300/3935/6902
f 6300/3935/6902 6444/3937/6906 6302/3939/6907 6123/3934/6903
f 6444/3937/6906 6303/3941/6908 6124/3940/6909 6302/3939/6907
f 6301/3938/6905 6167/3942/6910 6303/3941/6908 6444/3937/6906
f 6167/3942/6911 6304/3945/6912 6445/3944/6913 6303/3943/6914
f 6303/3943/6914 6445/3944/6913 6305/3946/6915 6124/3940/6916
f 6445/3944/6913 6306/3948/6917 6122/3947/6918 6305/3946/6915
f 6304/3945/6912 6165/3949/6919 6306/3948/6917 6445/3944/6913
f 6170/3629/6592 6307/3951/6920 6446/3950/6921 6308/3628/6590
f 6308/3628/6590 6446/3950/6921 6309/3952/6922 6077/3627/6591
f 6446/3950/6921 6310/3954/6923 6079/3953/6924 6309/3952/6922
f 6307/3951/6920 6172/3955/6925 6310/3954/6923 6446/3950/6921
f 6172/3955/6925 6311/3957/6926 6447/3956/6927 6310/3954/6928
f 6310/3954/6928 6447/3956/6927 6312/3958/6929 6079/3953/6930
f 6447/3956/6927 6313/3960/6931 6080/3959/6932 6312/3958/6929
f 6311/3957/6926 6171/3961/6933 6313/3960/6931 6447/3956/6927
f 6171/3961/6933 6314/3964/6934 6448/3963/6935 6313/3962/6931
f 6313/3962/6931 6448/3963/6935 6315/3965/6936 6080/3959/6932
f 6448/3963/6935 6316/3967/6937 6078/3966/6938 6315/3965/6936
f 6314/3964/6934 6169/3968/6939 6316/3967/6937 6448/3963/6935
f 6077/3627/6591 6309/3952/6940 6449/3969/6941 6317/3746/6709
f 6317/3746/6709 6449/3969/6941 6197/3748/6710 6126/3743/6706
f 6449/3969/6941 6318/3970/6942 6128/3752/6715 6197/3748/6710
f 6309/3952/6940 6079/3953/6930 6318/3970/6942 6449/3969/6941
f 6079/3953/6930 6312/3958/6929 6450/3971/6943 6318/3970/6942
f 6318/3970/6942 6450/3971/6943 6201/3754/6716 6128/3752/6715
f 6450/3971/6943 6319/3972/6944 6127/3758/6721 6201/3754/6716
f 6312/3958/6929 6080/3959/6932 6319/3972/6944 6450/3971/6943
f 6080/3959/6932 6315/3965/6936 6451/3974/6945 6319/3973/6944
f 6319/3973/6944 6451/3974/6945 6204/3761/6722 6127/3758/6721
f 6451/3974/6945 6320/3975/6946 6125/3765/6727 6204/3761/6722
f 6315/3965/6936 6078/3966/6938 6320/3975/6946 6451/3974/6945
f 6081/3698/6661 6199/3749/6712 6452/3976/6947 6321/3697/6660
f 6321/3697/6660 6452/3976/6947 6207/3767/6728 6130/3656/6619
f 6452/3976/6947 6322/3977/6948 6132/3771/6733 6207/3767/6728
f 6199/3749/6712 6083/3750/6714 6322/3977/6948 6452/3976/6947
f 6083/3750/6714 6202/3755/6718 6453/3978/6949 6322/3977/6948
f 6322/3977/6948 6453/3978/6949 6211/3773/6734 6132/3771/6733
f 6453/3978/6949 6323/3979/6950 6131/3777/6739 6211/3773/6734
f 6202/3755/6718 6084/3756/6720 6323/3979/6950 6453/3978/6949
f 6084/3756/6720 6205/3762/6724 6454/3981/6951 6323/3980/6950
f 6323/3980/6950 6454/3981/6951 6214/3780/6740 6131/3777/6739
f 6454/3981/6951 6324/3982/6952 6129/3784/6745 6214/3780/6740
f 6205/3762/6724 6082/3763/6726 6324/3982/6952 6454/3981/6951
f 6085/3654/6618 6209/3768/6730 6455/3983/6953 6325/3713/6676
f 6325/3713/6676 6455/3983/6953 6217/3786/6746 6134/3680/6643
f 6455/3983/6953 6326/3984/6954 6136/3790/6751 6217/3786/6746
f 6209/3768/6730 6087/3769/6732 6326/3984/6954 6455/3983/6953
f 6087/3769/6732 6212/3774/6736 6456/3985/6955 6326/3984/6954
f 6326/3984/6954 6456/3985/6955 6221/3792/6752 6136/3790/6751
f 6456/3985/6955 6327/3986/6956 6135/3796/6757 6221/3792/6752
f 6212/3774/6736 6088/3775/6738 6327/3986/6956 6456/3985/6955
f 6088/3775/6738 6215/3781/6742 6457/3988/6957 6327/3987/6956
f 6327/3987/6956 6457/3988/6957 6224/3799/6758 6135/3796/6757
f 6457/3988/6957 6328/3989/6958 6133/3803/6763 6224/3799/6758
f 6215/3781/6742 6086/3782/6744 6328/3989/6958 6457/3988/6957
f 6089/3678/6642 6219/3787/6748 6458/3990/6959 6329/3725/6688
f 6329/3725/6688 6458/3990/6959 6227/3805/6764 6138/3707/6670
f 6458/3990/6959 6330/3991/6960 6140/3809/6769 6227/3805/6764
f 6219/3787/6748 6091/3788/6750 6330/3991/6960 6458/3990/6959
f 6091/3788/6750 6222/3793/6754 6459/3992/6961 6330/3991/6960
f 6330/3991/6960 6459/3992/6961 6231/3811/6770 6140/3809/6769
f 6459/3992/6961 6331/3993/6962 6139/3815/6775 6231/3811/6770
f 6222/3793/6754 6092/3794/6756 6331/3993/6962 6459/3992/6961
f 6092/3794/6756 6225/3800/6760 6460/3995/6963 6331/3994/6962
f 6331/3994/6962 6460/3995/6963 6234/3817/6776 6139/3815/6775
f 6460/3995/6963 6332/3996/6964 6137/3821/6781 6234/3817/6776
f 6225/3800/6760 6090/3801/6762 6332/3996/6964 6460/3995/6963
f 6093/3705/6669 6229/3806/6766 6461/3997/6965 6333/3734/6697
f 6333/3734/6697 6461/3997/6965 6237/3823/6782 6142/3719/6682
f 6461/3997/6965 6334/3998/6966 6144/3827/6787 6237/3823/6782
f 6229/3806/6766 6095/3807/6768 6334/3998/6966 6461/3997/6965
f 6095/3807/6768 6232/3812/6772 6462/3999/6967 6334/3998/6966
f 6334/3998/6966 6462/3999/6967 6241/3829/6788 6144/3827/6787
f 6462/3999/6967 6335/4000/6968 6143/3833/6793 6241/3829/6788
f 6232/3812/6772 6096/3813/6774 6335/4000/6968 6462/3999/6967
f 6096/3813/6774 6235/3818/6778 6463/4001/6969 6335/4000/6968
f 6335/4000/6968 6463/4001/6969 6244/3836/6794 6143/3833/6793
f 6463/4001/6969 6336/4002/6970 6141/3840/6799 6244/3836/6794
f 6235/3818/6778 6094/3819/6780 6336/4002/6970 6463/4001/6969
f 6097/3611/6574 6239/3824/6784 6464/4003/6971 6337/3610/6572
f 6337/3610/6572 6464/4003/6971 6247/3842/6800 6146/3609/6573
f 6464/4003/6971 6338/4004/6972 6148/3846/6805 6247/3842/6800
f 6239/3824/6784 6099/3825/6786 6338/4004/6972 6464/4003/6971
f 6099/3825/6786 6242/3830/6790 6465/4005/6973 6338/4004/6972
f 6338/4004/6972 6465/4005/6973 6251/3848/6806 6148/3846/6805
f 6465/4005/6973 6339/4006/6974 6147/3852/6811 6251/3848/6806
f 6242/3830/6790 6100/3831/6792 6339/4006/6974 6465/4005/6973
f 6100/3831/6792 6245/3837/6796 6466/4007/6975 6339/4006/6974
f 6339/4006/6974 6466/4007/6975 6254/3854/6812 6147/3852/6811
f 6466/4007/6975 6340/4008/6976 6145/3858/6817 6254/3854/6812
f 6245/3837/6796 6098/3838/6798 6340/4008/6976 6466/4007/6975
f 6101/3638/6601 6249/3843/6802 6467/4009/6977 6341/3637/6599
f 6341/3637/6599 6467/4009/6977 6257/3860/6818 6150/3636/6600
f 6467/4009/6977 6342/4010/6978 6152/3864/6823 6257/3860/6818
f 6249/3843/6802 6103/3844/6804 6342/4010/6978 6467/4009/6977
f 6103/3844/6804 6252/3849/6808 6468/4011/6979 6342/4010/6978
f 6342/4010/6978 6468/4011/6979 6261/3866/6824 6152/3864/6823
f 6468/4011/6979 6343/4012/6980 6151/3870/6829 6261/3866/6824
f 6252/3849/6808 6104/3850/6810 6343/4012/6980 6468/4011/6979
f 6104/3850/6810 6255/3855/6814 6469/4013/6981 6343/4012/6980
f 6343/4012/6980 6469/4013/6981 6264/3872/6830 6151/3870/6829
f 6469/4013/6981 6344/4014/6982 6149/3876/6835 6264/3872/6830
f 6255/3855/6814 6102/3856/6816 6344/4014/6982 6469/4013/6981
f 6105/3662/6625 6259/3861/6820 6470/4015/6983 6345/3661/6624
f 6345/3661/6624 6470/4015/6984 6267/3878/6836 6154/3620/6583
f 6470/4015/6984 6346/4016/6985 6156/3882/6841 6267/3878/6836
f 6259/3861/6820 6107/3862/6822 6346/4016/6986 6470/4015/6983
f 6107/3862/6822 6262/3867/6826 6471/4017/6987 6346/4016/6986
f 6346/4016/6986 6471/4017/6987 6271/3884/6843 6156/3882/6842
f 6471/4017/6987 6347/4018/6988 6155/3888/6849 6271/3884/6843
f 6262/3867/6826 6108/3868/6828 6347/4018/6988 6471/4017/6987
f 6108/3868/6828 6265/3873/6832 6472/4019/6989 6347/4018/6988
f 6347/4018/6988 6472/4019/6989 6274/3890/6850 6155/3888/6849
f 6472/4019/6989 6348/4020/6990 6153/3894/6856 6274/3890/6850
f 6265/3873/6832 6106/3874/6834 6348/4020/6990 6472/4019/6989
f 6109/3618/6582 6269/3879/6838 6473/4021/6991 6349/3683/6646
f 6349/3683/6646 6473/4021/6991 6277/3896/6857 6158/3647/6610
f 6473/4021/6991 6350/4022/6992 6160/3900/6862 6277/3896/6857
f 6269/3879/6838 6111/3880/6840 6350/4022/6992 6473/4021/6991
f 6111/3880/6840 6272/3885/6846 6474/4023/6993 6350/4022/6992
f 6350/4022/6992 6474/4023/6993 6281/3902/6863 6160/3900/6862
f 6474/4023/6993 6351/4024/6994 6159/3906/6868 6281/3902/6863
f 6272/3885/6846 6112/3886/6848 6351/4024/6994 6474/4023/6993
f 6112/3886/6853 6275/3891/6852 6475/4026/6995 6351/4025/6996
f 6351/4025/6996 6475/4026/6995 6284/3908/6870 6159/3906/6869
f 6475/4026/6995 6352/4027/6997 6157/3912/6877 6284/3908/6870
f 6275/3891/6852 6110/3892/6855 6352/4027/6997 6475/4026/6995
f 6113/3645/6609 6279/3897/6859 6476/4028/6998 6353/3710/6673
f 6353/3710/6673 6476/4028/6998 6287/3914/6878 6162/3671/6634
f 6476/4028/6998 6354/4029/6999 6164/3918/6883 6287/3914/6878
f 6279/3897/6859 6115/3898/6861 6354/4029/6999 6476/4028/6998
f 6115/3898/6861 6282/3903/6865 6477/4030/7000 6354/4029/6999
f 6354/4029/6999 6477/4030/7000 6291/3920/6884 6164/3918/6883
f 6477/4030/7000 6355/4031/7001 6163/3924/6889 6291/3920/6884
f 6282/3903/6865 6116/3904/6867 6355/4031/7001 6477/4030/7000
f 6116/3904/6874 6285/3909/6873 6478/4033/7002 6355/4032/7003
f 6355/4032/7003 6478/4033/7002 6294/3926/6891 6163/3924/6890
f 6478/4033/7002 6356/4034/7004 6161/3930/6898 6294/3926/6891
f 6285/3909/6873 6114/3910/6876 6356/4034/7004 6478/4033/7002
f 6117/3669/6633 6289/3915/6880 6479/4035/7005 6357/3722/6685
f 6357/3722/6685 6479/4035/7005 6297/3932/6899 6166/3692/6655
f 6479/4035/7005 6358/4036/7006 6168/3936/6904 6297/3932/6899
f 6289/3915/6880 6119/3916/6882 6358/4036/7006 6479/4035/7005
f 6119/3916/6882 6292/3921/6886 6480/4037/7007 6358/4036/7006
f 6358/4036/7006 6480/4037/7007 6301/3938/6905 6168/3936/6904
f 6480/4037/7007 6359/4038/7008 6167/3942/6910 6301/3938/6905
f 6292/3921/6886 6120/3922/6888 6359/4038/7008 6480/4037/7007
f 6120/3922/6895 6295/3927/6894 6481/4040/7009 6359/4039/7010
f 6359/4039/7010 6481/4040/7009 6304/3945/6912 6167/3942/6911
f 6481/4040/7009 6360/4041/7011 6165/3949/6919 6304/3945/6912
f 6295/3927/6894 6118/3928/6897 6360/4041/7011 6481/4040/7009
f 6121/3690/6654 6299/3933/6901 6482/4042/7012 6361/3731/6694
f 6361/3731/6694 6482/4042/7012 6307/3951/6920 6170/3629/6592
f 6482/4042/7012 6362/4043/7013 6172/3955/6925 6307/3951/6920
f 6299/3933/6901 6123/3934/6903 6362/4043/7013 6482/4042/7012
f 6123/3934/6903 6302/3939/6907 6483/4044/7014 6362/4043/7013
f 6362/4043/7013 6483/4044/7014 6311/3957/6926 6172/3955/6925
f 6483/4044/7014 6363/4045/7015 6171/3961/6933 6311/3957/6926
f 6302/3939/6907 6124/3940/6909 6363/4045/7015 6483/4044/7014
f 6124/3940/6916 6305/3946/6915 6484/4046/7016 6363/4045/7017
f 6363/4045/7017 6484/4046/7016 6314/3964/6934 6171/3961/6933
f 6484/4046/7016 6364/4047/7018 6169/3968/6939 6314/3964/6934
f 6305/3946/6915 6122/3947/6918 6364/4047/7018 6484/4046/7016
f 6348/4020/6990 6528/4020/7019 6504/3894/7020 6153/3894/6856
f 6328/3989/6958 6523/3989/7021 6499/3803/7022 6133/3803/6763
f 6078/3966/6938 6485/3966/7023 6521/3975/7024 6320/3975/6946
f 6125/3765/6727 6497/3765/7025 6509/3764/7026 6206/3764/6725
f 6098/3838/6798 6490/3838/7027 6526/4008/7028 6340/4008/6976
f 6133/3803/6763 6499/3803/7022 6511/3802/7029 6226/3802/6761
f 6141/3840/6799 6501/3840/7030 6513/3839/7031 6246/3839/6797
f 6149/3876/6835 6503/3876/7032 6515/3875/7033 6266/3875/6833
f 6157/3912/6877 6505/3912/7034 6517/3911/7035 6286/3911/6875
f 6320/3975/6946 6521/3975/7024 6497/3765/7025 6125/3765/6727
f 6206/3764/6725 6509/3764/7026 6486/3763/7036 6082/3763/6726
f 6165/3949/6919 6507/3949/7037 6519/3948/7038 6306/3948/6917
f 6340/4008/6976 6526/4008/7028 6502/3858/7039 6145/3858/6817
f 6226/3802/6761 6511/3802/7029 6488/3801/7040 6090/3801/6762
f 6246/3839/6797 6513/3839/7031 6490/3838/7027 6098/3838/6798
f 6266/3875/6833 6515/3875/7033 6492/3874/7041 6106/3874/6834
f 6286/3911/6875 6517/3911/7035 6494/3910/7042 6114/3910/6876
f 6306/3948/6917 6519/3948/7038 6496/3947/7043 6122/3947/6918
f 6122/3947/6918 6496/3947/7043 6532/4047/7044 6364/4047/7018
f 6090/3801/6762 6488/3801/7040 6524/3996/7045 6332/3996/6964
f 6110/3892/6855 6493/3892/7046 6529/4027/7047 6352/4027/6997
f 6364/4047/7018 6532/4047/7044 6508/3968/7048 6169/3968/6939
f 6332/3996/6964 6524/3996/7045 6500/3821/7049 6137/3821/6781
f 6352/4027/6997 6529/4027/7047 6505/3912/7034 6157/3912/6877
f 6360/4041/7011 6531/4041/7050 6507/3949/7037 6165/3949/6919
f 6106/3874/6834 6492/3874/7041 6528/4020/7019 6348/4020/6990
f 6086/3782/6744 6487/3782/7051 6523/3989/7021 6328/3989/6958
f 6118/3928/6897 6495/3928/7052 6531/4041/7050 6360/4041/7011
f 6356/4034/7004 6530/4034/7053 6506/3930/7054 6161/3930/6898
f 6336/4002/6970 6525/4002/7055 6501/3840/7030 6141/3840/6799
f 6316/3967/6937 6520/3967/7056 6485/3966/7023 6078/3966/6938
f 6296/3929/6896 6518/3929/7057 6495/3928/7052 6118/3928/6897
f 6276/3893/6854 6516/3893/7058 6493/3892/7046 6110/3892/6855
f 6114/3910/6876 6494/3910/7042 6530/4034/7053 6356/4034/7004
f 6256/3857/6815 6514/3857/7059 6491/3856/7060 6102/3856/6816
f 6094/3819/6780 6489/3819/7061 6525/4002/7055 6336/4002/6970
f 6236/3820/6779 6512/3820/7062 6489/3819/7061 6094/3819/6780
f 6169/3968/6939 6508/3968/7048 6520/3967/7056 6316/3967/6937
f 6216/3783/6743 6510/3783/7063 6487/3782/7051 6086/3782/6744
f 6161/3930/6898 6506/3930/7054 6518/3929/7057 6296/3929/6896
f 6153/3894/6856 6504/3894/7020 6516/3893/7058 6276/3893/6854
f 6145/3858/6817 6502/3858/7039 6514/3857/7059 6256/3857/6815
f 6137/3821/6781 6500/3821/7049 6512/3820/7062 6236/3820/6779
f 6129/3784/6745 6498/3784/7064 6510/3783/7063 6216/3783/6743
f 6344/4014/6982 6527/4014/7065 6503/3876/7032 6149/3876/6835
f 6324/3982/6952 6522/3982/7066 6498/3784/7064 6129/3784/6745
f 6102/3856/6816 6491/3856/7060 6527/4014/7065 6344/4014/6982
f 6082/3763/6726 6486/3763/7036 6522/3982/7066 6324/3982/6952
f 6517/3911/7035 6533/3911/7067 6494/3910/7042
f 6526/4008/7028 6533/4008/7067 6502/3858/7039
f 6510/3783/7063 6533/3783/7067 6487/3782/7051
f 6504/3894/7020 6533/3894/7067 6516/3893/7058
f 6490/3838/7027 6533/3838/7067 6526/4008/7028
f 6497/3765/7025 6533/3765/7067 6509/3764/7026
f 6516/3893/7058 6533/3893/7067 6493/3892/7046
f 6527/4014/7065 6533/4014/7067 6503/3876/7032
f 6509/3764/7026 6533/3764/7067 6486/3763/7036
f 6503/3876/7032 6533/3876/7067 6515/3875/7033
f 6491/3856/7060 6533/3856/7067 6527/4014/7065
f 6521/3975/7024 6533/3975/7067 6497/3765/7025
f 6515/3875/7033 6533/3875/7067 6492/3874/7041
f 6528/4020/7019 6533/4020/7067 6504/3894/7020
f 6485/3966/7023 6533/3966/7067 6521/3975/7024
f 6502/3858/7039 6533/3858/7067 6514/3857/7059
f 6492/3874/7041 6533/3874/7067 6528/4020/7019
f 6522/3982/7066 6533/3982/7067 6498/3784/7064
f 6514/3857/7059 6533/3857/7067 6491/3856/7060
f 6529/4027/7047 6533/4027/7067 6505/3912/7034
f 6508/3968/7048 6533/3968/7067 6520/3967/7056
f 6486/3763/7036 6533/3763/7067 6522/3982/7066
f 6501/3840/7030 6533/3840/7067 6513/3839/7031
f 6493/3892/7046 6533/3892/7067 6529/4027/7047
f 6520/3967/7056 6533/3967/7067 6485/3966/7023
f 6523/3989/7021 6533/3989/7067 6499/3803/7022
f 6513/3839/7031 6533/3839/7067 6490/3838/7027
f 6530/4034/7053 6533/4034/7067 6506/3930/7054
f 6507/3949/7037 6533/3949/7067 6519/3948/7038
f 6487/3782/7051 6533/3782/7067 6523/3989/7021
f 6500/3821/7049 6533/3821/7067 6512/3820/7062
f 6494/3910/7042 6533/3910/7067 6530/4034/7053
f 6519/3948/7038 6533/3948/7067 6496/3947/7043
f 6524/3996/7045 6533/3996/7067 6500/3821/7049
f 6512/3820/7062 6533/3820/7067 6489/3819/7061
f 6531/4041/7050 6533/4041/7067 6507/3949/7037
f 6506/3930/7054 6533/3930/7067 6518/3929/7057
f 6488/3801/7040 6533/3801/7067 6524/3996/7045
f 6499/3803/7022 6533/3803/7067 6511/3802/7029
f 6495/3928/7052 6533/3928/7067 6531/4041/7050
f 6518/3929/7057 6533/3929/7067 6495/3928/7052
f 6525/4002/7055 6533/4002/7067 6501/3840/7030
f 6511/3802/7029 6533/3802/7067 6488/3801/7040
f 6532/4047/7044 6533/4047/7067 6508/3968/7048
f 6505/3912/7034 6533/3912/7067 6517/3911/7035
f 6489/3819/7061 6533/3819/7067 6525/4002/7055
f 6498/3784/7064 6533/3784/7067 6510/3783/7063
f 6496/3947/7043 6533/3947/7067 6532/4047/7044
f 6645/4048/7068 6556/222/7069 6543/223/7070 6610/4049/7071
f 6542/225/7072 6609/4050/7073 6622/4051/7074 6559/233/7075
f 6544/217/7076 6598/4052/7077 6646/4053/7078 6575/220/7079
f 6591/4054/7080 6541/212/7081 6576/213/7082 6651/4055/7083
f 6585/4056/7084 6627/4057/7085 6573/526/7086 6535/527/7087
f 6575/220/7079 6646/4058/7078 6609/4050/7073 6542/225/7072
f 6537/319/7088 6570/320/7089 6634/4059/7090 6603/4060/7091
f 6563/226/7092 6536/228/7093 6586/4061/7094 6640/4062/7095
f 6562/523/7096 6537/319/7088 6603/4060/7091 6628/4063/7097
f 6552/211/7098 6652/4064/7099 6615/4065/7100 6539/216/7101
f 6627/4057/7085 6604/4066/7102 6534/324/7103 6573/526/7086
f 6597/4067/7104 6545/221/7105 6556/222/7069 6645/4048/7068
f 6540/208/7106 6592/4068/7107 6652/4064/7099 6552/211/7098
f 6536/522/7108 6562/523/7096 6628/4069/7097 6586/4070/7109
f 6604/4066/7102 6633/4071/7110 6574/323/7111 6534/324/7103
f 6544/217/7112 6563/226/7092 6640/4062/7095 6598/4072/7113
f 6597/4067/7114 6639/4073/7115 6557/231/7116 6545/221/7117
f 6651/4074/7083 6576/213/7082 6538/214/7118 6616/4075/7119
f 6610/4049/7071 6543/223/7070 6568/234/7120 6621/4076/7121
f 6536/1320/7108 6565/1321/7122 6577/1322/7123 6562/1323/7096
f 6565/1321/7122 6551/1324/7124 6572/1325/7125 6577/1322/7123
f 6577/1322/7123 6572/1325/7125 6549/1317/7126 6569/1326/7127
f 6562/1323/7096 6577/1322/7123 6569/1326/7127 6537/1327/7088
f 6547/1313/7128 6561/1314/7129 6578/1315/7130 6553/1316/7131
f 6561/1314/7129 6549/1317/7132 6566/1318/7133 6578/1315/7130
f 6578/1315/7130 6566/1318/7133 6548/482/7134 6555/1319/7135
f 6553/1316/7131 6578/1315/7130 6555/1319/7135 6546/1312/7136
f 6539/1328/7101 6554/1329/7137 6579/1330/7138 6552/1331/7098
f 6554/1329/7137 6547/1313/7128 6553/1332/7131 6579/1330/7138
f 6579/1330/7138 6553/1332/7131 6546/1312/7139 6560/1333/7140
f 6552/1331/7098 6579/1330/7138 6560/1333/7140 6540/1310/7106
f 6559/233/7075 6622/4051/7074 6592/4077/7141 6540/208/7142
f 6621/4076/7121 6568/234/7120 6541/212/7143 6591/4078/7144
f 6633/4071/7110 6616/4075/7145 6538/214/7146 6574/323/7111
f 6570/320/7089 6539/216/7147 6615/4065/7148 6634/4059/7090
f 6537/1327/7088 6569/1326/7127 6580/1334/7149 6570/1335/7089
f 6569/1326/7127 6549/1317/7126 6561/1314/7150 6580/1334/7149
f 6580/1334/7149 6561/1314/7150 6547/1313/7151 6554/1329/7152
f 6570/1335/7089 6580/1334/7149 6554/1329/7152 6539/1328/7147
f 6550/474/7153 6564/475/7154 6581/476/7155 6567/477/7156
f 6564/475/7154 6544/478/7076 6575/479/7079 6581/476/7155
f 6581/476/7155 6575/479/7079 6542/480/7072 6571/481/7157
f 6567/477/7156 6581/476/7155 6571/481/7157 6548/482/7158
f 6551/1324/7159 6558/1340/7160 6582/1341/7161 6572/1325/7162
f 6558/1340/7160 6550/474/7163 6567/1342/7164 6582/1341/7161
f 6582/1341/7161 6567/1342/7164 6548/482/7134 6566/1318/7133
f 6572/1325/7162 6582/1341/7161 6566/1318/7133 6549/1317/7132
f 6551/1324/7165 6565/1343/7166 6583/1344/7167 6558/1345/7168
f 6565/1343/7166 6536/1320/7093 6563/1346/7092 6583/1344/7167
f 6583/1344/7167 6563/1346/7092 6544/478/7112 6564/475/7169
f 6558/1345/7168 6583/1344/7167 6564/475/7169 6550/474/7170
f 6548/482/7158 6571/481/7157 6584/1307/7171 6555/1308/7172
f 6571/481/7157 6542/480/7072 6559/1309/7075 6584/1307/7171
f 6584/1307/7171 6559/1309/7075 6540/1310/7142 6560/1311/7173
f 6555/1308/7172 6584/1307/7171 6560/1311/7173 6546/1312/7174
f 6610/4049/7071 6621/4076/7121 6623/4079/7175 6614/4080/7176
f 6614/4080/7176 6623/4079/7175 6624/4081/7177 6613/4082/7178
f 6613/4082/7178 6624/4081/7177 6625/4083/7179 6612/4084/7180
f 6612/4084/7180 6625/4083/7179 6626/4085/7181 6611/4086/7182
f 6611/4086/7182 6626/4085/7181 6622/4051/7074 6609/4050/7073
f 6592/4077/7141 6622/4051/7074 6626/4085/7181 6596/4087/7183
f 6596/4087/7183 6626/4085/7181 6625/4083/7179 6595/4088/7184
f 6595/4088/7184 6625/4083/7179 6624/4081/7177 6594/4089/7185
f 6594/4089/7185 6624/4081/7177 6623/4079/7175 6593/4090/7186
f 6593/4090/7186 6623/4079/7175 6621/4076/7121 6591/4078/7144
f 6604/4066/7102 6627/4057/7085 6629/4091/7187 6608/4092/7188
f 6608/4092/7188 6629/4091/7187 6630/4093/7189 6607/4094/7190
f 6607/4094/7190 6630/4093/7189 6631/4095/7191 6606/4096/7192
f 6606/4096/7192 6631/4095/7191 6632/4097/7193 6605/4098/7194
f 6605/4098/7194 6632/4097/7193 6628/4063/7097 6603/4060/7091
f 6586/4070/7109 6628/4069/7097 6632/4097/7193 6590/4099/7195
f 6590/4099/7195 6632/4097/7193 6631/4095/7191 6589/4100/7196
f 6589/4100/7196 6631/4095/7191 6630/4093/7189 6588/4101/7197
f 6588/4101/7197 6630/4093/7189 6629/4091/7187 6587/4102/7198
f 6587/4102/7198 6629/4091/7187 6627/4057/7085 6585/4056/7084
f 6616/4075/7145 6633/4071/7110 6635/4103/7199 6620/4104/7200
f 6620/4104/7200 6635/4103/7199 6636/4105/7201 6619/4106/7202
f 6619/4106/7202 6636/4105/7201 6637/4107/7203 6618/4108/7204
f 6618/4108/7204 6637/4107/7203 6638/4109/7205 6617/4110/7206
f 6617/4110/7206 6638/4109/7205 6634/4059/7090 6615/4065/7148
f 6603/4060/7091 6634/4059/7090 6638/4109/7205 6605/4098/7194
f 6605/4098/7194 6638/4109/7205 6637/4107/7203 6606/4096/7192
f 6606/4096/7192 6637/4107/7203 6636/4105/7201 6607/4094/7190
f 6607/4094/7190 6636/4105/7201 6635/4103/7199 6608/4092/7188
f 6608/4092/7188 6635/4103/7199 6633/4071/7110 6604/4066/7102
f 6585/4111/7207 6639/4073/7115 6641/4112/7208 6587/4113/7209
f 6587/4113/7209 6641/4112/7208 6642/4114/7210 6588/4115/7211
f 6588/4115/7211 6642/4114/7210 6643/4116/7212 6589/4117/7213
f 6589/4117/7213 6643/4116/7212 6644/4118/7214 6590/4119/7215
f 6590/4119/7215 6644/4118/7214 6640/4062/7095 6586/4061/7094
f 6598/4072/7113 6640/4062/7095 6644/4118/7214 6602/4120/7216
f 6602/4120/7216 6644/4118/7214 6643/4116/7212 6601/4121/7217
f 6601/4121/7217 6643/4116/7212 6642/4114/7210 6600/4122/7218
f 6600/4122/7218 6642/4114/7210 6641/4112/7208 6599/4123/7219
f 6599/4123/7219 6641/4112/7208 6639/4073/7115 6597/4067/7114
f 6597/4067/7104 6645/4048/7068 6647/4124/7220 6599/4123/7221
f 6599/4123/7221 6647/4124/7220 6648/4125/7222 6600/4122/7223
f 6600/4122/7223 6648/4125/7222 6649/4126/7224 6601/4121/7225
f 6601/4121/7225 6649/4126/7224 6650/4127/7226 6602/4120/7227
f 6602/4120/7227 6650/4127/7226 6646/4053/7078 6598/4052/7077
f 6609/4050/7073 6646/4058/7078 6650/4127/7226 6611/4086/7182
f 6611/4086/7182 6650/4127/7226 6649/4126/7224 6612/4084/7180
f 6612/4084/7180 6649/4126/7224 6648/4125/7222 6613/4082/7178
f 6613/4082/7178 6648/4125/7222 6647/4124/7220 6614/4080/7176
f 6614/4080/7176 6647/4124/7220 6645/4048/7068 6610/4049/7071
f 6591/4054/7080 6651/4055/7083 6653/4128/7228 6593/4090/7229
f 6593/4090/7229 6653/4128/7228 6654/4129/7230 6594/4089/7231
f 6594/4089/7231 6654/4129/7230 6655/4130/7232 6595/4088/7233
f 6595/4088/7233 6655/4130/7232 6656/4131/7234 6596/4087/7235
f 6596/4087/7235 6656/4131/7234 6652/4064/7099 6592/4068/7107
f 6615/4065/7100 6652/4064/7099 6656/4131/7234 6617/4110/7236
f 6617/4110/7236 6656/4131/7234 6655/4130/7232 6618/4108/7237
f 6618/4108/7237 6655/4130/7232 6654/4129/7230 6619/4106/7238
f 6619/4106/7238 6654/4129/7230 6653/4128/7228 6620/4104/7239
f 6620/4104/7239 6653/4128/7228 6651/4074/7083 6616/4075/7119
f 6639/4073/7115 6585/4111/7207 6535/230/7240 6557/231/7116
f 6768/4048/7241 6733/4049/7242 6666/223/7243 6679/222/7244
f 6665/225/7245 6682/233/7246 6745/4051/7247 6732/4050/7248
f 6667/217/7249 6698/220/7250 6769/4053/7251 6721/4052/7252
f 6714/4054/7253 6774/4055/7254 6699/213/7255 6664/212/7256
f 6708/4056/7257 6658/527/7258 6696/526/7259 6750/4057/7260
f 6698/220/7250 6665/225/7245 6732/4050/7248 6769/4058/7251
f 6660/319/7261 6726/4060/7262 6757/4059/7263 6693/320/7264
f 6686/226/7265 6763/4062/7266 6709/4061/7267 6659/228/7268
f 6685/523/7269 6751/4063/7270 6726/4060/7262 6660/319/7261
f 6675/211/7271 6662/216/7272 6738/4065/7273 6775/4064/7274
f 6750/4057/7260 6696/526/7259 6657/324/7275 6727/4066/7276
f 6720/4067/7277 6768/4048/7241 6679/222/7244 6668/221/7278
f 6663/208/7279 6675/211/7271 6775/4064/7274 6715/4068/7280
f 6659/522/7281 6709/4070/7282 6751/4069/7270 6685/523/7269
f 6727/4066/7276 6657/324/7275 6697/323/7283 6756/4071/7284
f 6667/217/7285 6721/4072/7286 6763/4062/7266 6686/226/7265
f 6720/4067/7287 6668/221/7288 6680/231/7289 6762/4073/7290
f 6774/4074/7254 6739/4075/7291 6661/214/7292 6699/213/7255
f 6733/4049/7242 6744/4076/7293 6691/234/7294 6666/223/7243
f 6659/1320/7281 6685/1323/7269 6700/1322/7295 6688/1321/7296
f 6688/1321/7296 6700/1322/7295 6695/1325/7297 6674/1324/7298
f 6700/1322/7295 6692/1326/7299 6672/1317/7300 6695/1325/7297
f 6685/1323/7269 6660/1327/7261 6692/1326/7299 6700/1322/7295
f 6670/1313/7301 6676/1316/7302 6701/1315/7303 6684/1314/7304
f 6684/1314/7304 6701/1315/7303 6689/1318/7305 6672/1317/7306
f 6701/1315/7303 6678/1319/7307 6671/482/7308 6689/1318/7305
f 6676/1316/7302 6669/1312/7309 6678/1319/7307 6701/1315/7303
f 6662/1328/7272 6675/1331/7271 6702/1330/7310 6677/1329/7311
f 6677/1329/7311 6702/1330/7310 6676/1332/7302 6670/1313/7301
f 6702/1330/7310 6683/1333/7312 6669/1312/7313 6676/1332/7302
f 6675/1331/7271 6663/1310/7279 6683/1333/7312 6702/1330/7310
f 6682/233/7246 6663/208/7314 6715/4077/7315 6745/4051/7247
f 6744/4076/7293 6714/4078/7316 6664/212/7317 6691/234/7294
f 6756/4071/7284 6697/323/7283 6661/214/7318 6739/4075/7319
f 6693/320/7264 6757/4059/7263 6738/4065/7320 6662/216/7321
f 6660/1327/7261 6693/1335/7264 6703/1334/7322 6692/1326/7299
f 6692/1326/7299 6703/1334/7322 6684/1314/7323 6672/1317/7300
f 6703/1334/7322 6677/1329/7324 6670/1313/7325 6684/1314/7323
f 6693/1335/7264 6662/1328/7321 6677/1329/7324 6703/1334/7322
f 6673/474/7326 6690/477/7327 6704/476/7328 6687/475/7329
f 6687/475/7329 6704/476/7328 6698/479/7250 6667/478/7249
f 6704/476/7328 6694/481/7330 6665/480/7245 6698/479/7250
f 6690/477/7327 6671/482/7331 6694/481/7330 6704/476/7328
f 6674/1324/7332 6695/1325/7333 6705/1341/7334 6681/1340/7335
f 6681/1340/7335 6705/1341/7334 6690/1342/7336 6673/474/7337
f 6705/1341/7334 6689/1318/7305 6671/482/7308 6690/1342/7336
f 6695/1325/7333 6672/1317/7306 6689/1318/7305 6705/1341/7334
f 6674/1324/7338 6681/1345/7339 6706/1344/7340 6688/1343/7341
f 6688/1343/7341 6706/1344/7340 6686/1346/7265 6659/1320/7268
f 6706/1344/7340 6687/475/7342 6667/478/7285 6686/1346/7265
f 6681/1345/7339 6673/474/7343 6687/475/7342 6706/1344/7340
f 6671/482/7331 6678/1308/7344 6707/1307/7345 6694/481/7330
f 6694/481/7330 6707/1307/7345 6682/1309/7246 6665/480/7245
f 6707/1307/7345 6683/1311/7346 6663/1310/7314 6682/1309/7246
f 6678/1308/7344 6669/1312/7347 6683/1311/7346 6707/1307/7345
f 6733/4049/7242 6737/4080/7348 6746/4079/7349 6744/4076/7293
f 6737/4080/7348 6736/4082/7350 6747/4081/7351 6746/4079/7349
f 6736/4082/7350 6735/4084/7352 6748/4083/7353 6747/4081/7351
f 6735/4084/7352 6734/4086/7354 6749/4085/7355 6748/4083/7353
f 6734/4086/7354 6732/4050/7248 6745/4051/7247 6749/4085/7355
f 6715/4077/7315 6719/4087/7356 6749/4085/7355 6745/4051/7247
f 6719/4087/7356 6718/4088/7357 6748/4083/7353 6749/4085/7355
f 6718/4088/7357 6717/4089/7358 6747/4081/7351 6748/4083/7353
f 6717/4089/7358 6716/4090/7359 6746/4079/7349 6747/4081/7351
f 6716/4090/7359 6714/4078/7316 6744/4076/7293 6746/4079/7349
f 6727/4066/7276 6731/4092/7360 6752/4091/7361 6750/4057/7260
f 6731/4092/7360 6730/4094/7362 6753/4093/7363 6752/4091/7361
f 6730/4094/7362 6729/4096/7364 6754/4095/7365 6753/4093/7363
f 6729/4096/7364 6728/4098/7366 6755/4097/7367 6754/4095/7365
f 6728/4098/7366 6726/4060/7262 6751/4063/7270 6755/4097/7367
f 6709/4070/7282 6713/4099/7368 6755/4097/7367 6751/4069/7270
f 6713/4099/7368 6712/4100/7369 6754/4095/7365 6755/4097/7367
f 6712/4100/7369 6711/4101/7370 6753/4093/7363 6754/4095/7365
f 6711/4101/7370 6710/4102/7371 6752/4091/7361 6753/4093/7363
f 6710/4102/7371 6708/4056/7257 6750/4057/7260 6752/4091/7361
f 6739/4075/7319 6743/4104/7372 6758/4103/7373 6756/4071/7284
f 6743/4104/7372 6742/4106/7374 6759/4105/7375 6758/4103/7373
f 6742/4106/7374 6741/4108/7376 6760/4107/7377 6759/4105/7375
f 6741/4108/7376 6740/4110/7378 6761/4109/7379 6760/4107/7377
f 6740/4110/7378 6738/4065/7320 6757/4059/7263 6761/4109/7379
f 6726/4060/7262 6728/4098/7366 6761/4109/7379 6757/4059/7263
f 6728/4098/7366 6729/4096/7364 6760/4107/7377 6761/4109/7379
f 6729/4096/7364 6730/4094/7362 6759/4105/7375 6760/4107/7377
f 6730/4094/7362 6731/4092/7360 6758/4103/7373 6759/4105/7375
f 6731/4092/7360 6727/4066/7276 6756/4071/7284 6758/4103/7373
f 6708/4111/7380 6710/4113/7381 6764/4112/7382 6762/4073/7290
f 6710/4113/7381 6711/4115/7383 6765/4114/7384 6764/4112/7382
f 6711/4115/7383 6712/4117/7385 6766/4116/7386 6765/4114/7384
f 6712/4117/7385 6713/4119/7387 6767/4118/7388 6766/4116/7386
f 6713/4119/7387 6709/4061/7267 6763/4062/7266 6767/4118/7388
f 6721/4072/7286 6725/4120/7389 6767/4118/7388 6763/4062/7266
f 6725/4120/7389 6724/4121/7390 6766/4116/7386 6767/4118/7388
f 6724/4121/7390 6723/4122/7391 6765/4114/7384 6766/4116/7386
f 6723/4122/7391 6722/4123/7392 6764/4112/7382 6765/4114/7384
f 6722/4123/7392 6720/4067/7287 6762/4073/7290 6764/4112/7382
f 6720/4067/7277 6722/4123/7393 6770/4124/7394 6768/4048/7241
f 6722/4123/7393 6723/4122/7395 6771/4125/7396 6770/4124/7394
f 6723/4122/7395 6724/4121/7397 6772/4126/7398 6771/4125/7396
f 6724/4121/7397 6725/4120/7399 6773/4127/7400 6772/4126/7398
f 6725/4120/7399 6721/4052/7252 6769/4053/7251 6773/4127/7400
f 6732/4050/7248 6734/4086/7354 6773/4127/7400 6769/4058/7251
f 6734/4086/7354 6735/4084/7352 6772/4126/7398 6773/4127/7400
f 6735/4084/7352 6736/4082/7350 6771/4125/7396 6772/4126/7398
f 6736/4082/7350 6737/4080/7348 6770/4124/7394 6771/4125/7396
f 6737/4080/7348 6733/4049/7242 6768/4048/7241 6770/4124/7394
f 6714/4054/7253 6716/4090/7401 6776/4128/7402 6774/4055/7254
f 6716/4090/7401 6717/4089/7403 6777/4129/7404 6776/4128/7402
f 6717/4089/7403 6718/4088/7405 6778/4130/7406 6777/4129/7404
f 6718/4088/7405 6719/4087/7407 6779/4131/7408 6778/4130/7406
f 6719/4087/7407 6715/4068/7280 6775/4064/7274 6779/4131/7408
f 6738/4065/7273 6740/4110/7409 6779/4131/7408 6775/4064/7274
f 6740/4110/7409 6741/4108/7410 6778/4130/7406 6779/4131/7408
f 6741/4108/7410 6742/4106/7411 6777/4129/7404 6778/4130/7406
f 6742/4106/7411 6743/4104/7412 6776/4128/7402 6777/4129/7404
f 6743/4104/7412 6739/4075/7291 6774/4074/7254 6776/4128/7402
f 6762/4073/7290 6680/231/7289 6658/230/7413 6708/4111/7380
o Tail
v 0.003805 0.319986 -0.328409
v 0.002116 0.359494 -0.354079
v 0.002509 0.324678 -0.373961
v 0.004015 0.386786 -0.373276
v -0.050468 0.304606 -0.398337
v -0.021299 0.297756 -0.426025
v -0.019066 0.272431 -0.413212
v -0.027366 0.342190 -0.438514
v -0.056064 0.342190 -0.412232
v -0.056248 0.318767 -0.378290
v -0.032185 0.377047 -0.446368
v -0.062487 0.351589 -0.388673
v -0.044886 0.345316 -0.383046
v -0.059015 0.377047 -0.420398
v -0.032441 0.339073 -0.370680
v -0.029268 0.375799 -0.369645
v -0.043452 0.383295 -0.381762
v -0.024461 0.403310 -0.363033
v -0.060408 0.392014 -0.396299
v -0.056828 0.419525 -0.392458
v -0.018258 0.430768 -0.355346
v -0.053084 0.420287 -0.420080
v -0.023508 0.420287 -0.433285
v -0.035758 0.400030 -0.452328
v -0.025377 0.440100 -0.435806
v -0.037480 0.456833 -0.411890
v -0.037674 0.454629 -0.366277
v -0.010900 0.469796 -0.326803
v -0.045504 0.409685 -0.475808
v -0.044227 0.384295 -0.466128
v -0.039777 0.428188 -0.455965
v -0.045981 0.428951 -0.479810
v -0.046662 0.454721 -0.480119
v -0.040795 0.457194 -0.459742
v -0.046989 0.477106 -0.478802
v -0.027649 0.457013 -0.435816
v -0.040424 0.489442 -0.452475
v -0.046095 0.499856 -0.472112
v -0.043129 0.522053 -0.458339
v -0.027051 0.479856 -0.425148
v -0.038121 0.502791 -0.441877
v -0.035365 0.516406 -0.428083
v -0.041100 0.538966 -0.441489
v -0.036885 0.552533 -0.422760
v -0.024836 0.484644 -0.383234
v -0.026559 0.509618 -0.388088
v -0.028282 0.534591 -0.392942
v -0.032670 0.561319 -0.400012
v -0.030425 0.565456 -0.375584
v -0.024847 0.542968 -0.351879
v -0.028179 0.565462 -0.353923
v -0.022975 0.564445 -0.326654
v -0.022847 0.482911 -0.336456
v -0.015851 0.540139 -0.294479
v -0.017942 0.561983 -0.291236
v -0.017911 0.502496 -0.315715
v -0.012975 0.519051 -0.293258
v -0.005689 0.490999 -0.306745
v -0.000780 0.509174 -0.284972
v 0.003378 0.414993 -0.385272
v 0.019727 0.374557 -0.369687
v 0.006112 0.450763 -0.386678
v 0.013389 0.352062 -0.353454
v 0.001565 0.352062 -0.387506
v -0.020051 0.304084 -0.401166
v 0.026900 0.414993 -0.390983
v 0.006114 0.374557 -0.402368
v -0.015122 0.333226 -0.412109
v -0.004289 0.287127 -0.413098
v 0.009801 0.414993 -0.416598
v -0.005263 0.310202 -0.421162
v -0.016219 0.356023 -0.418493
v -0.008933 0.356023 -0.430491
v -0.013903 0.385652 -0.423997
v -0.009873 0.385652 -0.434540
v -0.014477 0.416012 -0.426073
v -0.009636 0.416012 -0.439204
v -0.012717 0.437325 -0.438084
v 0.009254 0.431377 -0.420061
v -0.024855 0.411805 -0.459132
v 0.006256 0.454520 -0.423664
v -0.015316 0.461130 -0.456699
v 0.008658 0.474967 -0.434981
v -0.008434 0.491612 -0.451907
v -0.003994 0.523928 -0.446128
v 0.010508 0.510227 -0.430644
v 0.014769 0.489058 -0.416988
v 0.012359 0.541444 -0.424438
v 0.001507 0.552162 -0.436902
v 0.019313 0.525886 -0.405053
v 0.001155 0.578887 -0.422602
v 0.012914 0.564351 -0.409564
v -0.004626 0.595168 -0.400930
v 0.010739 0.582869 -0.393608
v 0.013472 0.541829 -0.380939
v 0.026268 0.482047 -0.402267
v 0.006089 0.593604 -0.373969
v -0.010264 0.603975 -0.378278
v -0.014915 0.603026 -0.356617
v 0.001438 0.593813 -0.352248
v -0.016428 0.589522 -0.327864
v 0.000932 0.580381 -0.326426
v 0.000426 0.552913 -0.292729
v 0.003909 0.560077 -0.347651
v 0.009192 0.532369 -0.289002
v 0.015492 0.520136 -0.343053
v 0.011336 0.496087 -0.377058
v 0.030203 0.462223 -0.402038
v 0.028798 0.440311 -0.398827
v -0.031196 0.306671 -0.399040
v 0.002961 0.339740 -0.341244
v 0.003157 0.322332 -0.351185
v -0.020182 0.285093 -0.419618
v -0.024332 0.319973 -0.432269
v -0.059712 0.384530 -0.408348
v -0.056049 0.398667 -0.420239
v -0.039230 0.430194 -0.427943
v -0.045282 0.438560 -0.415985
v -0.044612 0.510954 -0.465225
v -0.027421 0.522104 -0.390515
v -0.025703 0.526293 -0.369983
v -0.016897 0.551061 -0.292857
v -0.016881 0.521318 -0.305097
v -0.014413 0.529595 -0.293868
v -0.032564 0.456923 -0.423853
v 0.016558 0.363310 -0.361570
v 0.023314 0.394775 -0.380335
v 0.012921 0.374557 -0.386027
v -0.004776 0.298664 -0.417130
v -0.011177 0.426669 -0.438644
v -0.034541 0.398050 -0.462630
v -0.027264 0.495734 -0.462010
v 0.003257 0.517077 -0.438386
v -0.001244 0.538045 -0.441515
v 0.003056 0.589019 -0.397269
v -0.007445 0.599571 -0.389604
v -0.007748 0.584952 -0.327145
v -0.025623 0.305378 -0.400103
v -0.059368 0.335178 -0.383482
v -0.050567 0.332042 -0.380668
v -0.040644 0.411418 -0.377745
v -0.021360 0.417039 -0.359189
v -0.037577 0.455731 -0.389083
v -0.043892 0.467150 -0.469272
v -0.034222 0.457104 -0.447779
v -0.040609 0.473318 -0.456108
v -0.032265 0.468344 -0.418519
v -0.038233 0.527686 -0.434786
v -0.030962 0.513012 -0.408086
v -0.031824 0.525498 -0.410513
v -0.026513 0.554215 -0.352901
v -0.023911 0.553707 -0.339266
v -0.023847 0.512940 -0.344167
v -0.021379 0.522732 -0.333797
v -0.003234 0.500086 -0.295859
v -0.038296 0.420287 -0.426682
v -0.010542 0.409152 -0.374153
v -0.009175 0.427036 -0.374856
v -0.017586 0.318655 -0.406637
v -0.012170 0.295605 -0.407132
v -0.009403 0.370837 -0.432515
v 0.007457 0.464743 -0.429323
v 0.010513 0.471789 -0.420326
v 0.001331 0.565524 -0.429752
v -0.002088 0.598789 -0.376124
v 0.003764 0.593708 -0.363109
v 0.004999 0.576840 -0.360810
v 0.012342 0.526253 -0.316028
v -0.006562 0.449698 -0.370045
v 0.018230 0.458371 -0.412851
v -0.043722 0.312719 -0.388665
v -0.013281 0.303979 -0.423593
v 0.008597 0.336024 -0.340932
v 0.004902 0.505568 -0.324899
v -0.030855 0.357436 -0.370162
v -0.029633 0.410158 -0.442807
v -0.024442 0.430194 -0.434546
v -0.042879 0.428569 -0.467887
v -0.040286 0.442691 -0.457854
v -0.040625 0.512422 -0.450108
v -0.042115 0.530509 -0.449914
v -0.030476 0.547955 -0.396477
v -0.026565 0.538780 -0.372410
v -0.021029 0.381349 -0.440454
v 0.007753 0.355778 -0.353766
v -0.011875 0.476371 -0.454303
v -0.019559 0.288257 -0.407189
v -0.012590 0.603500 -0.367448
v -0.011678 0.279779 -0.413155
v -0.003209 0.385508 -0.417545
v -0.002051 0.400322 -0.420298
v -0.002338 0.415503 -0.421335
v 0.009527 0.423185 -0.418330
v -0.018786 0.424565 -0.448608
v -0.003231 0.445922 -0.430874
v -0.002030 0.456146 -0.436533
v -0.023562 0.522990 -0.452233
v 0.012639 0.499643 -0.423816
v 0.011434 0.525836 -0.427541
v 0.012106 0.562349 -0.387274
v 0.008414 0.588237 -0.383789
v 0.002313 0.342086 -0.364020
v 0.003066 0.373140 -0.363677
v -0.037657 0.295599 -0.395751
v -0.017185 0.575753 -0.309550
v -0.008758 0.557448 -0.291982
v 0.002421 0.570229 -0.337039
v 0.008724 0.473425 -0.381868
v 0.018158 0.456493 -0.394358
v 0.017455 0.445537 -0.392753
v -0.025131 0.289551 -0.406126
v -0.045600 0.377047 -0.433383
v -0.058618 0.405770 -0.394378
v -0.027847 0.398667 -0.439826
v -0.033971 0.388538 -0.449348
v -0.046542 0.488481 -0.475457
v -0.038993 0.545749 -0.432125
v -0.031255 0.469636 -0.374756
v -0.025577 0.564954 -0.340289
v -0.030261 0.468770 -0.351367
v 0.018351 0.414993 -0.403791
v -0.011888 0.385652 -0.429268
v -0.014190 0.400832 -0.425035
v -0.031153 0.469118 -0.467751
v -0.003329 0.468048 -0.445840
v -0.022547 0.531447 -0.443809
v 0.016393 0.533858 -0.392996
v 0.022790 0.503967 -0.403660
v -0.021547 0.584244 -0.355270
v 0.004206 0.520771 -0.286987
v 0.013414 0.508111 -0.360055
v 0.027849 0.427652 -0.394905
v 0.000679 0.566647 -0.309578
v -0.031819 0.322872 -0.384860
v 0.002168 0.556495 -0.320190
v 0.004809 0.542641 -0.290866
v 0.012404 0.518958 -0.378998
v 0.019026 0.435844 -0.409444
v -0.018150 0.349107 -0.434503
v 0.003262 0.355732 -0.373618
v -0.041715 0.342190 -0.425373
v -0.029776 0.359618 -0.442441
v -0.014966 0.331876 -0.372320
v -0.036360 0.379547 -0.375704
v -0.026865 0.389554 -0.366339
v -0.040631 0.404857 -0.464068
v -0.039992 0.392162 -0.459228
v -0.037767 0.414109 -0.454147
v -0.046322 0.441836 -0.479965
v -0.032586 0.491323 -0.433512
v -0.031208 0.498131 -0.426616
v -0.025943 0.482250 -0.404191
v -0.031548 0.563388 -0.387798
v -0.015443 0.510774 -0.304486
v -0.011800 0.496748 -0.311230
v 0.007477 0.352062 -0.370480
v 0.007949 0.338370 -0.363707
v 0.002037 0.338370 -0.380733
v -0.008771 0.314381 -0.387563
v -0.015672 0.596274 -0.342241
v -0.010741 0.333112 -0.419827
v -0.007098 0.333112 -0.425827
v -0.022697 0.408021 -0.445766
v -0.024237 0.418678 -0.445206
v -0.030306 0.405917 -0.455730
v 0.007755 0.442948 -0.421863
v 0.013564 0.515251 -0.420713
v 0.017041 0.507472 -0.411021
v -0.018648 0.578244 -0.400471
v 0.020518 0.485553 -0.409628
v -0.019702 0.576984 -0.327259
v 0.002296 0.494966 -0.334928
v -0.035418 0.420378 -0.469471
v 0.008691 0.550953 -0.364295
v -0.053686 0.348453 -0.385859
v -0.061447 0.371802 -0.392486
v -0.054956 0.419906 -0.406269
v -0.047251 0.437077 -0.379367
v -0.027350 0.468435 -0.430482
v -0.032584 0.543562 -0.407851
v -0.034778 0.556926 -0.411386
v -0.016874 0.476353 -0.331630
v -0.019413 0.552292 -0.310566
v -0.008294 0.480398 -0.316774
v 0.007957 0.394775 -0.409483
v -0.005053 0.365290 -0.410430
v -0.009754 0.400832 -0.436872
v 0.000112 0.483289 -0.443444
v 0.011714 0.482012 -0.425985
v -0.017689 0.552347 -0.429831
v -0.017865 0.565710 -0.422681
v 0.007035 0.571619 -0.416083
v -0.001736 0.587027 -0.411766
v -0.006738 0.598419 -0.354433
v 0.009700 0.540106 -0.345352
v 0.018802 0.489067 -0.389662
v 0.028235 0.472135 -0.402153
v -0.057539 0.359618 -0.416315
v -0.012627 0.381292 -0.371460
v -0.033957 0.393303 -0.372398
v -0.051930 0.387655 -0.389030
v -0.031428 0.448467 -0.423848
v -0.032577 0.434144 -0.445886
v -0.043728 0.455958 -0.469931
v -0.046826 0.465914 -0.479461
v -0.026513 0.448557 -0.435811
v -0.036743 0.509598 -0.434980
v -0.027636 0.554212 -0.363731
v -0.029302 0.565459 -0.364754
v -0.006878 0.514113 -0.289115
v -0.010223 0.395048 -0.368154
v 0.003696 0.400890 -0.379274
v 0.011871 0.380672 -0.371481
v 0.003839 0.363310 -0.394937
v -0.006778 0.342644 -0.399807
v -0.012576 0.356023 -0.424492
v -0.015061 0.370837 -0.421245
v -0.030989 0.457926 -0.468409
v -0.008099 0.443386 -0.447057
v 0.006933 0.546803 -0.430670
v 0.015836 0.533665 -0.414746
v 0.012637 0.552898 -0.417001
v -0.020345 0.584715 -0.376931
v -0.059275 0.346889 -0.400452
v 0.001185 0.587097 -0.339337
v 0.002674 0.576945 -0.349949
v -0.003461 0.463427 -0.366202
v 0.029501 0.451267 -0.400433
v -0.038041 0.325994 -0.391043
v -0.020086 0.436468 -0.457916
v -0.038664 0.342195 -0.376863
v -0.044169 0.364306 -0.382404
v -0.027966 0.442698 -0.360811
v -0.014579 0.450282 -0.341075
v -0.044866 0.396990 -0.470968
v -0.045743 0.419318 -0.477809
v -0.043259 0.494649 -0.462293
v -0.033737 0.484649 -0.438811
v -0.039273 0.496116 -0.447176
v -0.025698 0.497131 -0.385661
v -0.023842 0.483778 -0.359845
v -0.020379 0.492703 -0.326085
v 0.004745 0.432878 -0.385975
v 0.015139 0.414993 -0.388127
v -0.009706 0.310176 -0.412603
v -0.010192 0.321714 -0.416635
v -0.015671 0.344625 -0.415301
v -0.012057 0.416012 -0.432638
v -0.013597 0.426669 -0.432078
v -0.002612 0.423695 -0.423067
v -0.035180 0.410745 -0.467470
v -0.006214 0.507770 -0.449018
v 0.001037 0.500920 -0.441276
v 0.011827 0.573610 -0.401586
v 0.013193 0.553090 -0.395251
v -0.035883 0.301181 -0.412181
v -0.034767 0.288519 -0.405774
v -0.053266 0.323398 -0.405284
v -0.053358 0.311687 -0.388314
v 0.002810 0.334719 -0.352149
v 0.002880 0.356986 -0.367105
v -0.007243 0.591686 -0.340789
v -0.037512 0.360871 -0.376283
v 0.006375 0.491466 -0.433630
v -0.033980 0.470876 -0.443295
v -0.052808 0.368054 -0.387445
v -0.028453 0.497631 -0.406138
v -0.015715 0.326543 -0.429048
v -0.043658 0.359618 -0.429378
v 0.007255 0.541374 -0.318109
v 0.018628 0.447108 -0.411148
v 0.018688 0.425419 -0.406617
v 0.009812 0.368225 -0.362624
v -0.030278 0.291598 -0.412524
v -0.054540 0.338558 -0.383336
v -0.046287 0.399536 -0.383388
v -0.018257 0.571977 -0.411576
v -0.032394 0.387468 -0.371480
v -0.019589 0.365228 -0.437478
v -0.030484 0.399121 -0.443994
v -0.033990 0.426891 -0.429724
v -0.033204 0.439152 -0.468940
v -0.038647 0.439073 -0.422592
v -0.041830 0.398003 -0.464755
v -0.044815 0.463007 -0.472888
v -0.030169 0.451315 -0.427837
v -0.059493 0.365710 -0.404400
v -0.021863 0.394685 -0.443110
v -0.022420 0.459526 -0.346221
v -0.030727 0.464567 -0.424285
v -0.035199 0.490696 -0.439833
v -0.033512 0.499684 -0.431703
v -0.007775 0.328512 -0.393685
v -0.008253 0.571200 -0.309564
v -0.030069 0.520205 -0.403038
v -0.032613 0.549481 -0.405238
v -0.026563 0.529059 -0.377636
v 0.015636 0.394775 -0.394909
v -0.027817 0.557962 -0.360462
v -0.025333 0.557625 -0.344152
v -0.028453 0.474061 -0.361989
v -0.021869 0.509458 -0.334683
v -0.015579 0.520562 -0.301150
v -0.004413 0.598604 -0.365278
v -0.034305 0.427058 -0.369278
v -0.011972 0.400832 -0.430953
v -0.043304 0.442264 -0.468909
v -0.043576 0.480899 -0.465783
v -0.031760 0.468990 -0.396637
v 0.000484 0.593904 -0.386696
v 0.010199 0.363310 -0.378254
v -0.056317 0.329288 -0.394383
v -0.005916 0.353967 -0.405119
v -0.020118 0.541897 -0.436820
v 0.008552 0.569595 -0.374042
v -0.000583 0.479197 -0.350565
v -0.012479 0.291879 -0.418374
v -0.029056 0.551084 -0.380104
v 0.004554 0.513169 -0.305943
v -0.016572 0.388631 -0.368651
v -0.005690 0.401696 -0.373860
v -0.004990 0.423022 -0.378328
v 0.006437 0.343847 -0.345314
v 0.006568 0.332242 -0.351941
v 0.005821 0.342934 -0.371640
v -0.020295 0.318627 -0.386212
v -0.013154 0.308145 -0.408791
v -0.008225 0.310185 -0.415456
v 0.017597 0.511462 -0.391329
v -0.012201 0.333150 -0.417255
v -0.000102 0.381858 -0.412486
v -0.041755 0.416713 -0.465978
v -0.010139 0.340749 -0.423382
v -0.006774 0.385556 -0.419696
v -0.020624 0.580614 -0.341265
v -0.006193 0.405552 -0.422223
v -0.012277 0.423117 -0.434453
v -0.019370 0.417789 -0.443205
v 0.001526 0.420794 -0.420911
v -0.024443 0.416387 -0.449848
v -0.034947 0.398710 -0.459196
v -0.038196 0.401928 -0.467023
v -0.038780 0.416813 -0.471583
v -0.024772 0.505035 -0.364914
v 0.011052 0.529532 -0.362175
v -0.036322 0.464319 -0.471874
v -0.009638 0.441366 -0.444066
v -0.010505 0.449301 -0.450271
v 0.000732 0.455604 -0.432243
v -0.005031 0.475903 -0.447863
v -0.046266 0.437818 -0.397676
v -0.029408 0.528315 -0.448652
v 0.019374 0.471962 -0.411240
v -0.000640 0.508589 -0.442893
v 0.009894 0.472848 -0.425211
v 0.012545 0.513577 -0.424024
v 0.015480 0.518796 -0.415493
v -0.011408 0.561194 -0.427422
v 0.016297 0.430265 -0.390440
v -0.019496 0.581479 -0.388701
v 0.012375 0.563017 -0.394704
v 0.020117 0.498997 -0.408103
v 0.018480 0.472780 -0.392010
v 0.003812 0.582498 -0.357956
v 0.002093 0.578090 -0.342108
v 0.001756 0.564457 -0.322269
v -0.018299 0.564022 -0.310058
v 0.014515 0.543378 -0.404999
v -0.000366 0.493644 -0.325534
v -0.010461 0.443388 -0.365146
v -0.002338 0.450053 -0.375590
v -0.002921 0.434809 -0.426970
v 0.021704 0.451099 -0.395848
v -0.041928 0.298602 -0.396613
v -0.035504 0.299290 -0.396847
v -0.044110 0.323585 -0.386792
v -0.036174 0.330353 -0.384255
v -0.023438 0.294395 -0.404472
v -0.014469 0.287881 -0.409158
v -0.025413 0.509362 -0.457121
v -0.014337 0.486550 -0.321430
v 0.005046 0.580319 -0.406676
v -0.041942 0.503535 -0.456201
v -0.041948 0.398667 -0.430033
v 0.005095 0.531940 -0.434528
v -0.031105 0.422151 -0.444346
v -0.039429 0.520054 -0.442447
v -0.013797 0.356584 -0.371890
v -0.038799 0.321685 -0.418777
v -0.012232 0.370837 -0.426880
v -0.035408 0.535624 -0.421319
v -0.020396 0.537512 -0.322181
v -0.029208 0.482426 -0.464880
v -0.020946 0.584480 -0.366101
v 0.006984 0.559211 -0.423377
v -0.057334 0.402218 -0.407308
v -0.033399 0.445624 -0.446832
v 0.013505 0.397833 -0.379804
v -0.009339 0.505430 -0.300173
vn -0.9993 -0.0260 0.0258
vn -0.9995 0.0069 -0.0319
vn -0.9998 -0.0005 -0.0188
vn -0.9999 -0.0104 -0.0015
vn -0.9977 0.0249 -0.0633
vn 0.3773 0.7903 0.4827
vn 0.3726 0.7798 0.5030
vn 0.3763 0.8251 0.4214
vn 0.3768 0.8279 0.4154
vn 0.3674 0.7678 0.5249
vn 0.3764 0.8221 0.4271
vn 0.4199 0.8590 0.2928
vn 0.4270 0.8622 0.2725
vn 0.4339 0.8648 0.2527
vn -0.3059 -0.0673 0.9497
vn -0.6632 -0.0232 0.7480
vn -0.6717 0.0185 0.7405
vn -0.3132 -0.0003 0.9497
vn -0.6394 -0.0099 0.7688
vn -0.5750 0.0253 0.8178
vn -0.5508 -0.0243 0.8343
vn -0.7349 -0.2307 0.6378
vn -0.3920 -0.2898 0.8731
vn 0.8686 -0.0032 -0.4954
vn 0.9390 -0.0656 -0.3377
vn 0.8364 0.0282 -0.5474
vn 0.9150 -0.0210 -0.4028
vn 0.8722 -0.0972 -0.4793
vn 0.7455 0.0226 -0.6661
vn 0.6163 0.0600 -0.7852
vn 0.7704 -0.0006 -0.6375
vn 0.8632 -0.0044 -0.5048
vn -0.8704 -0.1130 0.4791
vn -0.8905 -0.1484 0.4300
vn -0.8901 -0.1285 0.4374
vn -0.8726 -0.0765 0.4824
vn -0.9905 0.0028 0.1375
vn -0.9039 -0.1377 0.4049
vn -0.9430 -0.0771 0.3238
vn -0.9324 -0.0770 0.3530
vn -0.9294 -0.0350 0.3675
vn -0.6116 0.0349 0.7904
vn -0.4681 0.0920 0.8789
vn -0.6190 0.0383 0.7845
vn -0.4711 0.1408 0.8708
vn -0.3091 0.1829 0.9333
vn -0.2983 0.1710 0.9390
vn -0.9855 0.1621 0.0499
vn -0.9933 -0.0698 0.0925
vn -0.9817 -0.1395 0.1296
vn -0.9891 0.1367 0.0541
vn -0.9900 -0.0547 0.1301
vn -0.9790 -0.0851 0.1852
vn -0.9633 -0.1126 0.2436
vn -0.9521 -0.1810 0.2466
vn 0.4618 -0.2830 -0.8406
vn 0.4514 -0.1735 -0.8753
vn 0.4511 -0.1632 -0.8774
vn 0.4465 -0.2456 -0.8604
vn 0.4784 -0.1506 -0.8651
vn 0.4749 -0.1379 -0.8692
vn 0.4727 -0.1252 -0.8723
vn 0.4522 -0.1531 -0.8787
vn 0.4342 -0.2097 -0.8761
vn -0.8547 -0.2320 -0.4643
vn -0.8793 -0.1624 -0.4477
vn -0.6659 -0.2368 -0.7075
vn -0.6582 -0.2756 -0.7005
vn -0.8861 -0.0230 -0.4628
vn -0.6644 -0.0088 -0.7473
vn -0.6645 0.0195 -0.7470
vn -0.6649 -0.2437 -0.7061
vn -0.6588 -0.2707 -0.7020
vn 0.9973 -0.0484 0.0556
vn 0.9681 0.2486 0.0310
vn 0.9412 0.3308 0.0693
vn 0.9910 -0.0365 0.1285
vn 0.9806 0.1585 0.1150
vn 0.9763 0.2011 0.0798
vn 0.9519 0.2947 0.0837
vn 0.9315 0.3576 0.0661
vn 0.9925 -0.0026 0.1222
vn 0.6942 -0.0141 -0.7196
vn 0.7171 -0.1123 -0.6878
vn 0.7155 -0.0804 -0.6939
vn 0.6946 -0.0310 -0.7187
vn 0.7555 -0.1576 -0.6359
vn 0.7558 -0.1308 -0.6416
vn 0.5998 -0.1463 -0.7867
vn 0.6338 -0.1063 -0.7661
vn 0.7495 -0.1841 -0.6359
vn 0.7893 -0.2124 -0.5761
vn 0.7912 -0.1802 -0.5844
vn 0.8059 -0.2945 -0.5135
vn 0.8133 -0.2483 -0.5262
vn 0.6476 -0.1929 -0.7371
vn 0.5943 -0.1717 -0.7857
vn 0.2358 0.2629 0.9356
vn 0.2614 0.5371 0.8020
vn 0.2620 0.5304 0.8062
vn 0.2021 0.4809 0.8532
vn 0.2900 0.5307 0.7964
vn 0.2905 0.5263 0.7991
vn 0.2913 0.5247 0.7999
vn 0.2608 0.5235 0.8111
vn 0.2133 0.4958 0.8418
vn -0.8198 -0.5522 -0.1519
vn -0.6818 -0.3439 -0.6456
vn -0.6827 -0.3769 -0.6260
vn -0.6830 -0.3364 -0.6484
vn -0.2094 0.2585 0.9430
vn -0.6757 -0.0661 0.7342
vn -0.6813 -0.0713 0.7285
vn -0.6731 -0.0314 0.7389
vn -0.6717 -0.0494 0.7392
vn -0.6828 -0.0727 0.7270
vn -0.6716 -0.0237 0.7405
vn -0.9490 0.3134 -0.0332
vn -0.7325 0.6078 -0.3068
vn -0.6219 0.6750 -0.3971
vn -0.6354 0.7154 -0.2907
vn -0.7165 0.5802 -0.3873
vn -0.5935 0.6292 -0.5019
vn -0.4581 0.5992 -0.6565
vn -0.4578 0.6078 -0.6488
vn -0.3566 0.6996 -0.6192
vn -0.6670 -0.0619 0.7425
vn 0.4868 -0.1221 -0.8649
vn 0.4856 -0.1162 -0.8665
vn 0.5005 -0.1294 -0.8560
vn 0.4997 -0.1262 -0.8569
vn 0.4999 -0.1249 -0.8570
vn 0.4853 -0.1102 -0.8674
vn -0.8767 0.0082 0.4810
vn -0.8446 0.0075 0.5353
vn -0.8329 -0.0112 0.5534
vn -0.8293 -0.0137 0.5586
vn -0.7104 0.0827 -0.6989
vn -0.4029 -0.1528 -0.9024
vn -0.5637 0.1425 -0.8136
vn -0.4493 0.0629 -0.8911
vn -0.4506 0.0319 -0.8921
vn -0.8187 0.2499 -0.5170
vn 0.6425 -0.0377 -0.7654
vn 0.6672 -0.0857 -0.7400
vn 0.6376 -0.0499 -0.7687
vn 0.6058 0.0024 -0.7956
vn 0.6464 -0.1417 -0.7497
vn 0.6427 -0.1005 -0.7595
vn 0.6534 -0.0636 -0.7544
vn 0.6385 -0.0287 -0.7691
vn 0.6072 0.0100 -0.7945
vn -0.8233 0.4463 -0.3505
vn -0.6563 0.4206 -0.6264
vn -0.9139 0.3529 -0.2004
vn -0.8325 0.1572 -0.5312
vn -0.9270 0.0366 0.3733
vn -0.8998 0.1152 0.4209
vn -0.9235 0.0364 0.3819
vn -0.9622 -0.0393 0.2694
vn -0.9595 -0.0305 0.2800
vn -0.9617 -0.0378 0.2715
vn -0.9612 -0.0225 0.2750
vn -0.9612 -0.0201 0.2752
vn -0.9176 -0.1235 -0.3779
vn -0.9244 0.0373 -0.3795
vn -0.9249 0.0124 -0.3799
vn -0.9761 -0.1138 -0.1853
vn -0.9888 -0.0088 -0.1487
vn -0.9891 -0.0421 -0.1409
vn -0.9746 -0.1378 -0.1765
vn -0.9871 0.0931 -0.1302
vn -0.9914 0.0574 -0.1180
vn 0.5083 -0.1393 -0.8499
vn 0.5079 -0.1377 -0.8503
vn 0.4900 -0.0914 -0.8669
vn 0.4561 -0.0162 -0.8898
vn 0.4402 0.0168 -0.8977
vn 0.5077 -0.1361 -0.8507
vn -0.7636 -0.3055 0.5688
vn -0.7640 -0.3068 0.5676
vn -0.7394 -0.2850 0.6100
vn -0.7406 -0.2924 0.6049
vn -0.9257 -0.1082 0.3625
vn -0.7364 -0.2790 0.6164
vn -0.6977 -0.2294 0.6787
vn -0.6938 -0.2199 0.6857
vn -0.6777 -0.1872 0.7111
vn -0.9073 0.1972 -0.3713
vn -0.9319 0.3113 -0.1862
vn -0.9078 -0.1534 0.3904
vn -0.9409 -0.0946 0.3251
vn -0.9118 -0.1664 0.3753
vn -0.9450 -0.1065 0.3093
vn -0.9156 -0.1794 0.3600
vn -0.9446 -0.1267 0.3029
vn 0.8441 -0.2852 -0.4540
vn 0.8537 -0.2803 -0.4390
vn 0.8548 -0.2561 -0.4514
vn 0.8430 -0.2663 -0.4674
vn 0.8574 -0.2446 -0.4528
vn 0.8567 -0.2541 -0.4489
vn 0.8786 -0.2997 -0.3718
vn 0.8996 -0.1812 -0.3975
vn 0.9137 -0.2363 -0.3306
vn 0.3875 0.7249 0.5694
vn 0.3857 0.7207 0.5760
vn 0.3707 0.7263 0.5789
vn 0.3703 0.7308 0.5734
vn 0.3842 0.7174 0.5811
vn 0.3715 0.7216 0.5842
vn -0.9876 -0.0385 0.1523
vn -0.9772 -0.0265 0.2107
vn -0.9839 -0.0772 0.1610
vn -0.9725 -0.0538 0.2268
vn -0.9794 -0.1166 0.1651
vn -0.9704 -0.1014 0.2190
vn -0.9690 -0.0866 0.2312
vn -0.9678 -0.0750 0.2401
vn -0.9893 -0.0756 0.1251
vn -0.9907 -0.0906 0.1017
vn -0.9943 -0.0504 0.0935
vn -0.9962 -0.0391 0.0784
vn 0.8046 -0.3277 -0.4952
vn 0.7820 -0.2855 -0.5541
vn 0.8411 -0.3080 -0.4446
vn 0.8538 -0.3655 -0.3707
vn 0.8365 -0.3385 -0.4310
vn 0.8411 -0.4058 -0.3576
vn -0.9810 -0.1324 0.1419
vn -0.9853 -0.1367 0.1022
vn -0.9854 -0.1332 0.1061
vn -0.9861 0.1126 0.1221
vn -0.9882 0.1381 0.0669
vn -0.9803 0.1946 0.0326
vn -0.9746 0.0960 0.2022
vn -0.9800 0.0902 0.1775
vn -0.9751 -0.1279 0.1813
vn -0.9821 -0.0953 0.1628
vn -0.9787 0.1983 0.0527
vn -0.9067 0.4183 0.0540
vn -0.9114 0.4103 0.0321
vn -0.9041 0.4266 0.0232
vn -0.9910 -0.0011 0.1335
vn -0.9771 0.0219 0.2119
vn -0.9837 -0.0133 0.1792
vn -0.9064 -0.1723 0.3856
vn -0.9058 -0.2103 0.3679
vn -0.8681 -0.2847 0.4066
vn -0.9498 -0.1126 0.2918
vn -0.9709 -0.0795 0.2258
vn -0.8749 -0.2737 0.3996
vn -0.9823 -0.0492 0.1808
vn 0.5479 0.8362 -0.0222
vn 0.4841 0.8653 0.1302
vn 0.4865 0.8655 0.1191
vn 0.5531 0.8319 -0.0461
vn 0.4891 0.8655 0.1080
vn 0.5595 0.8252 -0.0779
vn -0.6659 -0.1243 0.7356
vn -0.6595 -0.1003 0.7450
vn -0.6762 -0.1449 0.7224
vn 0.9245 0.0542 0.3773
vn 0.9355 0.0453 0.3504
vn 0.9354 0.0441 0.3507
vn 0.9240 0.0453 0.3796
vn 0.9347 0.0815 0.3459
vn 0.9348 0.0803 0.3460
vn 0.9353 0.0720 0.3465
vn 0.9355 0.0429 0.3508
vn 0.9236 0.0329 0.3818
vn -0.9051 -0.0291 0.4243
vn -0.9164 0.0048 0.4003
vn -0.9645 -0.0104 0.2639
vn -0.9627 -0.0243 0.2694
vn -0.9644 -0.0161 0.2640
vn -0.9628 -0.0130 0.2699
vn -0.9650 -0.0373 0.2598
vn -0.9642 -0.0419 0.2619
vn -0.9643 -0.0439 0.2612
vn -0.9651 -0.0388 0.2589
vn -0.9137 0.4064 0.0092
vn -0.9053 0.4247 0.0044
vn 0.6848 0.6891 -0.2372
vn 0.6120 0.7710 -0.1764
vn 0.6169 0.7606 -0.2022
vn 0.6929 0.6643 -0.2802
vn 0.8815 0.4718 -0.0201
vn 0.8994 0.4177 -0.1285
vn 0.8324 -0.3912 -0.3926
vn 0.8450 -0.4269 -0.3221
vn 0.9044 -0.2807 -0.3213
vn 0.8393 -0.4427 -0.3156
vn 0.9228 -0.3164 -0.2198
vn -0.9420 -0.3318 -0.0498
vn -0.9632 -0.2222 -0.1511
vn -0.9644 -0.2153 -0.1533
vn -0.8492 -0.5160 0.1120
vn -0.8558 -0.2815 -0.4340
vn 0.8062 -0.2171 -0.5504
vn 0.8092 -0.2950 -0.5081
vn 0.7133 -0.2473 -0.6558
vn 0.7400 -0.3123 -0.5957
vn 0.1202 0.6804 -0.7229
vn -0.0457 0.6939 -0.7186
vn -0.0833 0.5762 -0.8130
vn 0.1000 0.6199 -0.7783
vn -0.2453 0.5179 -0.8195
vn -0.2605 0.4507 -0.8538
vn -0.1239 0.4450 -0.8869
vn 0.4826 0.2426 -0.8416
vn 0.9798 0.1293 0.1525
vn 0.9737 0.1113 0.1990
vn 0.9733 0.1025 0.2054
vn 0.9832 0.0866 0.1609
vn 0.9878 0.0992 0.1204
vn 0.9750 0.0995 0.1989
vn 0.9010 -0.3116 0.3018
vn 0.9057 -0.3280 0.2684
vn 0.9051 -0.3708 0.2080
vn 0.9058 -0.3590 0.2250
vn 0.9302 -0.1478 0.3360
vn 0.9857 -0.1579 0.0593
vn 0.8962 -0.3942 0.2036
vn 0.8955 -0.3826 0.2273
vn 0.4105 -0.3613 -0.8372
vn 0.4326 -0.3555 -0.8285
vn 0.4267 -0.3327 -0.8410
vn 0.4002 -0.3493 -0.8473
vn 0.4255 -0.3096 -0.8503
vn 0.3748 -0.3201 -0.8701
vn -0.9853 -0.1304 0.1105
vn -0.9741 0.2260 -0.0005
vn 0.9064 -0.3928 0.1557
vn 0.8988 -0.4065 0.1639
vn 0.9003 -0.3987 0.1747
vn 0.9067 -0.3856 0.1706
vn 0.8926 -0.4119 0.1831
vn 0.8938 -0.4067 0.1892
vn 0.5370 -0.0666 0.8409
vn 0.1893 -0.2606 0.9467
vn 0.3626 0.0479 0.9307
vn 0.1496 -0.1424 0.9784
vn 0.3382 0.3825 0.8599
vn 0.4904 0.3504 0.7980
vn 0.4268 0.1830 0.8856
vn 0.5706 0.1698 0.8035
vn 0.6285 -0.0175 0.7776
vn 0.7150 -0.1173 0.6892
vn 0.5074 0.0193 0.8615
vn 0.6530 -0.1006 0.7506
vn 0.3042 0.5281 0.7928
vn 0.9424 -0.3290 -0.0607
vn 0.9528 -0.2320 -0.1957
vn 0.9368 -0.1286 -0.3253
vn 0.2666 -0.3468 0.8992
vn -0.1706 -0.6951 0.6984
vn -0.1582 -0.6835 0.7126
vn -0.0147 -0.5374 0.8432
vn -0.0628 -0.3950 0.9165
vn -0.0537 -0.3750 0.9255
vn -0.4702 -0.5988 0.6483
vn 0.2565 -0.3874 0.8855
vn 0.8366 0.1750 0.5192
vn 0.6931 0.1477 0.7056
vn 0.7914 0.1734 0.5862
vn 0.5337 -0.0952 0.8403
vn 0.5328 -0.1397 0.8346
vn 0.8703 0.1948 0.4523
vn 0.8663 0.1905 0.4618
vn 0.8639 0.1858 0.4682
vn 0.9807 0.0318 0.1928
vn 0.9359 0.0773 0.3436
vn 0.9789 0.1350 0.1530
vn 0.8521 -0.0132 0.5232
vn 0.8438 0.0420 0.5351
vn 0.9830 0.1203 -0.1385
vn 0.9891 0.1271 -0.0749
vn 0.8595 0.1151 0.4981
vn 0.8571 0.1768 0.4838
vn 0.8497 0.1742 0.4977
vn 0.7070 -0.2913 -0.6444
vn 0.6127 -0.2462 -0.7510
vn -0.9506 -0.0038 0.3105
vn -0.9491 -0.0363 0.3130
vn -0.8913 -0.0526 0.4504
vn 0.8421 0.1716 0.5113
vn 0.8589 0.1204 0.4977
vn 0.8589 0.1141 0.4993
vn 0.5047 -0.1957 -0.8408
vn 0.4731 -0.1639 -0.8656
vn 0.4354 -0.1270 -0.8912
vn -0.9592 0.2304 0.1640
vn -0.9421 0.3044 0.1406
vn -0.9601 0.2517 0.1221
vn -0.9432 0.3102 0.1190
vn -0.9372 0.3481 -0.0232
vn -0.9366 0.3465 0.0518
vn 0.3609 -0.0568 -0.9309
vn 0.3565 -0.1198 -0.9266
vn 0.4253 -0.1910 -0.8847
vn 0.9319 0.1167 0.3436
vn 0.3944 0.1050 -0.9129
vn 0.4289 -0.2423 -0.8703
vn 0.3508 -0.1824 -0.9185
vn 0.7875 -0.5733 0.2261
vn 0.8229 -0.5392 0.1791
vn 0.7782 -0.5762 0.2498
vn 0.7766 -0.5872 0.2281
vn 0.8498 -0.4680 -0.2426
vn 0.7757 -0.5923 0.2179
vn 0.7746 -0.5979 0.2063
vn 0.6237 -0.2509 -0.7404
vn 0.6281 -0.1972 -0.7527
vn 0.6284 -0.1926 -0.7537
vn 0.6307 -0.1428 -0.7628
vn -0.9979 -0.0319 0.0569
vn 0.9937 0.1121 0.0095
vn 0.5902 0.0560 -0.8053
vn 0.5863 0.1090 -0.8027
vn 0.5806 0.0737 -0.8108
vn 0.8608 -0.4976 0.1070
vn 0.8550 -0.4669 -0.2260
vn 0.6992 -0.1003 -0.7079
vn 0.6916 -0.0700 -0.7189
vn 0.8825 -0.3028 -0.3598
vn 0.7535 -0.3839 -0.5337
vn 0.7011 -0.3032 -0.6454
vn 0.6124 0.0075 -0.7905
vn 0.6833 -0.0397 -0.7290
vn -0.9329 0.3482 -0.0922
vn -0.8832 0.4685 -0.0222
vn -0.8926 0.4495 -0.0333
vn -0.9484 0.3012 -0.0992
vn 0.2695 0.4898 -0.8291
vn 0.1879 0.6818 -0.7070
vn 0.2752 0.5031 -0.8192
vn 0.7714 0.0758 -0.6318
vn 0.7152 0.0694 -0.6954
vn 0.7187 0.0271 -0.6948
vn 0.7787 0.0534 -0.6252
vn 0.8825 -0.1147 -0.4561
vn 0.5789 0.1033 -0.8088
vn 0.7381 0.0192 -0.6744
vn 0.7516 0.0461 -0.6580
vn 0.9644 -0.2055 -0.1666
vn 0.8796 0.0394 -0.4740
vn 0.9555 0.0020 -0.2950
vn 0.9008 0.1323 -0.4135
vn 0.9480 -0.0016 -0.3183
vn 0.9718 0.1008 -0.2130
vn 0.9399 -0.0053 -0.3415
vn 0.8822 0.0431 -0.4688
vn -0.3056 0.4461 -0.8412
vn 0.2659 0.2896 0.9195
vn 0.3853 0.1733 0.9064
vn 0.3789 0.1147 0.9183
vn 0.2570 0.2698 0.9280
vn 0.4776 0.1320 0.8686
vn 0.4735 0.0950 0.8757
vn -0.8779 0.4622 -0.1253
vn -0.8192 0.5352 -0.2060
vn -0.8687 0.4528 -0.2007
vn -0.8038 0.5150 -0.2980
vn 0.9959 0.0797 0.0433
vn 0.9371 0.3028 -0.1737
vn 0.9943 0.1020 0.0300
vn 0.9493 0.2304 -0.2137
vn 0.8053 0.0905 -0.5859
vn 0.5896 0.0187 0.8075
vn 0.7127 -0.0150 0.7014
vn 0.7165 -0.0967 0.6909
vn 0.5797 -0.0140 0.8147
vn 0.7474 -0.1970 0.6345
vn 0.9835 0.0931 0.1548
vn 0.9867 0.0907 0.1350
vn 0.9732 0.0995 0.2074
vn 0.9948 0.0813 0.0618
vn 0.9949 0.0758 0.0670
vn 0.9949 0.0750 0.0678
vn 0.9949 0.0703 0.0723
vn -0.9998 0.0012 0.0191
vn -0.9862 0.1230 0.1105
vn -0.9854 0.0864 0.1466
vn -0.9951 -0.0063 0.0990
vn -0.9852 -0.0061 0.1711
vn 0.9859 0.1644 -0.0307
vn 0.9398 0.1982 -0.2783
vn 0.8931 -0.4049 0.1960
vn 0.8957 -0.2954 0.3323
vn 0.8484 -0.2574 0.4626
vn 0.7835 -0.2141 0.5833
vn 0.5684 -0.2569 -0.7816
vn 0.5867 -0.3482 -0.7311
vn 0.5032 0.0936 0.8591
vn -0.5852 -0.7322 0.3485
vn 0.6001 -0.1150 0.7916
vn 0.3469 -0.2900 0.8920
vn 0.3634 -0.2435 0.8993
vn -0.7303 -0.4656 0.4999
vn 0.0960 -0.3514 0.9313
vn 0.2092 -0.3421 0.9161
vn 0.3197 -0.3283 0.8888
vn 0.3917 0.2688 -0.8800
vn 0.3966 0.3505 -0.8484
vn 0.4841 0.1843 -0.8554
vn 0.4898 0.2436 -0.8371
vn -0.7663 -0.3404 0.5448
vn -0.7680 -0.3473 0.5382
vn -0.7542 -0.3869 0.5306
vn -0.7556 -0.3927 0.5243
vn 0.8368 0.4209 -0.3501
vn 0.7692 0.5700 -0.2888
vn 0.7762 0.5350 -0.3336
vn 0.8379 0.3874 -0.3845
vn -0.9656 -0.0339 0.2578
vn -0.9688 -0.0534 0.2419
vn -0.9702 -0.0602 0.2347
vn -0.9654 -0.0327 0.2586
vn -0.8429 0.1578 -0.5145
vn -0.5542 0.2171 -0.8036
vn -0.5452 0.2814 -0.7897
vn 0.7677 0.0648 -0.6375
vn 0.7688 0.0700 -0.6356
vn 0.8140 0.1832 -0.5512
vn 0.8112 0.1736 -0.5584
vn -0.8182 -0.0383 0.5737
vn -0.8212 -0.0165 0.5704
vn -0.8171 -0.0255 0.5760
vn -0.8189 -0.0166 0.5737
vn -0.9653 -0.0872 0.2463
vn -0.9688 -0.0819 0.2338
vn -0.9654 -0.0871 0.2458
vn -0.9704 -0.0905 0.2239
vn 0.0998 -0.0227 0.9947
vn 0.0999 -0.0172 0.9948
vn -0.6672 -0.3129 -0.6760
vn -0.6695 -0.2978 -0.6805
vn 0.8940 0.0697 0.4426
vn 0.8936 0.0510 0.4459
vn 0.8918 0.0331 0.4513
vn -0.9656 -0.0766 0.2487
vn -0.9643 -0.0720 0.2547
vn -0.9869 -0.0547 0.1520
vn 0.5516 0.1530 -0.8200
vn 0.5447 0.1038 -0.8322
vn -0.9161 0.3986 -0.0423
vn -0.9114 0.3964 -0.1101
vn 0.8380 0.2699 -0.4743
vn 0.8380 0.2740 -0.4719
vn -0.9804 0.1427 -0.1358
vn -0.9807 0.1402 -0.1362
vn -0.8414 -0.0570 0.5374
vn -0.8449 -0.0213 0.5344
vn 0.1778 0.4255 0.8873
vn 0.1752 0.4147 0.8929
vn -0.7403 -0.4317 0.5154
vn -0.7417 -0.4374 0.5084
vn -0.7317 -0.4403 0.5204
vn -0.7324 -0.4461 0.5143
vt 0.085876 0.002930
vt 0.076050 0.018066
vt 0.067708 0.014160
vt 0.068451 0.004639
vt 0.066223 0.033203
vt 0.058624 0.019775
vt 0.051025 0.006348
vt 0.058884 0.043457
vt 0.056264 0.031087
vt 0.051544 0.053711
vt 0.051285 0.030029
vt 0.716309 0.654297
vt 0.720703 0.650513
vt 0.724365 0.657166
vt 0.720703 0.660767
vt 0.725098 0.646729
vt 0.728027 0.653565
vt 0.730957 0.660400
vt 0.728027 0.663818
vt 0.725098 0.667236
vt 0.826660 0.418945
vt 0.825684 0.426514
vt 0.812500 0.420532
vt 0.813477 0.413086
vt 0.824707 0.434082
vt 0.811523 0.427979
vt 0.798340 0.421875
vt 0.799317 0.414551
vt 0.800293 0.407227
vt 0.808106 0.673340
vt 0.814697 0.680054
vt 0.808350 0.688477
vt 0.801025 0.679810
vt 0.821289 0.686768
vt 0.815674 0.697144
vt 0.810059 0.707520
vt 0.802002 0.696899
vt 0.793945 0.686279
vt 0.854004 0.506104
vt 0.864014 0.505982
vt 0.861572 0.517151
vt 0.850342 0.515991
vt 0.874024 0.505859
vt 0.872803 0.518311
vt 0.871582 0.530762
vt 0.859131 0.528320
vt 0.846680 0.525879
vt 0.823731 0.443115
vt 0.810669 0.436157
vt 0.822754 0.452148
vt 0.809815 0.444336
vt 0.796875 0.436523
vt 0.797607 0.429199
vt 0.894043 0.478516
vt 0.901611 0.485108
vt 0.893921 0.499634
vt 0.884033 0.492188
vt 0.909180 0.491699
vt 0.903809 0.507080
vt 0.898438 0.522461
vt 0.886231 0.514160
vt 0.972656 0.670410
vt 0.955078 0.678833
vt 0.947876 0.672424
vt 0.966065 0.664795
vt 0.937500 0.687256
vt 0.929688 0.680054
vt 0.921875 0.672852
vt 0.940674 0.666016
vt 0.959473 0.659180
vt 0.783692 0.451172
vt 0.794922 0.457764
vt 0.789307 0.471191
vt 0.777100 0.464844
vt 0.806152 0.464356
vt 0.801514 0.477539
vt 0.796875 0.490723
vt 0.783691 0.484619
vt 0.770508 0.478516
vt 0.762695 0.628662
vt 0.752686 0.637695
vt 0.737915 0.623657
vt 0.745606 0.615601
vt 0.742676 0.646729
vt 0.730225 0.631714
vt 0.717773 0.616699
vt 0.723145 0.609619
vt 0.728516 0.602539
vt 0.825684 0.653809
vt 0.833252 0.650635
vt 0.839600 0.661316
vt 0.831543 0.665405
vt 0.840820 0.647461
vt 0.847656 0.657227
vt 0.854492 0.666992
vt 0.845947 0.671997
vt 0.837402 0.677002
vt 0.850098 0.642456
vt 0.855225 0.653198
vt 0.859375 0.637451
vt 0.862793 0.649170
vt 0.866211 0.660889
vt 0.860352 0.663940
vt 0.875488 0.608643
vt 0.887451 0.601440
vt 0.893677 0.604858
vt 0.883057 0.612305
vt 0.899414 0.594238
vt 0.904297 0.597412
vt 0.909180 0.600586
vt 0.899902 0.608276
vt 0.890625 0.615967
vt 0.758789 0.432129
vt 0.749023 0.445312
vt 0.740072 0.444499
vt 0.740479 0.437500
vt 0.739258 0.458496
vt 0.730713 0.450684
vt 0.722168 0.442871
vt 0.798340 0.421875
vt 0.797607 0.429199
vt 0.790039 0.426270
vt 0.786621 0.421143
vt 0.796875 0.436523
vt 0.785889 0.428467
vt 0.774902 0.420410
vt 0.848633 0.424316
vt 0.845215 0.441406
vt 0.834473 0.442261
vt 0.836670 0.429199
vt 0.841797 0.458496
vt 0.832276 0.455322
vt 0.728027 0.706543
vt 0.733887 0.693726
vt 0.741089 0.698303
vt 0.737061 0.712402
vt 0.739746 0.680908
vt 0.745117 0.684204
vt 0.750488 0.687500
vt 0.748291 0.702881
vt 0.746094 0.718262
vt 0.848633 0.424316
vt 0.836670 0.429199
vt 0.833333 0.425781
vt 0.837646 0.421631
vt 0.824707 0.434082
vt 0.825684 0.426514
vt 0.826660 0.418945
vt 0.923584 0.693848
vt 0.916626 0.685425
vt 0.909668 0.700440
vt 0.903565 0.690796
vt 0.897461 0.681152
vt 0.909668 0.677002
vt 0.810059 0.504395
vt 0.803467 0.497559
vt 0.811849 0.496908
vt 0.819336 0.500000
vt 0.796875 0.490723
vt 0.812744 0.493164
vt 0.828613 0.495605
vt 0.841797 0.501465
vt 0.835205 0.498535
vt 0.834798 0.491048
vt 0.837891 0.488770
vt 0.831299 0.485840
vt 0.833984 0.476074
vt 0.835938 0.711670
vt 0.856934 0.712524
vt 0.856812 0.727417
vt 0.840820 0.728027
vt 0.877930 0.713379
vt 0.872803 0.726807
vt 0.867676 0.740234
vt 0.856690 0.742310
vt 0.845703 0.744385
vt 0.847900 0.481445
vt 0.845866 0.488119
vt 0.861816 0.486816
vt 0.851807 0.494141
vt 0.809570 0.523926
vt 0.802246 0.517212
vt 0.804850 0.512939
vt 0.809814 0.514160
vt 0.794922 0.510498
vt 0.802490 0.507446
vt 0.854492 0.545654
vt 0.846680 0.542725
vt 0.846680 0.537109
vt 0.850586 0.535767
vt 0.838867 0.539795
vt 0.842773 0.532837
vt 0.846680 0.525879
vt 0.852539 0.498128
vt 0.847900 0.503784
vt 0.857910 0.496460
vt 0.854004 0.506104
vt 0.802368 0.451050
vt 0.790283 0.443848
vt 0.814453 0.458252
vt 0.900635 0.705078
vt 0.893433 0.695251
vt 0.891602 0.709717
vt 0.883301 0.699707
vt 0.875000 0.689697
vt 0.886231 0.685425
vt 0.908692 0.429688
vt 0.910156 0.437500
vt 0.892212 0.439575
vt 0.889649 0.429443
vt 0.911621 0.445313
vt 0.894776 0.449707
vt 0.877930 0.454102
vt 0.874268 0.441650
vt 0.870606 0.429199
vt 0.863281 0.499593
vt 0.864014 0.505981
vt 0.867920 0.496338
vt 0.874023 0.505859
vt 0.871582 0.530762
vt 0.872803 0.518311
vt 0.876628 0.521403
vt 0.877930 0.529175
vt 0.879150 0.516724
vt 0.884277 0.527588
vt 0.886230 0.514160
vt 0.885579 0.518636
vt 0.898438 0.522461
vt 0.891357 0.525024
vt 0.960938 0.637940
vt 0.949463 0.645142
vt 0.937500 0.634033
vt 0.948242 0.626465
vt 0.937988 0.652344
vt 0.926758 0.641602
vt 0.915527 0.630859
vt 0.925537 0.622925
vt 0.935547 0.614990
vt 0.703125 0.624756
vt 0.710449 0.620728
vt 0.715576 0.635620
vt 0.709717 0.639526
vt 0.721436 0.631714
vt 0.909180 0.491699
vt 0.916748 0.498169
vt 0.910645 0.506266
vt 0.903809 0.507080
vt 0.924316 0.504639
vt 0.911377 0.513550
vt 0.931885 0.512329
vt 0.929525 0.518962
vt 0.924561 0.518433
vt 0.939453 0.520020
vt 0.932129 0.526123
vt 0.924805 0.532227
vt 0.945801 0.480469
vt 0.935059 0.492554
vt 0.926432 0.492269
vt 0.927490 0.486084
vt 0.896973 0.645020
vt 0.881592 0.652954
vt 0.878296 0.639832
vt 0.893799 0.630493
vt 0.862793 0.649170
vt 0.875000 0.626709
vt 0.952881 0.485840
vt 0.952474 0.492350
vt 0.948730 0.492920
vt 0.959961 0.491211
vt 0.955811 0.498291
vt 0.951660 0.505371
vt 0.970215 0.472656
vt 0.965088 0.481934
vt 0.958659 0.481445
vt 0.958008 0.476562
vt 0.911621 0.445312
vt 0.902832 0.461914
vt 0.894531 0.459310
vt 0.894775 0.449707
vt 0.894043 0.478516
vt 0.885986 0.466309
vt 0.877930 0.454102
vt 0.928711 0.462891
vt 0.930501 0.455078
vt 0.939941 0.459961
vt 0.922852 0.442383
vt 0.934082 0.439453
vt 0.944336 0.435547
vt 0.952148 0.437500
vt 0.950928 0.440430
vt 0.954590 0.431641
vt 0.961182 0.436523
vt 0.967773 0.441406
vt 0.731934 0.673828
vt 0.728516 0.670532
vt 0.731445 0.667358
vt 0.734863 0.670898
vt 0.734375 0.664185
vt 0.737793 0.667969
vt 0.859741 0.441528
vt 0.859619 0.426758
vt 0.859863 0.456299
vt 0.885132 0.680542
vt 0.896484 0.676392
vt 0.873779 0.684692
vt 0.872559 0.679688
vt 0.884033 0.675659
vt 0.895508 0.671631
vt 0.827637 0.515137
vt 0.837158 0.520508
vt 0.833618 0.528198
vt 0.824463 0.523560
vt 0.842773 0.532837
vt 0.838867 0.539795
vt 0.830078 0.535889
vt 0.821289 0.531982
vt 0.872070 0.548096
vt 0.863281 0.546875
vt 0.861206 0.537598
vt 0.871826 0.539429
vt 0.854492 0.545654
vt 0.850586 0.535767
vt 0.885987 0.466309
vt 0.876953 0.481323
vt 0.869873 0.470459
vt 0.867920 0.496338
vt 0.861817 0.486816
vt 0.735840 0.677368
vt 0.739014 0.674133
vt 0.743164 0.677368
vt 0.742188 0.670898
vt 0.746582 0.673828
vt 0.906250 0.637940
vt 0.903076 0.623108
vt 0.912354 0.615723
vt 0.774902 0.420410
vt 0.785889 0.428467
vt 0.778565 0.435059
vt 0.766846 0.426270
vt 0.771240 0.441650
vt 0.758789 0.432129
vt 0.928711 0.656860
vt 0.917481 0.647400
vt 0.919434 0.661377
vt 0.908203 0.653198
vt 0.763672 0.728516
vt 0.754883 0.723389
vt 0.765015 0.711121
vt 0.774170 0.715698
vt 0.755859 0.706543
vt 0.765625 0.694824
vt 0.775147 0.698853
vt 0.784668 0.702881
vt 0.753174 0.652222
vt 0.747681 0.661560
vt 0.740234 0.657349
vt 0.763672 0.657715
vt 0.755127 0.665772
vt 0.830078 0.594971
vt 0.810791 0.618042
vt 0.793579 0.614197
vt 0.810059 0.593506
vt 0.791504 0.641113
vt 0.777100 0.634888
vt 0.776367 0.610352
vt 0.790039 0.592041
vt 0.994141 0.659180
vt 0.983399 0.664795
vt 0.976196 0.659973
vt 0.986328 0.655151
vt 0.968994 0.655151
vt 0.978516 0.651123
vt 0.945801 0.480469
vt 0.948731 0.492920
vt 0.940308 0.502625
vt 0.935059 0.492554
vt 0.951660 0.505371
vt 0.945557 0.512695
vt 0.939453 0.520020
vt 0.931885 0.512329
vt 0.924317 0.504639
vt 0.742188 0.586182
vt 0.753906 0.587891
vt 0.749756 0.601746
vt 0.735352 0.594360
vt 0.765625 0.589600
vt 0.764160 0.609131
vt 0.745606 0.615601
vt 0.853516 0.588867
vt 0.864502 0.583618
vt 0.868164 0.591960
vt 0.864502 0.598755
vt 0.875488 0.578369
vt 0.875488 0.593506
vt 0.875488 0.608643
vt 0.864014 0.614136
vt 0.860514 0.605713
vt 0.852539 0.619629
vt 0.853027 0.604248
vt 0.844238 0.613037
vt 0.840088 0.609741
vt 0.839600 0.625122
vt 0.826660 0.630615
vt 0.909180 0.600586
vt 0.904297 0.597412
vt 0.914551 0.590495
vt 0.922119 0.588623
vt 0.899414 0.594238
vt 0.917236 0.585449
vt 0.935059 0.576660
vt 0.926595 0.597412
vt 0.922363 0.607788
vt 0.935303 0.595825
vt 0.935547 0.614990
vt 0.925537 0.622925
vt 0.920085 0.615479
vt 0.915527 0.630859
vt 0.912354 0.615723
vt 0.486084 0.038574
vt 0.470825 0.042236
vt 0.471191 0.032837
vt 0.486572 0.034180
vt 0.455566 0.045898
vt 0.455811 0.031494
vt 0.456055 0.017090
vt 0.471558 0.023438
vt 0.487061 0.029785
vt 0.937988 0.652344
vt 0.949463 0.645142
vt 0.959147 0.647135
vt 0.958252 0.651733
vt 0.960938 0.637939
vt 0.969727 0.644531
vt 0.978516 0.651123
vt 0.968994 0.655151
vt 0.958659 0.654216
vt 0.959473 0.659180
vt 0.948730 0.655762
vt 0.777588 0.649414
vt 0.786499 0.656494
vt 0.771729 0.663574
vt 0.801270 0.649414
vt 0.811035 0.657715
vt 0.795410 0.663574
vt 0.779785 0.669434
vt 0.919434 0.661377
vt 0.928711 0.656860
vt 0.938965 0.657633
vt 0.939453 0.660278
vt 0.866211 0.660889
vt 0.881592 0.652954
vt 0.894206 0.655762
vt 0.892822 0.661133
vt 0.896973 0.645020
vt 0.908203 0.653198
vt 0.815430 0.527954
vt 0.817139 0.518860
vt 0.809570 0.523926
vt 0.809815 0.514160
vt 0.810059 0.504395
vt 0.818848 0.509766
vt 0.940674 0.666016
vt 0.933594 0.664469
vt 0.921875 0.672852
vt 0.920654 0.667114
vt 0.907471 0.666504
vt 0.893717 0.664632
vt 0.895508 0.671631
vt 0.880859 0.666260
vt 0.698242 0.653809
vt 0.707275 0.654053
vt 0.710449 0.663147
vt 0.700195 0.665527
vt 0.713623 0.672241
vt 0.702148 0.677246
vt 0.878093 0.670736
vt 0.869385 0.670288
vt 0.884033 0.675659
vt 0.872559 0.679688
vt 0.873779 0.684692
vt 0.868327 0.687419
vt 0.864990 0.686279
vt 0.875000 0.689697
vt 0.866211 0.691284
vt 0.857422 0.692871
vt 0.874675 0.697428
vt 0.874512 0.701294
vt 0.883301 0.699707
vt 0.891602 0.709717
vt 0.863525 0.673340
vt 0.864421 0.669189
vt 0.854492 0.666992
vt 0.860352 0.663940
vt 0.877930 0.713379
vt 0.867676 0.703125
vt 0.875651 0.705322
vt 0.884766 0.711548
vt 0.897949 0.716797
vt 0.891276 0.715658
vt 0.904297 0.723877
vt 0.891113 0.718628
vt 0.888672 0.723958
vt 0.880859 0.723999
vt 0.894043 0.729248
vt 0.883789 0.734619
vt 0.876465 0.729411
vt 0.872803 0.726807
vt 0.875732 0.737427
vt 0.867676 0.740234
vt 0.928711 0.462891
vt 0.915161 0.473999
vt 0.902832 0.461914
vt 0.927490 0.486084
vt 0.777100 0.634888
vt 0.765137 0.643555
vt 0.845703 0.744385
vt 0.835693 0.745239
vt 0.835775 0.734049
vt 0.840820 0.728027
vt 0.825684 0.746094
vt 0.830811 0.728882
vt 0.835938 0.711670
vt 0.849609 0.700073
vt 0.852214 0.697673
vt 0.821289 0.686768
vt 0.839355 0.689819
vt 0.856934 0.712524
vt 0.845052 0.703939
vt 0.828613 0.699219
vt 0.829346 0.681885
vt 0.838704 0.685547
vt 0.837402 0.677002
vt 0.847412 0.684937
vt 0.822998 0.709595
vt 0.822428 0.701986
vt 0.810059 0.707520
vt 0.815674 0.697144
vt 0.853882 0.468872
vt 0.837891 0.467285
vt 0.847901 0.481445
vt 0.833984 0.476074
vt 0.784668 0.702881
vt 0.783936 0.719604
vt 0.777181 0.722575
vt 0.774170 0.715698
vt 0.783203 0.736328
vt 0.773438 0.732422
vt 0.763672 0.728516
vt 0.818359 0.655762
vt 0.820557 0.665466
vt 0.809570 0.665527
vt 0.822754 0.675171
vt 0.797363 0.705200
vt 0.796224 0.698893
vt 0.802002 0.696899
vt 0.789307 0.694580
vt 0.793945 0.686279
vt 0.814697 0.680054
vt 0.822266 0.679036
vt 0.808105 0.673340
vt 0.822754 0.675171
vt 0.782959 0.685425
vt 0.791341 0.681396
vt 0.801025 0.679810
vt 0.771973 0.684570
vt 0.790039 0.678955
vt 0.775879 0.677002
vt 0.786621 0.675781
vt 0.779785 0.669434
vt 0.793945 0.671387
vt 0.746094 0.718262
vt 0.748291 0.702881
vt 0.754069 0.700195
vt 0.755859 0.706543
vt 0.750488 0.687500
vt 0.758057 0.691162
vt 0.765625 0.694824
vt 0.844849 0.633789
vt 0.855957 0.628540
vt 0.833740 0.639038
vt 0.826660 0.630615
vt 0.839600 0.625122
vt 0.852539 0.619629
vt 0.712402 0.692871
vt 0.722168 0.683350
vt 0.728027 0.688538
vt 0.720215 0.699707
vt 0.735840 0.677368
vt 0.746582 0.673828
vt 0.755127 0.665771
vt 0.756022 0.670003
vt 0.752197 0.676147
vt 0.763672 0.657715
vt 0.760742 0.668091
vt 0.757812 0.678467
vt 0.799642 0.666829
vt 0.809570 0.665527
vt 0.795410 0.663574
vt 0.811035 0.657715
vt 0.818359 0.655762
vt 0.813721 0.645813
vt 0.826172 0.642212
vt 0.801270 0.649414
vt 0.809082 0.635864
vt 0.730957 0.660400
vt 0.736816 0.653564
vt 0.737142 0.658366
vt 0.734375 0.664185
vt 0.742676 0.646729
vt 0.740234 0.657349
vt 0.737793 0.667969
vt 0.732910 0.651286
vt 0.733887 0.646729
vt 0.728027 0.653564
vt 0.725098 0.646729
vt 0.728516 0.636719
vt 0.730225 0.631714
vt 0.721436 0.631714
vt 0.717773 0.616699
vt 0.839356 0.548279
vt 0.835449 0.533081
vt 0.843262 0.563477
vt 0.970215 0.472656
vt 0.968994 0.457031
vt 0.967774 0.441406
vt 0.768311 0.672546
vt 0.760742 0.668091
vt 0.775879 0.677002
vt 0.771973 0.684570
vt 0.764893 0.681519
vt 0.757813 0.678467
vt 0.790039 0.592041
vt 0.776367 0.610352
vt 0.772786 0.603434
vt 0.777832 0.590820
vt 0.762695 0.628662
vt 0.764160 0.609131
vt 0.765625 0.589600
vt 0.791504 0.641113
vt 0.810791 0.618042
vt 0.825033 0.608317
vt 0.822510 0.614990
vt 0.830078 0.594971
vt 0.841797 0.591919
vt 0.823893 0.620199
vt 0.809082 0.635864
vt 0.855469 0.679138
vt 0.847412 0.684937
vt 0.863525 0.673340
vt 0.864990 0.686279
vt 0.857422 0.692871
vt 0.840820 0.647461
vt 0.833252 0.650635
vt 0.831055 0.643962
vt 0.833740 0.639038
vt 0.825684 0.653809
vt 0.826172 0.642212
vt 0.484863 0.002930
vt 0.492432 0.008789
vt 0.497884 0.022461
vt 0.496826 0.026367
vt 0.500000 0.014648
vt 0.504395 0.032227
vt 0.508789 0.049805
vt 0.493571 0.027507
vt 0.485962 0.016357
vt 0.497925 0.039795
vt 0.487061 0.029785
vt 0.463135 0.005371
vt 0.473999 0.004150
vt 0.478353 0.012695
vt 0.475098 0.017578
vt 0.456055 0.017090
vt 0.459595 0.011230
vt 0.468750 0.017415
vt 0.471558 0.023438
vt 0.493978 0.039388
vt 0.486572 0.034180
vt 0.497437 0.044189
vt 0.486084 0.038574
vt 0.496419 0.048177
vt 0.490234 0.047363
vt 0.501587 0.052979
vt 0.494385 0.056152
vt 0.783203 0.736328
vt 0.783936 0.719605
vt 0.795776 0.722656
vt 0.794190 0.740112
vt 0.797363 0.705200
vt 0.807617 0.725708
vt 0.805176 0.743897
vt 0.919922 0.427246
vt 0.921387 0.434815
vt 0.931152 0.424805
vt 0.932617 0.432129
vt 0.934082 0.439453
vt 0.922852 0.442383
vt 0.745117 0.684204
vt 0.748657 0.680176
vt 0.754151 0.682983
vt 0.752197 0.676148
vt 0.877930 0.529175
vt 0.879883 0.538086
vt 0.884277 0.527588
vt 0.887940 0.536743
vt 0.891602 0.545898
vt 0.881836 0.546997
vt 0.820068 0.470215
vt 0.816406 0.481690
vt 0.831299 0.485840
vt 0.828613 0.495606
vt 0.812744 0.493164
vt 0.779053 0.692139
vt 0.789307 0.694580
vt 0.768799 0.689697
vt 0.782959 0.685425
vt 0.841797 0.501465
vt 0.834717 0.508301
vt 0.827026 0.504150
vt 0.835205 0.498535
vt 0.819336 0.500000
vt 0.903809 0.531372
vt 0.895874 0.534058
vt 0.891358 0.525024
vt 0.909180 0.540283
vt 0.900391 0.543091
vt 0.875488 0.593506
vt 0.892212 0.579590
vt 0.897461 0.593384
vt 0.875488 0.578369
vt 0.886963 0.565796
vt 0.898438 0.553223
vt 0.908936 0.565674
vt 0.919434 0.578125
vt 0.763062 0.455078
vt 0.749024 0.445313
vt 0.754883 0.468506
vt 0.739258 0.458496
vt 0.908569 0.671753
vt 0.920654 0.667114
vt 0.907471 0.666504
vt 0.924561 0.518433
vt 0.914185 0.524902
vt 0.911377 0.513550
vt 0.924805 0.532227
vt 0.916992 0.536255
vt 0.939942 0.459961
vt 0.954468 0.458496
vt 0.958008 0.476563
vt 0.950928 0.440430
vt 0.825684 0.746094
vt 0.815430 0.744995
vt 0.819214 0.727295
vt 0.830811 0.728882
vt 0.822998 0.709595
vt 0.717896 0.677795
vt 0.707276 0.685059
vt 0.728516 0.670532
vt 0.758057 0.691162
vt 0.761475 0.686340
vt 0.764893 0.681519
vt 0.826172 0.462769
vt 0.847900 0.503784
vt 0.842529 0.512146
vt 0.869507 0.620422
vt 0.864014 0.614136
vt 0.941651 0.421387
vt 0.942993 0.428467
vt 0.952149 0.417969
vt 0.953369 0.424805
vt 0.954590 0.431641
vt 0.944336 0.435547
s 1
usemtl Lama_Pinata_InGame
f 6780/4132/7414 6890/4133/7414 7139/4134/7414 6891/4135/7414
f 6781/4136/7415 6981/4137/7416 7139/4134/7414 6890/4133/7414
f 6782/4138/7417 6891/4135/7414 7139/4134/7414 6981/4137/7416
f 6781/4136/7415 6982/4139/7418 7140/4140/7418 6981/4137/7416
f 6783/4141/7418 7019/4142/7418 7140/4140/7418 6982/4139/7418
f 6782/4138/7417 6981/4137/7416 7140/4140/7418 7019/4142/7418
f 6880/4143/7419 6916/4144/7420 7141/4145/7421 7039/4146/7422
f 6916/4144/7420 6881/4147/7423 7104/4148/7424 7141/4145/7421
f 7141/4145/7421 7104/4148/7424 6879/4149/7425 7073/4150/7426
f 7039/4146/7422 7141/4145/7421 7073/4150/7426 6878/4151/7427
f 6795/4152/7428 7023/4153/7429 7142/4154/7430 6954/4155/7431
f 7023/4153/7429 6796/4156/7432 7111/4157/7433 7142/4154/7430
f 7142/4154/7430 7111/4157/7433 6792/4158/7434 7110/4159/7435
f 6954/4155/7431 7142/4154/7430 7110/4159/7435 6794/4160/7436
f 6866/4161/7437 7068/4162/7438 7143/4163/7439 6977/4164/7440
f 7068/4162/7438 6862/4165/7441 7067/4166/7442 7143/4163/7439
f 7143/4163/7439 7067/4166/7442 6863/4167/7443 7132/4168/7444
f 6977/4164/7440 7143/4163/7439 7132/4168/7444 6865/4169/7445
f 6815/4170/7446 7058/4171/7447 7144/4172/7448 6924/4173/7449
f 7058/4171/7447 6819/4174/7450 7117/4175/7451 7144/4172/7448
f 7144/4172/7448 7117/4175/7451 6816/4176/7452 6925/4177/7453
f 6924/4173/7449 7144/4172/7448 6925/4177/7453 6813/4178/7454
f 6796/4156/7432 7080/4179/7455 7145/4180/7456 7111/4157/7433
f 7080/4179/7455 6798/4181/7457 7055/4182/7458 7145/4180/7456
f 7145/4180/7456 7055/4182/7458 6791/4183/7459 7054/4184/7460
f 7111/4157/7433 7145/4180/7456 7054/4184/7460 6792/4158/7434
f 6824/4185/7461 7119/4186/7462 7146/4187/7463 7031/4188/7464
f 7119/4186/7462 6825/4189/7465 6928/4190/7466 7146/4187/7463
f 7146/4187/7463 6928/4190/7466 6821/4191/7467 7030/4192/7468
f 7031/4188/7464 7146/4187/7463 7030/4192/7468 6819/4174/7450
f 6785/4193/7469 6893/4194/7470 7147/4195/7471 6951/4196/7472
f 6893/4194/7470 6787/4197/7473 7018/4198/7474 7147/4195/7471
f 7147/4195/7471 7018/4198/7474 6852/4199/7475 7041/4200/7476
f 6951/4196/7472 7147/4195/7471 7041/4200/7476 6850/4201/7477
f 6788/4202/7478 7077/4203/7479 7148/4204/7480 7020/4205/7481
f 7077/4203/7479 6793/4206/7482 6991/4207/7483 7148/4204/7480
f 7148/4204/7480 6991/4207/7483 6790/4208/7484 7021/4209/7485
f 7020/4205/7481 7148/4204/7480 7021/4209/7485 6787/4210/7486
f 6885/4211/7487 7074/4212/7488 7149/4213/7489 6947/4214/7490
f 7074/4212/7488 6883/4215/7491 7014/4216/7492 7149/4213/7489
f 7149/4213/7489 7014/4216/7492 6882/4217/7493 7015/4218/7494
f 6947/4214/7490 7149/4213/7489 7015/4218/7494 6884/4219/7495
f 6887/4220/7496 7107/4221/7497 7150/4222/7498 6949/4223/7499
f 7107/4221/7497 6888/4224/7500 7017/4225/7501 7150/4222/7498
f 7150/4222/7498 7017/4225/7501 6858/4226/7502 7045/4227/7503
f 6949/4223/7499 7150/4222/7498 7045/4227/7503 6860/4228/7504
f 6888/4224/7500 7011/4229/7505 7151/4230/7506 7017/4225/7501
f 7011/4229/7505 6845/4231/7507 7000/4232/7508 7151/4230/7506
f 7151/4230/7506 7000/4232/7508 6849/4233/7509 6972/4234/7510
f 7017/4225/7501 7151/4230/7506 6972/4234/7510 6858/4226/7502
f 6783/4235/7511 6982/4236/7512 7152/4237/7513 7092/4238/7514
f 6982/4236/7512 6781/4239/7515 6964/4240/7516 7152/4237/7513
f 7152/4237/7513 6964/4240/7516 6842/4241/7517 6905/4242/7518
f 7092/4238/7514 7152/4237/7513 6905/4242/7518 6840/4243/7519
f 6784/4244/7520 7135/4245/7521 7153/4246/7522 7136/4247/7522
f 6785/4248/7523 6892/4249/7522 7153/4246/7522 7135/4245/7521
f 6786/4250/7522 7136/4247/7522 7153/4246/7522 6892/4249/7522
f 6792/4251/7434 7054/4252/7460 7154/4253/7524 6919/4254/7524
f 6791/4255/7459 6918/4256/7524 7154/4253/7524 7054/4252/7460
f 6789/4257/7524 6919/4254/7524 7154/4253/7524 6918/4256/7524
f 6797/4258/7525 6920/4259/7526 7155/4260/7527 7079/4261/7528
f 6920/4259/7526 6799/4262/7529 6992/4263/7530 7155/4260/7527
f 7155/4260/7527 6992/4263/7530 6798/4181/7457 7080/4179/7455
f 7079/4261/7528 7155/4260/7527 7080/4179/7455 6796/4156/7432
f 6827/4264/7531 7048/4265/7532 7156/4266/7533 7060/4267/7534
f 7048/4265/7532 6872/4268/7535 7072/4269/7536 7156/4266/7533
f 7156/4266/7533 7072/4269/7536 6870/4270/7537 7070/4271/7538
f 7060/4267/7534 7156/4266/7533 7070/4271/7538 6823/4272/7539
f 6797/4273/7525 7079/4274/7528 7157/4275/7540 7024/4276/7540
f 6796/4277/7432 7023/4278/7429 7157/4275/7540 7079/4274/7528
f 6795/4279/7428 7024/4276/7540 7157/4275/7540 7023/4278/7429
f 6787/4197/7473 7021/4280/7541 7158/4281/7542 7018/4198/7474
f 7021/4280/7541 6790/4282/7543 6963/4283/7544 7158/4281/7542
f 7158/4281/7542 6963/4283/7544 6854/4284/7545 6940/4285/7546
f 7018/4198/7474 7158/4281/7542 6940/4285/7546 6852/4199/7475
f 6803/4286/7547 6994/4287/7548 7159/4288/7548 6955/4289/7549
f 6790/4290/7548 6993/4291/7548 7159/4288/7548 6994/4287/7548
f 6802/4292/7550 6955/4289/7549 7159/4288/7548 6993/4291/7548
f 6804/4293/7551 6956/4294/7552 7160/4295/7552 6896/4296/7553
f 6802/4292/7554 6935/4297/7555 7160/4295/7552 6956/4294/7552
f 6801/4298/7556 6896/4296/7553 7160/4295/7552 6935/4297/7555
f 6861/4299/7557 7109/4300/7558 7161/4301/7559 7097/4302/7560
f 7109/4300/7558 6859/4303/7561 7052/4304/7562 7161/4301/7559
f 7161/4301/7559 7052/4304/7562 6811/4305/7563 7028/4306/7564
f 7097/4302/7560 7161/4301/7559 7028/4306/7564 6812/4307/7565
f 6801/4298/7556 6897/4308/7566 7162/4309/7567 6896/4296/7553
f 6805/4310/7568 7081/4311/7569 7162/4309/7567 6897/4308/7566
f 6804/4293/7551 6896/4296/7553 7162/4309/7567 7081/4311/7569
f 6808/4312/7570 7114/4313/7571 7163/4314/7571 7025/4315/7572
f 6809/4316/7571 7026/4317/7571 7163/4314/7571 7114/4313/7571
f 6803/4286/7547 7025/4315/7572 7163/4314/7571 7026/4317/7571
f 6814/4318/7573 7084/4319/7574 7164/4320/7574 6923/4321/7575
f 6812/4322/7576 7083/4323/7577 7164/4320/7574 7084/4319/7574
f 6813/4324/7454 6923/4321/7575 7164/4320/7574 7083/4323/7577
f 6804/4293/7551 7081/4311/7569 7165/4325/7578 7085/4326/7578
f 6805/4310/7568 6904/4327/7579 7165/4325/7578 7081/4311/7569
f 6815/4328/7580 7085/4326/7578 7165/4325/7578 6904/4327/7579
f 6791/4183/7581 7055/4182/7582 7166/4329/7583 7103/4330/7584
f 7055/4182/7582 6798/4181/7585 6894/4331/7586 7166/4329/7583
f 7166/4329/7583 6894/4331/7586 6793/4206/7482 7077/4203/7479
f 7103/4330/7584 7166/4329/7583 7077/4203/7479 6788/4202/7478
f 6790/4282/7543 6994/4332/7587 7167/4333/7588 6963/4283/7544
f 6994/4332/7587 6803/4334/7589 7042/4335/7590 7167/4333/7588
f 7167/4333/7588 7042/4335/7590 6856/4336/7591 7066/4337/7592
f 6963/4283/7544 7167/4333/7588 7066/4337/7592 6854/4284/7545
f 6807/4338/7593 7061/4339/7594 7168/4340/7595 7113/4341/7596
f 7061/4339/7594 6832/4342/7597 6999/4343/7598 7168/4340/7595
f 7168/4340/7595 6999/4343/7598 6806/4344/7599 7112/4345/7600
f 7113/4341/7596 7168/4340/7595 7112/4345/7600 6800/4346/7601
f 6815/4328/7580 6904/4327/7579 7169/4347/7602 7058/4348/7602
f 6805/4310/7568 6926/4349/7603 7169/4347/7602 6904/4327/7579
f 6819/4350/7450 7058/4348/7602 7169/4347/7602 6926/4349/7603
f 6816/4351/7452 7117/4352/7451 7170/4353/7604 7118/4354/7605
f 6819/4350/7450 7029/4355/7606 7170/4353/7604 7117/4352/7451
f 6820/4356/7607 7118/4354/7605 7170/4353/7604 7029/4355/7606
f 6819/4350/7450 7030/4357/7468 7171/4358/7608 7029/4355/7606
f 6821/4359/7467 7086/4360/7609 7171/4358/7608 7030/4357/7468
f 6820/4356/7607 7029/4355/7606 7171/4358/7608 7086/4360/7609
f 6844/4361/7610 6938/4362/7611 7172/4363/7612 7038/4364/7613
f 6938/4362/7611 6847/4365/7614 7094/4366/7615 7172/4363/7612
f 7172/4363/7612 7094/4366/7615 6843/4367/7616 7037/4368/7617
f 7038/4364/7613 7172/4363/7612 7037/4368/7617 6782/4369/7618
f 6834/4370/7619 6985/4371/7620 7173/4372/7621 6984/4373/7622
f 6985/4371/7620 6882/4217/7623 7012/4374/7624 7173/4372/7621
f 7173/4372/7621 7012/4374/7624 6881/4147/7423 6916/4144/7420
f 6984/4373/7622 7173/4372/7621 6916/4144/7420 6880/4143/7419
f 6825/4375/7465 6899/4376/7625 7174/4377/7626 6928/4378/7466
f 6826/4379/7627 6929/4380/7628 7174/4377/7626 6899/4376/7625
f 6821/4359/7467 6928/4378/7466 7174/4377/7626 6929/4380/7628
f 6826/4379/7627 6961/4381/7629 7175/4382/7630 7059/4383/7631
f 6827/4384/7531 7060/4385/7630 7175/4382/7630 6961/4381/7629
f 6823/4386/7632 7059/4383/7631 7175/4382/7630 7060/4385/7630
f 6829/4387/7633 6962/4388/7634 7176/4389/7635 6900/4390/7636
f 6826/4379/7627 6899/4376/7625 7176/4389/7635 6962/4388/7634
f 6825/4375/7465 6900/4390/7636 7176/4389/7635 6899/4376/7625
f 6846/4391/7637 7064/4392/7638 7177/4393/7639 6907/4394/7640
f 7064/4392/7638 6849/4233/7509 7000/4395/7508 7177/4393/7639
f 7177/4393/7639 7000/4395/7508 6845/4231/7507 6906/4396/7641
f 6907/4394/7640 7177/4393/7639 6906/4396/7641 6840/4243/7642
f 6829/4387/7633 6930/4397/7643 7178/4398/7644 7087/4399/7645
f 6830/4400/7646 7088/4401/7647 7178/4398/7644 6930/4397/7643
f 6828/4402/7648 7087/4399/7645 7178/4398/7644 7088/4401/7647
f 6831/4403/7649 6998/4404/7650 7179/4405/7651 6931/4406/7652
f 6830/4400/7646 6930/4397/7643 7179/4405/7651 6998/4404/7650
f 6829/4387/7633 6931/4406/7652 7179/4405/7651 6930/4397/7643
f 6832/4407/7597 7120/4408/7653 7180/4409/7654 6999/4410/7654
f 6824/4411/7461 6997/4412/7655 7180/4409/7654 7120/4408/7653
f 6806/4413/7656 6999/4410/7654 7180/4409/7654 6997/4412/7655
f 6829/4387/7633 6932/4414/7657 7181/4415/7658 6933/4416/7659
f 6832/4407/7597 7121/4417/7660 7181/4415/7658 6932/4414/7657
f 6835/4418/7661 6933/4416/7659 7181/4415/7658 7121/4417/7660
f 6835/4418/7661 7033/4419/7662 7182/4420/7663 6902/4421/7664
f 6836/4422/7665 6903/4423/7663 7182/4420/7663 7033/4419/7662
f 6833/4424/7666 6902/4421/7664 7182/4420/7663 6903/4423/7663
f 6877/4425/7667 6967/4426/7668 7183/4427/7669 6944/4428/7670
f 6967/4426/7668 6878/4151/7427 7073/4150/7426 7183/4427/7669
f 7183/4427/7669 7073/4150/7426 6879/4149/7425 6945/4429/7671
f 6944/4428/7670 7183/4427/7669 6945/4429/7671 6876/4430/7672
f 6800/4346/7601 7112/4345/7600 7184/4431/7673 6921/4432/7674
f 7112/4345/7600 6806/4344/7599 7057/4433/7675 7184/4431/7673
f 7184/4431/7673 7057/4433/7675 6799/4262/7529 6920/4259/7526
f 6921/4432/7674 7184/4431/7673 6920/4259/7526 6797/4258/7525
f 6854/4284/7676 7066/4337/7677 7185/4434/7678 7001/4435/7679
f 7066/4337/7677 6856/4336/7680 7127/4436/7681 7185/4434/7678
f 7185/4434/7678 7127/4436/7681 6855/4437/7682 7002/4438/7683
f 7001/4435/7679 7185/4434/7678 7002/4438/7683 6853/4439/7684
f 6810/4440/7685 6958/4441/7686 7186/4442/7687 6957/4443/7688
f 6958/4441/7686 6813/4178/7454 7083/4444/7577 7186/4442/7687
f 7186/4442/7687 7083/4444/7577 6812/4445/7576 7028/4446/7689
f 6957/4443/7688 7186/4442/7687 7028/4446/7689 6811/4447/7690
f 6817/4448/7691 6995/4449/7692 7187/4450/7693 7116/4451/7694
f 6995/4449/7692 6814/4452/7573 6923/4453/7575 7187/4450/7693
f 7187/4450/7693 6923/4453/7575 6813/4178/7454 6925/4177/7453
f 7116/4451/7694 7187/4450/7693 6925/4177/7453 6816/4176/7452
f 6806/4344/7656 6997/4454/7655 7188/4455/7695 6922/4456/7696
f 6997/4454/7655 6824/4185/7461 7031/4188/7464 7188/4455/7695
f 7188/4455/7695 7031/4188/7464 6819/4174/7450 6926/4457/7603
f 6922/4456/7696 7188/4455/7695 6926/4457/7603 6805/4458/7568
f 6872/4268/7697 6915/4459/7698 7189/4460/7699 6914/4461/7700
f 6915/4459/7698 6877/4425/7667 6944/4428/7670 7189/4460/7699
f 7189/4460/7699 6944/4428/7670 6876/4430/7672 6980/4462/7701
f 6914/4461/7700 7189/4460/7699 6980/4462/7701 6873/4463/7702
f 6843/4367/7616 7093/4464/7703 7190/4465/7704 7035/4466/7705
f 7093/4464/7703 6846/4391/7637 6907/4394/7640 7190/4465/7704
f 7190/4465/7704 6907/4394/7640 6840/4243/7642 6905/4242/7706
f 7035/4466/7705 7190/4465/7704 6905/4242/7706 6842/4241/7707
f 6789/4467/7708 6918/4468/7709 7191/4469/7710 7138/4470/7711
f 6918/4468/7709 6791/4183/7581 7103/4330/7584 7191/4469/7710
f 7191/4469/7710 7103/4330/7584 6788/4202/7478 7137/4471/7712
f 7138/4470/7711 7191/4469/7710 7137/4471/7712 6784/4472/7520
f 6847/4365/7614 7126/4473/7713 7192/4474/7714 7094/4366/7615
f 7126/4473/7713 6851/4475/7715 7065/4476/7716 7192/4474/7714
f 7192/4474/7714 7065/4476/7716 6846/4391/7637 7093/4464/7703
f 7094/4366/7615 7192/4474/7714 7093/4464/7703 6843/4367/7616
f 6822/4477/7717 6996/4478/7718 7193/4479/7719 7005/4480/7720
f 6996/4478/7718 6823/4272/7539 7069/4481/7721 7193/4479/7719
f 7193/4479/7719 7069/4481/7721 6868/4482/7722 6913/4483/7723
f 7005/4480/7720 7193/4479/7719 6913/4483/7723 6864/4484/7724
f 6883/4215/7491 7053/4485/7725 7194/4486/7726 6946/4487/7727
f 7053/4485/7725 6874/4488/7728 6979/4489/7729 7194/4486/7726
f 7194/4486/7726 6979/4489/7729 6873/4463/7702 6980/4462/7701
f 6946/4487/7727 7194/4486/7726 6980/4462/7701 6876/4430/7730
f 6800/4490/7731 7106/4491/7732 7195/4492/7733 7113/4493/7734
f 7106/4491/7732 6886/4494/7735 7010/4495/7736 7195/4492/7733
f 7195/4492/7733 7010/4495/7736 6885/4211/7487 7051/4496/7737
f 7113/4493/7734 7195/4492/7733 7051/4496/7737 6807/4497/7738
f 6786/4498/7739 6892/4499/7740 7196/4500/7741 6968/4501/7742
f 6892/4499/7740 6785/4193/7469 6951/4196/7472 7196/4500/7741
f 7196/4500/7741 6951/4196/7472 6850/4201/7477 6908/4502/7743
f 6968/4501/7742 7196/4500/7741 6908/4502/7743 6848/4503/7744
f 6829/4504/7633 7087/4505/7645 7197/4506/7745 6962/4507/7634
f 7087/4505/7645 6828/4508/7648 7032/4509/7746 7197/4506/7745
f 7197/4506/7745 7032/4509/7746 6827/4510/7531 6961/4511/7629
f 6962/4507/7634 7197/4506/7745 6961/4511/7629 6826/4512/7627
f 6838/4513/7747 6934/4514/7748 7198/4515/7749 7009/4516/7750
f 6934/4514/7748 6837/4517/7751 6953/4518/7752 7198/4515/7749
f 7198/4515/7749 6953/4518/7752 6885/4211/7487 6947/4519/7490
f 7009/4516/7750 7198/4515/7749 6947/4519/7490 6884/4219/7495
f 6797/4520/7753 7024/4521/7754 7199/4522/7754 7090/4523/7755
f 6795/4524/7428 7078/4525/7756 7199/4522/7754 7024/4521/7754
f 6783/4526/7511 7090/4523/7755 7199/4522/7754 7078/4525/7756
f 6783/4526/7511 7091/4527/7757 7200/4528/7758 7090/4523/7755
f 6839/4529/7759 6936/4530/7760 7200/4528/7758 7091/4527/7757
f 6797/4520/7753 7090/4523/7755 7200/4528/7758 6936/4530/7760
f 6797/4520/7753 6936/4530/7760 7201/4531/7761 6937/4532/7762
f 6839/4529/7759 7122/4533/7763 7201/4531/7761 6936/4530/7760
f 6841/4534/7764 6937/4532/7762 7201/4531/7761 7122/4533/7763
f 6842/4535/7517 6964/4536/7516 7202/4537/7765 6952/4538/7765
f 6781/4539/7515 6890/4540/7765 7202/4537/7765 6964/4536/7516
f 6780/4541/7765 6952/4538/7765 7202/4537/7765 6890/4540/7765
f 6842/4535/7707 6952/4538/7766 7203/4542/7766 7036/4543/7767
f 6780/4541/7766 6891/4544/7766 7203/4542/7766 6952/4538/7766
f 6782/4545/7618 7036/4543/7767 7203/4542/7766 6891/4544/7766
f 6782/4545/7618 7037/4546/7617 7204/4547/7768 7036/4543/7767
f 6843/4548/7616 7035/4549/7705 7204/4547/7768 7037/4546/7617
f 6842/4535/7707 7036/4543/7767 7204/4547/7768 7035/4549/7705
f 6844/4550/7769 7038/4551/7770 7205/4552/7771 6917/4553/7772
f 7038/4551/7770 6782/4554/7773 7022/4555/7774 7205/4552/7771
f 7205/4552/7771 7022/4555/7774 6794/4556/7436 7013/4557/7775
f 6917/4553/7772 7205/4552/7771 7013/4557/7775 6889/4558/7776
f 6847/4559/7777 6938/4560/7778 7206/4561/7778 7124/4562/7779
f 6844/4563/7769 6939/4564/7780 7206/4561/7778 6938/4560/7778
f 6848/4565/7781 7124/4562/7779 7206/4561/7778 6939/4564/7780
f 6848/4565/7781 6908/4566/7782 7207/4567/7782 7124/4562/7779
f 6850/4568/7783 7125/4569/7784 7207/4567/7782 6908/4566/7782
f 6847/4559/7777 7124/4562/7779 7207/4567/7782 7125/4569/7784
f 6874/4488/7728 7016/4570/7785 7208/4571/7786 7006/4572/7787
f 7016/4570/7785 6886/4494/7735 7075/4573/7788 7208/4571/7786
f 7208/4571/7786 7075/4573/7788 6875/4574/7789 7007/4575/7790
f 7006/4572/7787 7208/4571/7786 7007/4575/7790 6869/4576/7791
f 6851/4577/7792 7126/4578/7793 7209/4579/7793 7040/4580/7794
f 6847/4559/7777 7125/4569/7784 7209/4579/7793 7126/4578/7793
f 6850/4568/7783 7040/4580/7794 7209/4579/7793 7125/4569/7784
f 6849/4581/7509 7064/4582/7638 7210/4583/7795 6969/4584/7796
f 6846/4585/7637 7065/4586/7716 7210/4583/7795 7064/4582/7638
f 6851/4577/7715 6969/4584/7796 7210/4583/7795 7065/4586/7716
f 6811/4447/7690 7115/4587/7797 7211/4588/7798 6957/4443/7688
f 7115/4587/7797 6808/4589/7570 7025/4590/7572 7211/4588/7798
f 7211/4588/7798 7025/4590/7572 6803/4591/7547 7027/4592/7799
f 6957/4443/7688 7211/4588/7798 7027/4592/7799 6810/4440/7685
f 6850/4568/7783 7041/4593/7800 7212/4594/7800 7040/4580/7794
f 6852/4595/7801 7095/4596/7802 7212/4594/7800 7041/4593/7800
f 6851/4577/7792 7040/4580/7794 7212/4594/7800 7095/4596/7802
f 6851/4577/7715 7096/4597/7803 7213/4598/7803 6969/4584/7796
f 6853/4599/7804 6970/4600/7805 7213/4598/7803 7096/4597/7803
f 6849/4581/7509 6969/4584/7796 7213/4598/7803 6970/4600/7805
f 6831/4601/7649 7050/4602/7806 7214/4603/7807 6998/4604/7650
f 7050/4602/7806 6880/4143/7808 7039/4146/7809 7214/4603/7807
f 7214/4603/7807 7039/4146/7809 6878/4151/7810 7008/4605/7811
f 6998/4604/7650 7214/4603/7807 7008/4605/7811 6830/4606/7646
f 6849/4581/7509 6970/4600/7805 7215/4607/7812 6971/4608/7813
f 6853/4599/7804 7002/4609/7812 7215/4607/7812 6970/4600/7805
f 6855/4610/7814 6971/4608/7813 7215/4607/7812 7002/4609/7812
f 6855/4610/7682 7127/4611/7681 7216/4612/7815 7128/4613/7815
f 6856/4614/7680 6909/4615/7815 7216/4612/7815 7127/4611/7681
f 6857/4616/7815 7128/4613/7815 7216/4612/7815 6909/4615/7815
f 6857/4616/7816 6909/4615/7816 7217/4617/7816 7043/4618/7816
f 6856/4614/7591 7042/4619/7590 7217/4617/7816 6909/4615/7816
f 6803/4620/7589 7043/4618/7816 7217/4617/7816 7042/4619/7590
f 6855/4610/7814 7129/4621/7817 7218/4622/7818 6971/4608/7813
f 6858/4623/7502 6972/4624/7510 7218/4622/7818 7129/4621/7817
f 6849/4581/7509 6971/4608/7813 7218/4622/7818 6972/4624/7510
f 6859/4625/7819 6973/4626/7820 7219/4627/7821 7044/4628/7822
f 6857/4616/7823 7043/4618/7821 7219/4627/7821 6973/4626/7820
f 6803/4620/7824 7044/4628/7822 7219/4627/7821 7043/4618/7821
f 6803/4620/7824 7026/4629/7825 7220/4630/7825 7044/4628/7822
f 6809/4631/7825 6910/4632/7825 7220/4630/7825 7026/4629/7825
f 6859/4625/7819 7044/4628/7822 7220/4630/7825 6910/4632/7825
f 6859/4625/7561 6910/4632/7826 7221/4633/7826 7130/4634/7827
f 6809/4631/7826 7114/4635/7826 7221/4633/7826 6910/4632/7826
f 6808/4636/7828 7130/4634/7827 7221/4633/7826 7114/4635/7826
f 6859/4625/7561 7130/4634/7827 7222/4637/7829 7052/4638/7562
f 6808/4636/7828 7115/4639/7829 7222/4637/7829 7130/4634/7827
f 6811/4640/7563 7052/4638/7562 7222/4637/7829 7115/4639/7829
f 6832/4342/7597 6932/4641/7657 7223/4642/7830 7120/4643/7653
f 6932/4641/7657 6829/4504/7633 6900/4644/7636 7223/4642/7830
f 7223/4642/7830 6900/4644/7636 6825/4189/7465 7119/4186/7462
f 7120/4643/7653 7223/4642/7830 7119/4186/7462 6824/4185/7461
f 6885/4211/7487 7010/4645/7736 7224/4646/7831 7074/4212/7488
f 7010/4645/7736 6886/4494/7735 7016/4570/7785 7224/4646/7831
f 7224/4646/7831 7016/4570/7785 6874/4488/7728 7053/4485/7725
f 7074/4212/7488 7224/4646/7831 7053/4485/7725 6883/4215/7491
f 6812/4647/7565 7084/4648/7832 7225/4649/7832 7097/4650/7560
f 6814/4651/7833 7003/4652/7834 7225/4649/7832 7084/4648/7832
f 6861/4653/7557 7097/4650/7560 7225/4649/7832 7003/4652/7834
f 6859/4625/7819 7098/4654/7835 7226/4655/7835 6973/4626/7820
f 6862/4656/7441 6975/4657/7836 7226/4655/7835 7098/4654/7835
f 6857/4616/7823 6973/4626/7820 7226/4655/7835 6975/4657/7836
f 6859/4625/7561 7109/4658/7558 7227/4659/7837 7098/4654/7837
f 6861/4653/7557 7004/4660/7838 7227/4659/7837 7109/4658/7558
f 6862/4656/7441 7098/4654/7837 7227/4659/7837 7004/4660/7838
f 6862/4656/7441 6941/4661/7839 7228/4662/7840 6975/4657/7836
f 6860/4663/7504 6974/4664/7841 7228/4662/7840 6941/4661/7839
f 6857/4616/7823 6975/4657/7836 7228/4662/7840 6974/4664/7841
f 6861/4653/7557 6965/4665/7842 7229/4666/7843 7004/4660/7838
f 6863/4667/7443 7067/4668/7442 7229/4666/7843 6965/4665/7842
f 6862/4656/7441 7004/4660/7838 7229/4666/7843 7067/4668/7442
f 6799/4262/7844 7057/4433/7845 7230/4669/7846 7056/4670/7847
f 7057/4433/7845 6806/4344/7656 6922/4456/7696 7230/4669/7846
f 7230/4669/7846 6922/4456/7696 6805/4458/7568 6897/4671/7566
f 7056/4670/7847 7230/4669/7846 6897/4671/7566 6801/4672/7556
f 6864/4673/7724 6976/4674/7848 7231/4675/7849 7005/4676/7720
f 6818/4677/7850 6960/4678/7849 7231/4675/7849 6976/4674/7848
f 6822/4679/7717 7005/4676/7720 7231/4675/7849 6960/4678/7849
f 6875/4574/7851 7076/4680/7852 7232/4681/7853 7049/4682/7854
f 7076/4680/7852 6887/4220/7496 6949/4223/7499 7232/4681/7853
f 7232/4681/7853 6949/4223/7499 6860/4228/7504 6942/4683/7855
f 7049/4682/7854 7232/4681/7853 6942/4683/7855 6866/4161/7437
f 6863/4667/7443 7131/4684/7856 7233/4685/7857 7132/4686/7444
f 6864/4673/7724 6912/4687/7858 7233/4685/7857 7131/4684/7856
f 6865/4688/7445 7132/4686/7444 7233/4685/7857 6912/4687/7858
f 6862/4656/7441 7068/4689/7438 7234/4690/7859 6941/4661/7839
f 6866/4691/7437 6942/4692/7855 7234/4690/7859 7068/4689/7438
f 6860/4663/7504 6941/4661/7839 7234/4690/7859 6942/4692/7855
f 6865/4688/7445 6978/4693/7860 7235/4694/7861 6977/4695/7440
f 6867/4696/7862 7046/4697/7863 7235/4694/7861 6978/4693/7860
f 6866/4691/7437 6977/4695/7440 7235/4694/7861 7046/4697/7863
f 6867/4696/7862 7100/4698/7864 7236/4699/7865 7046/4697/7863
f 6869/4700/7791 7047/4701/7866 7236/4699/7865 7100/4698/7864
f 6866/4691/7437 7046/4697/7863 7236/4699/7865 7047/4701/7866
f 6823/4702/7539 7070/4703/7538 7237/4704/7867 7069/4705/7721
f 6870/4706/7537 6943/4707/7867 7237/4704/7867 7070/4703/7538
f 6868/4708/7722 7069/4705/7721 7237/4704/7867 6943/4707/7867
f 6845/4231/7868 7011/4229/7869 7238/4709/7870 7123/4710/7871
f 7011/4229/7869 6888/4224/7872 6989/4711/7873 7238/4709/7870
f 7238/4709/7870 6989/4711/7873 6841/4712/7764 7122/4713/7763
f 7123/4710/7871 7238/4709/7870 7122/4713/7763 6839/4714/7759
f 6828/4715/7648 7102/4716/7874 7239/4717/7875 7032/4718/7746
f 7102/4716/7874 6877/4425/7876 6915/4719/7877 7239/4717/7875
f 7239/4717/7875 6915/4719/7877 6872/4268/7535 7048/4265/7532
f 7032/4718/7746 7239/4717/7875 7048/4265/7532 6827/4264/7531
f 6873/4720/7702 6979/4721/7729 7240/4722/7878 7133/4723/7879
f 6874/4724/7728 7134/4725/7880 7240/4722/7878 6979/4721/7729
f 6871/4726/7881 7133/4723/7879 7240/4722/7878 7134/4725/7880
f 6866/4691/7437 7047/4701/7866 7241/4727/7882 7049/4728/7854
f 6869/4700/7791 7007/4729/7790 7241/4727/7882 7047/4701/7866
f 6875/4730/7851 7049/4728/7854 7241/4727/7882 7007/4729/7790
f 6887/4220/7883 7076/4731/7884 7242/4732/7885 6988/4733/7886
f 7076/4731/7884 6875/4574/7789 7075/4734/7788 7242/4732/7885
f 7242/4732/7885 7075/4734/7788 6886/4494/7735 6987/4735/7887
f 6988/4733/7886 7242/4732/7885 6987/4735/7887 6841/4712/7764
f 6879/4736/7888 7105/4737/7889 7243/4738/7890 6945/4739/7890
f 6883/4740/7491 6946/4741/7727 7243/4738/7890 7105/4737/7889
f 6876/4742/7730 6945/4739/7890 7243/4738/7890 6946/4741/7727
f 6883/4740/7491 7105/4737/7889 7244/4743/7891 6986/4744/7892
f 6879/4736/7888 7104/4745/7891 7244/4743/7891 7105/4737/7889
f 6881/4746/7893 6986/4744/7892 7244/4743/7891 7104/4745/7891
f 6883/4740/7491 6986/4744/7892 7245/4747/7894 7014/4748/7492
f 6881/4746/7893 7012/4749/7894 7245/4747/7894 6986/4744/7892
f 6882/4750/7493 7014/4748/7492 7245/4747/7894 7012/4749/7894
f 6834/4370/7895 6984/4373/7896 7246/4751/7897 6901/4752/7898
f 6984/4373/7896 6880/4143/7808 7050/4753/7806 7246/4751/7897
f 7246/4751/7897 7050/4753/7806 6831/4754/7649 7062/4755/7899
f 6901/4752/7898 7246/4751/7897 7062/4755/7899 6833/4756/7666
f 6874/4488/7728 7006/4572/7787 7247/4757/7900 7134/4758/7880
f 7006/4572/7787 6869/4576/7791 7100/4759/7864 7247/4757/7900
f 7247/4757/7900 7100/4759/7864 6867/4760/7862 7101/4761/7901
f 7134/4758/7880 7247/4757/7900 7101/4761/7901 6871/4762/7881
f 6807/4763/7738 7051/4764/7737 7248/4765/7902 7063/4766/7902
f 6885/4767/7487 6953/4768/7752 7248/4765/7902 7051/4764/7737
f 6837/4769/7751 7063/4766/7902 7248/4765/7902 6953/4768/7752
f 6886/4770/7735 7106/4771/7732 7249/4772/7903 6948/4773/7904
f 6800/4774/7731 6921/4775/7903 7249/4772/7903 7106/4771/7732
f 6797/4520/7753 6948/4773/7904 7249/4772/7903 6921/4775/7903
f 6797/4520/7753 6937/4532/7762 7250/4776/7905 6948/4773/7904
f 6841/4534/7764 6987/4777/7887 7250/4776/7905 6937/4532/7762
f 6886/4770/7735 6948/4773/7904 7250/4776/7905 6987/4777/7887
f 6860/4228/7504 7045/4227/7503 7251/4778/7906 6974/4779/7841
f 7045/4227/7503 6858/4226/7502 7129/4780/7817 7251/4778/7906
f 7251/4778/7906 7129/4780/7817 6855/4437/7814 7128/4781/7907
f 6974/4779/7841 7251/4778/7906 7128/4781/7907 6857/4782/7823
f 6888/4783/7872 7107/4784/7908 7252/4785/7908 6989/4786/7873
f 6887/4787/7883 6988/4788/7886 7252/4785/7908 7107/4784/7908
f 6841/4534/7764 6989/4786/7873 7252/4785/7908 6988/4788/7886
f 6789/4789/7708 7138/4790/7711 7253/4791/7909 6983/4792/7909
f 6784/4793/7520 7136/4794/7909 7253/4791/7909 7138/4790/7711
f 6786/4795/7909 6983/4792/7909 7253/4791/7909 7136/4794/7909
f 6789/4789/7910 6983/4792/7910 7254/4796/7910 6950/4797/7910
f 6786/4795/7911 6990/4798/7912 7254/4796/7910 6983/4792/7910
f 6889/4799/7776 6950/4797/7910 7254/4796/7910 6990/4798/7912
f 6792/4800/7910 6919/4801/7910 7255/4802/7910 7108/4803/7910
f 6789/4789/7910 6950/4797/7910 7255/4802/7910 6919/4801/7910
f 6889/4799/7776 7108/4803/7910 7255/4802/7910 6950/4797/7910
f 6794/4804/7436 7110/4805/7435 7256/4806/7913 7013/4807/7775
f 6792/4800/7434 7108/4803/7913 7256/4806/7913 7110/4805/7435
f 6889/4799/7776 7013/4807/7775 7256/4806/7913 7108/4803/7913
f 6889/4799/7776 6990/4798/7912 7257/4808/7914 6917/4809/7772
f 6786/4795/7911 6966/4810/7915 7257/4808/7914 6990/4798/7912
f 6844/4811/7769 6917/4809/7772 7257/4808/7914 6966/4810/7915
f 6844/4811/7769 6966/4810/7915 7258/4812/7916 6939/4813/7780
f 6786/4795/7911 6968/4814/7916 7258/4812/7916 6966/4810/7915
f 6848/4815/7781 6939/4813/7780 7258/4812/7916 6968/4814/7916
f 6818/4816/7850 6976/4817/7848 7259/4818/7917 6898/4819/7918
f 6976/4817/7848 6864/4484/7724 7131/4820/7856 7259/4818/7917
f 7259/4818/7917 7131/4820/7856 6863/4167/7443 6911/4821/7919
f 6898/4819/7918 7259/4818/7917 6911/4821/7919 6817/4822/7920
f 6807/4338/7593 7063/4823/7921 7260/4824/7922 7061/4339/7594
f 7063/4823/7921 6837/4825/7923 7034/4826/7924 7260/4824/7922
f 7260/4824/7922 7034/4826/7924 6835/4827/7661 7121/4828/7660
f 7061/4339/7594 7260/4824/7922 7121/4828/7660 6832/4342/7597
f 6870/4270/7925 7072/4829/7926 7261/4830/7927 7071/4831/7928
f 7072/4829/7926 6872/4268/7697 6914/4461/7700 7261/4830/7927
f 7261/4830/7927 6914/4461/7700 6873/4463/7702 7133/4832/7879
f 7071/4831/7928 7261/4830/7927 7133/4832/7879 6871/4762/7881
f 6816/4176/7452 7118/4833/7605 7262/4834/7929 7116/4451/7694
f 7118/4833/7605 6820/4835/7607 6959/4836/7930 7262/4834/7929
f 7262/4834/7929 6959/4836/7930 6818/4837/7931 6898/4838/7932
f 7116/4451/7694 7262/4834/7929 6898/4838/7932 6817/4448/7691
f 6793/4206/7482 6895/4839/7933 7263/4840/7934 6991/4207/7483
f 6895/4839/7933 6801/4672/7556 6935/4841/7555 7263/4840/7934
f 7263/4840/7934 6935/4841/7555 6802/4842/7554 6993/4843/7935
f 6991/4207/7483 7263/4840/7934 6993/4843/7935 6790/4208/7484
f 6864/4484/7724 6913/4483/7936 7264/4844/7937 6912/4845/7858
f 6913/4483/7936 6868/4482/7938 7099/4846/7939 7264/4844/7937
f 7264/4844/7937 7099/4846/7939 6867/4760/7862 6978/4847/7860
f 6912/4845/7858 7264/4844/7937 6978/4847/7860 6865/4169/7445
f 6804/4848/7940 7082/4849/7941 7265/4850/7942 6956/4851/7943
f 7082/4849/7941 6810/4440/7685 7027/4592/7799 7265/4850/7942
f 7265/4850/7942 7027/4592/7799 6803/4591/7547 6955/4852/7549
f 6956/4851/7943 7265/4850/7942 6955/4852/7549 6802/4842/7550
f 6821/4191/7467 6927/4853/7944 7266/4854/7945 7086/4855/7609
f 6927/4853/7944 6822/4856/7946 6960/4857/7947 7266/4854/7945
f 7266/4854/7945 6960/4857/7947 6818/4837/7931 6959/4836/7930
f 7086/4855/7609 7266/4854/7945 6959/4836/7930 6820/4835/7607
f 6783/4235/7511 7078/4858/7756 7267/4859/7948 7019/4860/7949
f 7078/4858/7756 6795/4861/7428 6954/4862/7431 7267/4859/7948
f 7267/4859/7948 6954/4862/7431 6794/4863/7436 7022/4864/7774
f 7019/4860/7949 7267/4859/7948 7022/4864/7774 6782/4865/7773
f 6784/4472/7520 7137/4471/7712 7268/4866/7950 7135/4867/7521
f 7137/4471/7712 6788/4202/7478 7020/4205/7481 7268/4866/7950
f 7268/4866/7950 7020/4205/7481 6787/4210/7486 6893/4868/7951
f 7135/4867/7521 7268/4866/7950 6893/4868/7951 6785/4869/7523
f 6852/4199/7801 6940/4285/7952 7269/4870/7953 7095/4871/7802
f 6940/4285/7952 6854/4284/7676 7001/4435/7679 7269/4870/7953
f 7269/4870/7953 7001/4435/7679 6853/4439/7684 7096/4872/7954
f 7095/4871/7802 7269/4870/7953 7096/4872/7954 6851/4475/7792
f 6826/4512/7627 7059/4873/7631 7270/4874/7955 6929/4875/7628
f 7059/4873/7631 6823/4876/7632 6996/4877/7956 7270/4874/7955
f 7270/4874/7955 6996/4877/7956 6822/4856/7946 6927/4853/7944
f 6929/4875/7628 7270/4874/7955 6927/4853/7944 6821/4191/7467
f 6829/4504/7633 6933/4878/7659 7271/4879/7957 6931/4880/7652
f 6933/4878/7659 6835/4827/7661 6902/4881/7664 7271/4879/7957
f 7271/4879/7957 6902/4881/7664 6833/4756/7666 7062/4755/7899
f 6931/4880/7652 7271/4879/7957 7062/4755/7899 6831/4754/7649
f 6814/4882/7833 6995/4883/7958 7272/4884/7959 7003/4885/7834
f 6995/4883/7958 6817/4822/7920 6911/4821/7919 7272/4884/7959
f 7272/4884/7959 6911/4821/7919 6863/4167/7443 6965/4886/7842
f 7003/4885/7834 7272/4884/7959 6965/4886/7842 6861/4299/7557
f 6830/4606/7646 7008/4605/7811 7273/4887/7960 7088/4888/7647
f 7008/4605/7811 6878/4151/7810 6967/4889/7961 7273/4887/7960
f 7273/4887/7960 6967/4889/7961 6877/4425/7876 7102/4716/7874
f 7088/4888/7647 7273/4887/7960 7102/4716/7874 6828/4715/7648
f 6868/4482/7938 6943/4890/7962 7274/4891/7963 7099/4846/7939
f 6943/4890/7962 6870/4270/7925 7071/4831/7928 7274/4891/7963
f 7274/4891/7963 7071/4831/7928 6871/4762/7881 7101/4892/7901
f 7099/4846/7939 7274/4891/7963 7101/4892/7901 6867/4760/7862
f 6798/4181/7585 6992/4263/7964 7275/4893/7965 6894/4331/7586
f 6992/4263/7964 6799/4262/7844 7056/4670/7847 7275/4893/7965
f 7275/4893/7965 7056/4670/7847 6801/4672/7556 6895/4839/7933
f 6894/4331/7586 7275/4893/7965 6895/4839/7933 6793/4206/7482
f 6804/4848/7940 7085/4894/7966 7276/4895/7967 7082/4849/7941
f 7085/4894/7966 6815/4170/7446 6924/4173/7449 7276/4895/7967
f 7276/4895/7967 6924/4173/7449 6813/4178/7454 6958/4441/7686
f 7082/4849/7941 7276/4895/7967 6958/4441/7686 6810/4440/7685
f 6840/4243/7519 6906/4396/7968 7277/4896/7969 7092/4238/7514
f 6906/4396/7968 6845/4231/7868 7123/4710/7871 7277/4896/7969
f 7277/4896/7969 7123/4710/7871 6839/4714/7759 7091/4897/7757
f 7092/4238/7514 7277/4896/7969 7091/4897/7757 6783/4235/7511
f 6837/4825/7923 6934/4898/7970 7278/4899/7971 7034/4826/7924
f 6934/4898/7970 6838/4900/7972 7089/4901/7973 7278/4899/7971
f 7278/4899/7971 7089/4901/7973 6836/4902/7665 7033/4903/7662
f 7034/4826/7924 7278/4899/7971 7033/4903/7662 6835/4827/7661
