# Blender 5.1.2
# www.blender.org
mtllib roca1.mtl
o Free+Pack+-+Rocks+Stylized
v -43.128948 0.388430 21.486347
v -45.622669 15.088378 8.839192
v -49.473362 16.510849 15.807531
v -35.028687 18.048250 28.763147
v -28.440493 0.413193 24.335552
v -24.204393 13.962770 18.169922
v -27.994633 4.362296 31.885462
v -26.547604 3.152116 3.708074
v -48.975807 7.650475 -0.930103
v -21.673674 12.213602 13.887950
v -37.924374 16.338373 8.766470
v -54.473515 12.556563 8.377864
v -48.026421 11.088502 22.241922
v -26.633444 0.529874 8.877469
v -34.653759 18.811710 18.687206
v -50.724155 0.908485 -1.711307
v -35.498306 4.456224 3.049726
v -53.154331 3.605894 21.460144
v -16.463570 3.194540 27.885485
v -38.668217 8.743809 2.167395
v -36.613094 2.393830 33.048550
v -22.901726 3.388907 5.955930
v -32.776558 0.676308 33.128052
v -15.148363 2.384301 22.099836
v -62.277706 9.077095 14.885484
v -14.174420 10.665448 20.106993
v -57.939705 3.197805 4.912810
v -18.293737 5.904423 28.396795
v -61.327354 0.577134 13.927729
v -28.893000 17.603407 27.208618
v -40.174980 1.759050 30.756727
v -30.670893 17.950842 28.655973
v -38.139244 0.674385 2.718722
v -38.167198 19.504295 23.000330
v -15.298215 6.606254 17.161318
v -58.876305 12.097794 10.624861
v -15.205043 5.825541 17.359613
v -23.679892 6.275682 30.038250
v -48.481567 0.097300 12.763131
v -18.001669 11.635070 22.155804
v -46.122238 18.117697 20.725491
v -40.552719 0.136513 14.627226
v -30.771997 15.439326 17.702347
v -54.903648 14.925506 18.676512
v -18.171064 11.418134 28.244497
v -49.258198 17.019876 20.356043
v -48.918839 0.351248 0.158624
v -28.944641 18.889030 25.660688
v -18.823772 6.699749 29.328823
v -45.296707 0.630085 25.205793
v -56.385040 0.163309 3.083537
v -40.573055 19.026848 17.162331
v -24.815163 6.051617 6.334321
v -52.539017 2.090812 20.649706
v -54.361702 5.888027 -2.159824
v -26.557922 12.944108 29.180405
v -20.518730 3.051084 9.715447
v -33.815933 6.009984 3.552603
v -36.330181 12.435038 30.065653
v -59.336956 0.201077 15.729094
v -15.226249 7.117355 21.840080
v -38.957783 0.457702 25.572540
v -29.027599 14.255057 15.554296
v -61.343410 8.980853 12.000199
v -23.201475 0.601817 19.964638
v -43.946121 15.488178 21.928562
v -26.960966 10.678872 8.745988
v -31.740301 19.431253 20.626087
v -50.342949 10.658171 1.216969
v -20.856915 12.213972 28.423843
v -51.231358 3.917722 22.104389
v -22.944124 1.309363 17.201429
v -43.689594 14.094003 24.092093
v -45.264832 0.123542 6.322080
v -17.950136 11.694489 27.757418
v -15.756695 2.258625 16.795055
v -28.719553 18.859245 23.734299
v -46.493866 13.564685 21.926702
v -17.996910 4.835606 12.269072
v -49.663357 17.686510 18.957952
v -30.964197 1.660537 33.325359
v -55.591991 0.234874 16.739355
v -30.912106 4.770558 2.604650
v -17.223095 11.532223 24.644772
v -29.629755 0.558171 29.812449
v -42.538815 7.317930 0.728060
v -47.722130 0.209876 15.218142
v -36.004017 18.756390 19.895452
v -29.377251 5.977097 31.554653
v -61.015701 0.479732 12.790555
v -15.913650 5.962774 15.830968
v -35.860863 0.254253 16.659508
v -25.192953 3.847492 29.776640
v -48.111519 2.228317 25.114904
v -14.896400 8.135036 16.757999
v -14.650347 5.003499 18.787853
v -49.025055 9.615881 22.093336
v -37.660103 0.563213 29.912931
v -13.712808 9.885493 18.310501
v -58.970226 9.258862 5.816728
v -14.807540 5.500362 18.160437
v -39.697411 0.346893 4.370001
v -58.307213 1.539469 19.060843
v -57.243294 8.310452 2.445993
v -48.366341 0.660138 22.509348
v -25.355997 14.665124 21.909098
v -21.674953 3.254105 7.110432
v -35.288246 1.775288 33.575932
v -15.924006 8.067469 15.184510
v -52.931515 8.878202 -0.354946
v -53.221180 0.051565 14.507791
v -34.033745 0.209021 5.691471
v -50.300541 0.000001 11.262775
v -42.899918 18.614079 20.712572
v -36.129734 0.276564 4.393849
v -33.358383 10.465257 5.173857
v -50.816536 4.839459 22.442745
v -44.705330 0.140009 9.227072
v -23.092724 1.593216 13.281979
v -41.152336 0.133734 9.246665
v -44.122246 16.075201 10.636093
v -54.812607 0.541830 0.448785
v -41.358822 0.401435 8.119093
v -41.878262 9.557524 27.170282
v -60.154247 9.730750 8.452831
v -32.396557 8.317274 4.816431
v -47.168713 0.362566 13.944547
v -35.689304 15.870628 29.467924
v -24.045389 12.017412 29.126942
v -19.473516 5.793484 9.940760
v -15.915179 5.841825 25.472641
v -45.622498 12.658272 23.335686
v -27.938114 16.154795 25.313717
v -15.953720 10.722855 24.302691
v -41.351044 3.099615 0.761130
v -44.035477 0.991082 -0.181159
v -15.787382 2.414014 25.578779
v -27.549557 4.289015 3.209285
v -38.391548 18.563938 15.924130
v -16.622866 6.416526 14.107574
v -35.996685 9.385070 3.107812
v -54.579044 1.321922 -0.765613
v -38.841324 12.248151 4.225747
v -15.752101 11.234156 23.520399
v -52.188095 0.321042 0.236932
v -39.141125 18.606136 25.084507
v -34.283485 7.587233 3.793236
v -46.351925 7.049525 25.057888
v -35.895309 6.214660 2.797249
v -33.245464 11.502804 6.178847
v -56.502502 6.731429 19.295374
v -21.187754 2.042392 28.192318
v -29.177593 14.224424 12.608571
v -61.695396 3.112627 17.082464
v -56.398113 9.260096 2.613818
v -38.088844 18.268431 26.710108
v -61.406776 1.459959 13.862879
v -57.891586 13.848062 13.578852
v -59.443489 5.382342 7.677572
v -15.615291 2.177369 23.082983
v -16.547848 8.854898 14.922154
v -60.767544 2.021057 17.739534
v -36.298573 6.677288 31.773535
v -19.545361 3.870165 10.747130
v -54.969028 15.943218 16.926702
v -25.467123 8.206557 30.362328
v -52.270145 14.189487 10.893704
v -30.589685 7.162889 4.312544
v -35.286022 13.170454 29.953625
v -57.750576 13.107356 17.593813
v -31.020874 14.598234 10.894730
v -27.193415 0.592097 26.039125
v -56.208843 14.816833 17.734737
v -48.773891 0.577281 -1.126280
v -33.634575 2.753838 2.641432
v -28.462599 0.962789 29.265329
v -40.459999 11.273663 2.807653
v -34.184513 3.535527 2.604706
v -29.652521 1.174622 5.489849
v -36.168003 1.815206 3.124796
v -16.895105 6.045283 26.063156
v -21.034431 12.217528 15.073868
v -16.214001 6.153835 24.203112
v -19.942083 2.725441 10.398433
v -16.826393 5.464599 13.853129
v -24.625370 1.156969 8.906596
v -39.929104 19.191536 21.023775
v -22.666336 1.959440 9.093273
v -42.793926 16.574093 21.816856
v -58.796322 0.211812 6.866018
v -28.970337 0.560048 6.802554
v -39.310711 19.137655 21.243734
v -40.892288 18.479479 21.374170
v -41.983540 16.773315 23.158989
v -31.715405 0.321152 27.448927
v -50.310783 0.439255 18.188654
v -17.525269 11.403928 17.112322
v -50.855553 9.597791 -0.465308
v -23.818335 8.996902 9.514997
v -30.510067 0.673293 31.494850
v -28.114862 15.347874 20.164133
v -47.868591 10.329239 22.820957
v -32.656349 10.925968 5.969275
v -33.281082 19.786474 21.328598
v -46.987141 0.779134 24.222017
v -14.134393 10.532529 18.480600
v -47.524136 0.862175 -1.035980
v -47.437023 0.328104 13.299074
v -43.922619 14.438595 23.505922
v -32.675545 12.971393 29.806793
v -27.885422 16.210104 23.454716
v -36.292244 2.620803 2.924942
v -34.130020 16.848400 14.341513
v -41.225742 17.987080 21.808794
v -24.643890 5.704252 29.875099
v -34.758350 5.058854 3.260044
v -39.734055 4.924129 30.239145
v -17.961115 3.521810 12.518128
v -54.179695 4.134580 -2.184996
v -40.702255 0.866751 29.214970
v -45.093040 12.446498 1.931405
v -59.744473 0.239715 9.108554
v -20.567856 1.984327 11.936273
v -43.508202 0.472586 0.817796
v -61.784534 8.747925 16.208338
v -19.313965 4.528345 10.211806
v -38.026165 0.147060 10.259823
v -49.064365 2.129326 23.601839
v -34.825329 1.484576 3.353786
v -36.775444 17.483955 10.962891
v -20.849504 5.843945 29.692091
v -29.924782 14.972174 16.146177
v -46.097862 18.518251 19.318323
v -24.990021 9.395757 29.763947
v -24.033886 1.243636 28.116617
v -34.782272 14.052461 7.962371
v -43.789906 18.892273 18.943949
v -43.806599 13.409038 3.284058
v -16.856539 11.406120 26.318203
v -26.100904 13.156197 12.077771
v -47.667786 16.717854 15.538888
v -16.467600 4.193473 27.997955
v -35.836895 18.957851 18.467150
v -17.705818 5.117262 28.798080
v -25.532471 1.775363 28.995869
v -16.719431 6.700038 25.278143
v -27.927006 2.120544 30.046623
v -61.351826 2.296781 17.190594
v -19.493176 5.657027 29.319876
v -25.836994 4.650761 30.492092
v -16.064779 2.221165 25.763088
v -23.206854 12.861095 28.653008
v -27.184139 2.535008 29.801975
v -14.950806 5.531634 20.557785
v -23.511742 13.931452 25.177879
v -21.266977 2.246697 11.321748
v -23.678589 1.586422 28.553715
v -21.702162 9.426614 29.362108
v -21.507244 2.014398 12.538833
v -27.462534 14.862012 28.316225
v -30.384064 11.633228 8.190212
v -50.576527 15.235088 12.565707
v -50.316521 2.801654 21.834105
v -36.510574 1.710516 33.029778
v -51.952652 8.788764 21.125950
v -60.518833 0.424976 16.232052
v -51.615559 0.536521 18.373692
v -49.163280 6.476692 23.158794
v -60.813778 1.061604 16.578835
v -49.056400 0.478935 15.614540
v -46.089615 18.305363 20.346918
v -27.129519 14.482712 18.626804
v -44.120667 17.309467 21.324017
v -29.491343 16.088995 19.528852
v -42.480621 0.220685 3.255374
v -16.817778 5.561139 27.782972
v -36.566795 0.899181 3.530320
v -28.256195 16.877417 27.130972
v -29.107821 3.580397 2.748070
v -32.746704 9.226673 5.254721
v -37.201351 0.587644 3.725851
v -27.772017 15.179859 20.624376
v -36.707600 17.909452 13.900356
v -31.065546 18.373487 28.231831
v -33.584377 8.350395 4.411050
v -33.196007 17.860334 18.551508
v -39.682957 17.810305 25.626940
v -33.806023 9.280572 4.379848
v -23.127424 4.556395 29.648495
v -26.468388 14.393953 27.564409
v -25.109880 0.814241 20.073629
v -15.632766 6.219527 17.412052
v -57.932823 11.605219 8.437820
v -29.250292 0.344527 23.168243
v -37.661873 17.471344 10.872544
v -28.568468 8.540478 6.033307
v -46.923569 16.434155 13.568793
v -51.776978 0.664828 -1.321049
v -49.680279 4.854980 22.747797
v -30.149513 12.846321 9.212290
v -50.229462 6.942569 22.343370
v -30.017653 5.111906 2.838788
v -50.312569 2.059124 21.109289
v -54.189701 8.001215 20.222189
v -59.103916 0.347605 17.735519
v -21.858067 4.545527 6.723389
v -15.819818 6.465283 20.580769
v -25.531105 12.034576 29.019224
v -50.709915 0.614008 18.875036
v -31.940941 1.059191 33.660110
v -54.407829 9.712632 1.709774
v -16.806751 2.257229 14.696498
v -47.564053 2.349283 25.688936
v -28.231201 8.273700 30.674046
v -33.198483 19.091408 19.641285
v -52.200840 1.343778 -1.975272
v -33.106773 15.785365 11.157437
v -17.643965 2.377558 27.602922
v -54.114990 0.796251 19.497082
v -16.193342 3.772724 15.494183
v -14.856094 6.936059 18.040861
v -46.392487 17.359640 15.981499
v -27.074900 15.606653 25.608980
v -50.237255 16.773323 16.610365
v -26.146742 3.233522 29.785496
v -16.234577 6.448819 23.465847
v -42.954960 18.207958 21.142643
v -46.030674 11.687152 1.277492
v -30.915884 19.277849 21.309301
v -17.179352 6.265210 26.218853
v -56.104916 9.862030 3.219845
v -52.505123 11.287155 4.082041
v -47.333889 11.643634 1.368838
v -58.782124 0.050136 11.603596
v -49.161568 1.313489 22.219364
v -51.267433 11.229579 3.115773
v -28.568890 13.058421 10.508351
v -36.830547 8.896603 30.863375
v -34.314281 10.310702 4.533602
v -55.967987 7.239450 0.346049
v -36.519314 4.491096 32.509354
v -23.037649 5.688024 29.776531
v -16.577608 2.022714 15.424399
v -28.516407 13.548954 11.503941
v -16.062389 6.272667 21.824938
v -39.173229 0.157373 7.789008
v -14.991827 7.008858 20.607103
v -15.146559 5.878334 19.682522
v -36.162243 17.961597 28.498669
v -44.809940 7.719747 0.122414
v -52.574738 10.530341 2.358408
v -15.777763 6.039907 23.622150
v -60.290653 0.161386 10.960849
v -15.474363 5.592984 16.390644
v -22.720369 1.590140 10.154681
v -52.109413 7.572359 -1.633480
v -14.756926 2.800330 19.370806
v -38.471539 0.502493 2.882527
v -37.867680 0.185872 5.923172
v -15.646950 7.174879 15.696663
v -33.626099 1.109782 33.617638
v -23.933645 1.667256 8.400999
v -39.014702 19.225910 21.714321
v -19.293779 2.973499 10.745144
v -21.241640 2.648952 9.145676
v -18.142998 7.292617 12.186483
v -44.335514 0.893881 26.605633
v -27.246309 15.339155 26.585554
v -50.697659 16.641336 19.898132
v -21.277025 3.011808 7.970689
v -18.178907 11.736422 25.044519
v -28.353088 10.742319 8.127533
v -58.180553 0.071776 6.222497
v -54.893543 15.890917 17.362358
v -24.508144 12.398411 11.670656
v -15.065143 6.985461 16.787441
v -27.658140 1.374780 29.036097
v -27.227562 15.248654 21.934019
v -29.370960 12.581934 9.575829
v -14.536558 10.962750 20.515484
v -31.764223 16.375061 18.144438
v -60.054493 1.238545 9.941214
v -32.011726 15.438497 11.815511
v -59.677563 1.437063 18.238062
v -49.608418 0.240163 15.500477
v -57.037384 0.277860 3.847751
v -27.606001 14.771122 19.887363
v -37.810562 4.650226 1.983598
v -47.965931 0.542932 14.446717
v -60.260155 6.222892 9.565599
v -28.799349 4.826138 2.877331
v -20.917389 3.351811 7.960067
v -58.734657 1.283361 6.745924
v -26.589890 13.654818 28.478453
v -30.247154 10.410471 7.124698
v -15.959609 6.263769 15.358661
v -26.763275 0.718683 28.204432
v -17.586258 11.360766 27.742210
v -15.009184 2.316308 19.540205
v -16.489386 10.933063 24.877546
v -19.566086 11.870854 28.475651
v -62.074104 5.531967 16.309944
v -43.918697 1.920374 28.284710
v -62.344017 8.694869 15.788971
v -33.580124 2.364308 2.814337
v -61.469227 1.422886 14.723183
v -38.876713 7.914473 1.892498
v -45.336281 0.717820 -0.364903
v -57.672138 14.063602 14.478172
v -42.977119 13.406972 3.396692
v -15.863670 6.208033 19.459351
v -44.000690 18.065193 21.064653
v -52.863121 7.639183 -1.544391
v -52.591190 11.047327 3.173217
v -16.216351 2.646276 27.426714
v -19.349415 6.484828 29.558512
v -40.205547 15.541892 6.616039
v -26.355879 6.543752 31.015162
v -29.891487 0.290301 16.310061
v -13.668505 9.058539 18.512302
v -34.084480 11.232887 5.510050
v -24.375284 13.167872 13.254776
v -25.559202 11.016747 29.587713
v -26.859146 4.188517 31.009367
v -14.346389 7.767005 17.963823
v -32.991619 9.878040 5.264979
v -25.245508 11.021901 29.408529
v -14.159518 7.737779 19.373011
v -34.387524 15.841159 10.373753
v -48.829395 8.503640 22.802402
v -28.949362 15.149771 19.001600
v -27.376291 13.663758 13.445695
v -20.079525 2.078853 11.665165
v -61.707150 10.210446 12.769526
v -18.354979 2.439522 27.994717
v -61.442955 10.505198 11.826116
v -59.791279 10.033840 8.255422
v -48.596542 17.104427 16.583481
v -61.888416 4.925013 15.194542
v -47.205410 17.873743 20.618979
v -55.280548 0.756019 0.578787
v -61.848137 6.490805 14.110093
v -42.068802 0.190666 6.811748
v -36.458221 10.478539 3.718050
v -31.515896 3.171215 2.548807
v -61.406742 0.925245 15.008055
v -27.654156 15.655884 22.844860
v -42.932861 0.440891 9.120770
v -35.040401 3.529871 2.789964
v -18.293592 9.932298 28.815966
v -32.220493 4.492754 2.588402
v -22.298687 13.284259 18.489508
v -28.486559 18.325739 22.208509
v -33.320923 7.366740 4.166492
v -53.833477 10.574990 3.309395
v -25.755726 0.604739 23.341780
v -32.582542 0.870859 4.733543
v -50.373314 16.175497 14.999625
v -23.805174 4.061607 5.199006
v -37.276272 0.671150 30.951393
v -47.168316 17.457811 20.757259
v -15.036695 2.585446 18.379381
v -34.846069 16.718565 11.510964
v -20.991291 2.499590 10.481280
v -15.939503 11.019805 17.578135
v -21.864391 2.084678 9.740588
v -54.097076 0.574836 19.047787
v -40.004211 0.457924 6.283711
v -35.161236 7.578685 3.236336
v -19.166407 11.638049 15.779119
v -51.117935 0.783927 18.622200
v -35.951111 9.604439 30.809607
v -16.349260 11.364614 23.450922
v -43.880077 18.469479 20.589846
v -13.780483 10.313431 18.820845
v -17.178894 11.581018 26.251785
v -38.638493 16.658867 8.923787
v -16.526802 11.354421 21.301317
v -49.046696 16.337385 14.693639
v -36.659962 17.663347 11.988105
v -47.157608 18.342268 19.536129
v -31.097864 1.922571 4.014180
v -20.850832 5.479533 8.377095
v -37.684204 17.858484 12.479833
v -56.668190 14.607129 14.605384
v -24.391005 3.516663 4.820789
v -29.217350 14.054472 11.399087
v -16.852982 4.577877 28.414566
v -26.043549 3.429697 3.835102
v -60.960304 0.322224 13.298143
v -36.130714 0.472708 28.383112
v -61.083672 0.508941 15.133719
v -34.265217 17.526619 29.024376
v -27.304491 0.535300 27.633232
v -20.756775 5.059586 8.026428
v -29.345951 18.424723 21.863169
v -16.427847 10.644610 25.311323
v -30.082405 18.302521 27.606731
v -36.802490 2.228388 2.829012
v -47.921169 12.269246 21.853756
v -22.055609 2.068034 28.456310
v -33.332382 0.465622 32.389954
v -56.648190 0.488798 18.811201
v -28.618191 0.486256 27.026579
v -38.070652 18.991768 17.308933
v -24.730232 13.433265 28.376387
v -60.523540 11.547308 12.074656
v -24.685307 3.108397 4.759462
v -41.150761 0.351025 6.730801
v -41.477543 14.751377 5.238306
v -25.639317 1.367357 7.383275
v -50.202507 3.525589 22.281717
v -14.768246 7.542696 17.073320
v -31.565329 0.366871 29.231379
v -29.454510 1.318299 31.079695
v -36.997639 8.739921 2.601552
v -17.396481 11.615133 20.884264
v -23.485132 12.663092 28.856611
v -32.370850 11.655555 6.756386
v -31.699633 0.735364 33.026867
v -36.945698 7.752966 2.525875
v -14.936403 10.990818 18.876877
v -25.658360 12.734322 28.647039
v -50.766541 1.671997 20.085360
v -25.151627 0.610965 24.939228
v -16.264143 5.335352 14.891939
v -35.687405 16.809038 10.813765
v -27.803905 3.448408 3.070204
v -50.596436 2.674608 21.535307
v -15.838999 6.121768 21.044165
v -17.978123 2.368288 12.820702
v -17.293295 5.294006 28.467623
v -40.314259 19.177946 17.414358
v -15.416296 5.966413 17.647945
v -58.694916 5.098678 18.445524
v -40.203720 12.575442 27.293871
v -17.742104 5.829065 27.829956
v -39.747177 10.422825 2.540293
v -15.526844 6.473885 17.433647
v -25.254902 12.853425 11.786783
v -25.110039 14.909314 24.866375
v -15.668806 6.308554 16.355150
v -32.277447 16.999271 17.555130
v -26.709194 0.781505 23.950432
v -18.288992 11.255931 16.092131
v -27.690685 15.619295 27.720726
v -26.255362 0.522390 25.959356
v -31.511955 10.754413 6.873032
v -17.534302 11.479620 19.444708
v -27.076424 14.569475 27.992867
v -48.846100 0.516842 21.001043
v -31.887724 9.449811 5.755161
v -17.313820 2.035045 14.177895
v -49.197117 8.288936 22.322647
v -58.638248 4.718097 6.001950
v -53.127285 12.787556 19.833965
v -45.874748 2.352594 26.874781
v -35.792126 3.005487 2.851805
v -21.362700 12.212250 28.753271
v -42.660835 5.142429 28.172115
v -22.826891 13.057797 16.022503
v -22.233931 12.609081 28.441645
v -29.637678 14.624276 16.728182
v -30.892046 12.454771 8.356441
v -61.505424 1.707174 16.086647
v -43.905090 0.124482 12.554043
v -31.698330 6.687889 3.824148
v -37.304237 1.121920 3.033254
v -24.680590 6.993661 29.913671
v -53.012280 0.623703 -0.802434
v -39.665726 19.032774 22.364262
v -26.671579 1.743888 29.177919
v -30.807920 0.874269 32.436932
v -52.069946 9.295683 -0.433263
v -31.468288 7.572101 31.146303
v -34.942226 9.508886 3.714278
v -28.362062 3.711117 32.002274
v -47.259911 2.093990 25.775494
v -17.402716 8.955026 27.019958
v -49.782829 3.301311 22.623713
v -42.557148 18.991180 18.648212
v -18.866465 5.813397 28.993858
v -50.627041 9.874465 21.450214
v -18.357706 5.007068 28.911110
v -43.239014 0.238884 10.651853
v -18.575056 9.942259 28.936550
v -43.148663 15.418747 23.266188
v -37.569321 0.425558 4.467354
v -16.212215 5.683007 26.749241
v -38.402050 0.473736 4.911210
v -47.047501 12.026633 22.629362
v -45.021427 14.670075 21.955839
v -36.391304 16.455900 28.898815
v -50.755432 13.263485 7.596753
v -23.077587 5.217914 29.807243
v -57.987900 0.544258 18.459553
v -39.888287 3.036472 1.296280
v -25.186287 4.722891 30.056873
v -57.175068 9.700891 4.205046
v -36.972942 6.398474 31.596930
v -16.815973 7.966407 13.924331
v -56.697559 10.743061 5.624592
v -35.744743 0.494002 31.079664
v -26.269817 13.639773 28.156492
v -15.728422 11.095098 23.872501
v -23.179449 12.874508 13.236543
v -36.204365 3.860324 2.811687
v -48.009583 17.802898 20.340239
v -20.119967 2.552213 28.327854
v -43.380569 17.114141 13.230591
v -14.781053 5.527707 19.431990
v -27.836695 15.799642 26.502018
v -50.827969 0.346438 16.779900
v -58.858929 8.745200 5.532975
v -46.114002 17.647783 20.893938
v -59.378593 1.245401 8.152220
v -52.977943 0.530318 18.374666
v -55.967690 7.840577 0.885444
v -56.776623 7.750652 1.727998
v -38.994099 0.841402 2.146708
v -24.922518 6.623311 30.095997
v -59.127979 12.842685 13.245552
v -18.429703 3.542597 11.802394
v -40.264866 0.633097 1.747990
v -23.916571 5.491596 29.737207
v -30.726248 13.073110 9.164748
v -61.678112 2.556579 16.226849
v -51.096039 15.993943 19.965918
v -37.384357 18.233580 14.759175
v -57.262478 1.853381 19.604509
v -37.351997 18.576944 16.638649
v -50.746086 0.669967 17.752455
v -36.132099 18.480650 27.789371
v -53.420654 0.393326 0.007358
v -60.939793 10.469641 10.700016
v -32.043961 18.132050 28.700863
v -35.390236 18.778839 19.527977
v -38.682556 17.759932 26.554869
v -15.511898 6.651736 16.038673
v -28.658413 18.730120 25.632879
v -27.532505 15.857481 24.802607
v -32.044453 9.720750 30.504204
v -25.646088 13.408041 28.285723
v -45.060760 17.978821 20.951021
v -32.313938 10.424036 6.069324
v -48.038990 0.206985 13.483752
v -45.900593 13.343102 22.617510
v -52.037617 16.913870 18.311316
v -33.576077 0.345412 5.163282
v -35.260765 17.336809 29.142220
v -45.800243 13.969067 22.069809
v -21.989195 5.200950 29.665720
v -55.736103 15.582331 16.441946
v -25.569500 6.482547 30.558273
v -17.894194 6.216245 27.645180
v -28.096003 0.638631 28.322430
v -18.738516 4.214445 11.607074
v -24.555132 4.636600 29.846472
v -36.660633 0.204268 14.278611
v -57.816753 12.588406 10.611567
v -43.401390 0.582852 26.058344
v -20.006611 1.857470 12.636202
v -15.125228 5.895746 21.027145
v -21.782261 2.026542 12.252130
v -46.551189 7.242219 -0.369449
v -35.815159 0.534041 4.029661
v -15.360342 5.681096 22.807356
v -21.974052 1.904235 10.830179
v -27.494150 10.013514 30.063759
v -51.802307 1.853856 20.545280
v -29.759108 7.897290 5.104489
v -22.001772 3.045372 7.281099
v -22.680166 1.632177 11.097678
v -23.064547 3.144211 6.041451
v -44.955261 18.335817 20.608860
v -15.508888 8.622360 15.796388
v -16.036846 6.721005 15.091267
v -43.277931 0.299658 18.437189
v -45.658741 18.616541 19.638206
v -19.890648 11.591356 28.730272
v -41.321526 18.953650 20.679537
v -34.038662 0.574166 32.536465
v -47.225185 18.165285 20.041611
v -29.403111 3.185905 2.852365
v -59.682560 11.355308 16.844002
v -14.809679 4.865103 18.155985
v -53.926167 2.369225 -1.958043
v -59.147186 12.890162 12.450846
v -21.203453 1.852778 14.165924
v -33.997494 18.428513 18.936083
v -26.925602 14.518699 27.639471
v -16.560886 5.116326 27.919338
v -24.531044 0.486196 22.178980
v -49.996479 5.610664 22.499655
v -39.199772 0.322623 6.320081
v -18.291523 11.660891 20.992411
v -40.081646 18.865498 21.472467
v -49.622311 6.313159 22.522636
v -45.395737 12.555306 2.203650
v -38.853855 19.257769 23.705498
v -16.716301 11.271841 24.674334
v -58.413555 0.089449 14.932629
v -15.554461 9.186432 15.977480
v -43.818054 18.597441 20.091978
v -47.223812 0.337892 18.128813
v -39.418678 0.416896 5.139991
v -14.111013 10.753278 19.585262
v -26.868990 1.110442 28.699142
v -24.517839 12.685922 28.837893
v -16.827818 8.420721 14.281719
v -16.212236 8.569478 14.884681
v -57.397224 8.801156 3.138461
v -58.457676 12.831629 11.587242
v -44.159496 10.565992 25.264299
v -28.769426 13.877741 13.634333
v -29.429686 13.706045 10.692554
v -49.996696 4.229713 22.528452
v -48.207447 10.958195 0.507867
v -26.592356 11.841357 10.020905
v -17.652266 4.274688 12.813087
v -29.453506 14.632348 15.078272
vn -0.5667 0.2515 0.7846
vn -0.8693 -0.0864 -0.4866
vn -0.8681 -0.1312 -0.4788
vn -0.8792 -0.0981 -0.4663
vn -0.0004 -0.9998 0.0180
vn 0.0019 -0.9999 0.0131
vn -0.0087 -0.9996 0.0263
vn 0.1337 0.8151 -0.5636
vn -0.2076 0.9245 -0.3198
vn -0.1505 0.9294 -0.3370
vn -0.5387 0.2809 0.7943
vn -0.5408 0.2642 0.7986
vn -0.5204 0.2812 0.8063
vn 0.3448 0.7260 -0.5950
vn 0.3513 0.6936 -0.6289
vn 0.0824 0.2825 0.9557
vn 0.1680 0.3617 0.9170
vn 0.0738 0.2781 0.9577
vn 0.4932 -0.8694 -0.0284
vn 0.0662 -0.9976 0.0210
vn 0.0753 -0.9971 0.0095
vn 0.2001 -0.2311 0.9521
vn 0.1515 -0.2396 0.9590
vn 0.1816 -0.3226 0.9289
vn -0.0134 -0.9999 0.0061
vn -0.0237 -0.9997 0.0116
vn 0.2215 0.6176 -0.7546
vn 0.3338 0.6096 -0.7190
vn 0.2714 0.5119 -0.8151
vn 0.0119 -0.9999 0.0073
vn 0.0293 -0.9995 0.0081
vn -0.2590 0.8709 -0.4177
vn -0.2725 0.8089 -0.5209
vn -0.3053 0.8320 -0.4631
vn -0.0780 0.4207 -0.9038
vn -0.0960 0.2758 -0.9564
vn -0.0096 0.3121 -0.9500
vn 0.4063 0.9074 -0.1075
vn 0.4672 0.8770 -0.1121
vn 0.4646 0.8813 -0.0865
vn 0.9583 0.1808 0.2214
vn 0.9799 -0.0086 0.1993
vn 0.9819 0.0374 0.1856
vn -0.0074 0.9754 0.2205
vn 0.0133 0.9750 0.2217
vn -0.0031 0.9833 0.1817
vn -0.5456 0.6072 0.5776
vn -0.5709 0.5114 0.6423
vn -0.2728 0.3893 0.8798
vn -0.2539 0.8923 -0.3733
vn -0.2313 0.9041 -0.3593
vn -0.2377 0.8949 -0.3777
vn -0.7215 0.6512 0.2353
vn -0.7131 0.6841 0.1532
vn -0.8900 0.4538 0.0443
vn -0.3392 0.2061 0.9178
vn -0.3058 0.2035 0.9301
vn -0.3100 0.2215 0.9246
vn -0.2129 0.2709 0.9388
vn -0.2815 0.2772 0.9187
vn 0.1991 -0.8155 -0.5435
vn 0.2289 -0.7896 -0.5694
vn 0.2001 -0.8402 -0.5040
vn 0.8387 -0.0083 -0.5445
vn 0.7992 0.0854 -0.5949
vn 0.7950 0.1079 -0.5970
vn 0.4277 0.9018 -0.0623
vn 0.4239 0.8985 -0.1138
vn -0.1402 0.9499 -0.2793
vn -0.1564 0.9415 -0.2984
vn -0.1923 0.9325 -0.3056
vn -0.7757 -0.1123 -0.6210
vn -0.8593 -0.1528 -0.4880
vn 0.2961 0.0605 -0.9532
vn 0.2967 -0.0239 -0.9547
vn 0.2797 0.0933 -0.9555
vn -0.0203 -0.9981 -0.0579
vn 0.0076 -0.9996 -0.0265
vn -0.0133 -0.9997 -0.0223
vn 0.2256 0.0346 -0.9736
vn 0.2395 0.0688 -0.9684
vn -0.4578 0.1666 0.8733
vn -0.4436 0.1453 0.8844
vn -0.4284 0.1585 0.8896
vn -0.0119 -0.9996 0.0243
vn 0.0833 -0.4497 0.8893
vn 0.1687 -0.3349 0.9270
vn 0.1002 -0.4173 0.9032
vn 0.0354 -0.9992 0.0170
vn 0.2572 0.2865 -0.9229
vn 0.2515 0.2483 -0.9354
vn 0.2507 0.3724 -0.8936
vn 0.3450 0.6303 -0.6955
vn 0.3507 0.6527 -0.6716
vn 0.0411 0.2888 0.9565
vn 0.0319 0.3378 0.9407
vn 0.0801 0.3058 0.9487
vn 0.1615 0.2598 0.9521
vn 0.6543 -0.5546 0.5141
vn 0.6384 -0.4929 0.5912
vn 0.2038 -0.7624 -0.6142
vn 0.4321 0.5720 -0.6973
vn 0.4584 0.5598 -0.6902
vn 0.4386 0.5170 -0.7351
vn -0.2114 -0.9115 0.3528
vn -0.1873 -0.9064 0.3787
vn -0.2381 -0.7740 0.5868
vn 0.0648 0.3481 0.9352
vn 0.4915 0.5440 -0.6801
vn 0.4736 0.5488 -0.6888
vn 0.4988 0.5314 -0.6847
vn 0.1379 0.9773 -0.1611
vn 0.1407 0.9737 -0.1792
vn 0.1697 0.9737 -0.1521
vn -0.9670 -0.0780 -0.2424
vn -0.9629 0.2102 -0.1689
vn -0.9698 -0.0804 -0.2305
vn -0.4595 0.1331 0.8781
vn -0.4823 0.1449 0.8640
vn 0.9167 0.0217 0.3991
vn 0.9198 -0.1058 0.3778
vn 0.9264 -0.0339 0.3751
vn 0.9098 -0.3033 -0.2834
vn 0.7692 -0.6387 -0.0179
vn 0.8771 -0.1622 -0.4520
vn 0.0053 -1.0000 -0.0033
vn -0.9877 -0.1039 -0.1171
vn -0.9895 -0.1439 -0.0125
vn 0.1821 0.9828 -0.0309
vn 0.2026 0.9790 -0.0237
vn 0.1948 0.9802 -0.0351
vn 0.0800 0.2567 0.9632
vn 0.1562 0.3507 0.9234
vn 0.1434 -0.9800 0.1381
vn 0.1932 -0.9665 0.1692
vn 0.0707 -0.9960 0.0540
vn 0.0760 -0.9599 0.2700
vn 0.0531 -0.8409 0.5386
vn -0.0272 -0.7336 0.6790
vn 0.0218 0.9490 0.3146
vn 0.0026 0.9477 0.3193
vn 0.0705 0.9845 0.1603
vn 0.0824 0.0817 0.9932
vn 0.0919 0.1485 0.9846
vn 0.1467 0.1548 0.9770
vn -0.5898 0.2230 0.7762
vn -0.5995 0.2650 0.7552
vn -0.7321 0.1637 0.6612
vn -0.5753 -0.7297 0.3696
vn -0.7098 -0.5604 0.4267
vn -0.7216 -0.5259 0.4502
vn 0.4032 0.7494 -0.5252
vn 0.4032 0.8298 -0.3858
vn 0.2415 0.8344 -0.4954
vn 0.9498 0.3086 0.0516
vn 0.9063 0.4209 -0.0395
vn 0.9178 0.3834 0.1028
vn 0.0459 -0.9526 -0.3008
vn 0.0654 -0.9806 -0.1851
vn 0.0118 -0.9973 -0.0725
vn 0.4032 -0.2242 -0.8872
vn 0.3860 -0.1295 -0.9133
vn 0.1026 0.8605 -0.4991
vn 0.0919 0.9860 -0.1395
vn 0.0986 0.9736 0.2056
vn 0.0926 0.9300 0.3557
vn 0.1230 0.9217 0.3678
vn 0.9090 -0.0296 -0.4157
vn 0.8908 -0.0407 -0.4525
vn 0.9250 0.1251 -0.3588
vn 0.8243 -0.2425 -0.5116
vn 0.8204 -0.2603 -0.5092
vn 0.7159 -0.5360 -0.4474
vn -0.2856 0.8768 -0.3868
vn -0.5668 0.7669 -0.3010
vn -0.2712 0.8949 -0.3545
vn -0.9421 -0.0732 -0.3272
vn -0.9296 -0.0374 -0.3666
vn -0.9360 -0.0706 -0.3448
vn 0.7753 0.6142 -0.1475
vn 0.5347 0.8412 0.0805
vn 0.7300 0.6780 0.0866
vn 0.5114 -0.3182 0.7983
vn 0.3156 -0.4655 0.8269
vn 0.2470 0.2413 0.9385
vn 0.3039 0.0408 0.9518
vn -0.4270 -0.8600 0.2795
vn -0.1160 -0.9923 0.0436
vn -0.1261 -0.9682 0.2161
vn -0.3939 -0.0457 0.9180
vn -0.3569 -0.1771 0.9172
vn 0.2475 0.9686 -0.0249
vn 0.2602 0.9654 0.0144
vn 0.3334 0.9428 0.0059
vn 0.4740 0.5644 -0.6759
vn 0.3997 0.7716 -0.4947
vn -0.2118 0.9179 -0.3356
vn -0.2211 0.9157 -0.3357
vn -0.4234 0.2223 0.8783
vn -0.3824 0.1797 0.9063
vn 0.4636 -0.5333 -0.7076
vn 0.4510 -0.5100 -0.7325
vn 0.0317 -0.3889 -0.9208
vn 0.1051 -0.6281 -0.7710
vn 0.1713 -0.6753 -0.7174
vn 0.3899 0.7580 -0.5230
vn 0.4136 0.6999 -0.5824
vn 0.1472 0.9827 -0.1124
vn -0.6520 0.6949 0.3033
vn -0.4335 0.6920 0.5773
vn -0.4594 0.7686 0.4452
vn -0.4182 0.8909 -0.1772
vn 0.8422 -0.0226 0.5387
vn 0.7478 -0.0507 0.6619
vn 0.8795 -0.0226 0.4754
vn 0.1450 0.0673 0.9871
vn 0.1409 0.1397 0.9801
vn -0.2760 0.2471 0.9289
vn -0.3698 0.8131 0.4495
vn -0.4062 0.8237 0.3957
vn 0.1856 -0.7657 -0.6158
vn 0.0555 -0.9973 0.0482
vn -0.1415 -0.9793 -0.1446
vn -0.1235 -0.9862 -0.1102
vn 0.0269 0.9803 0.1959
vn 0.4542 0.7280 0.5135
vn 0.5380 0.6926 0.4805
vn 0.7606 0.5889 0.2731
vn 0.7236 0.3379 0.6018
vn 0.3515 -0.1681 0.9210
vn -0.7634 -0.2365 0.6011
vn -0.7692 -0.4317 0.4711
vn -0.4841 -0.7937 0.3683
vn -0.3292 -0.8093 0.4864
vn -0.3521 -0.7078 0.6124
vn -0.4696 -0.5247 0.7100
vn 0.0039 -0.9977 -0.0680
vn -0.5749 -0.5062 -0.6429
vn 0.3607 0.9260 -0.1112
vn 0.2613 0.9551 0.1394
vn 0.4960 0.4571 -0.7383
vn 0.5224 -0.1585 -0.8378
vn 0.4650 0.0446 -0.8842
vn 0.7965 0.0462 -0.6029
vn 0.8417 -0.1148 -0.5276
vn 0.0261 -0.9880 0.1522
vn 0.0098 -0.9983 0.0572
vn -0.0146 -0.9986 0.0504
vn 0.0101 -0.9943 0.1057
vn -0.1688 0.2668 -0.9488
vn 0.1827 0.1673 -0.9688
vn 0.1988 0.0137 -0.9799
vn -0.4937 0.5965 -0.6329
vn -0.4502 0.6341 -0.6287
vn -0.1362 0.5200 0.8433
vn -0.1983 0.7350 0.6484
vn -0.1288 0.6967 0.7057
vn 0.5341 -0.7859 -0.3116
vn 0.5108 -0.7627 -0.3967
vn 0.1327 -0.9897 0.0540
vn 0.2681 -0.9560 0.1194
vn 0.5070 0.0780 -0.8584
vn 0.3047 0.0749 -0.9495
vn 0.4248 0.0105 -0.9052
vn 0.4169 0.5942 -0.6878
vn 0.3738 0.6844 -0.6260
vn 0.4520 0.5397 -0.7102
vn -0.5367 0.3344 0.7747
vn -0.5406 0.3080 0.7829
vn -0.4541 0.2984 0.8395
vn 0.0722 0.2733 0.9592
vn -0.0237 -0.9997 0.0055
vn -0.9425 -0.0806 -0.3242
vn 0.9140 -0.0475 0.4029
vn 0.9114 -0.0863 0.4024
vn 0.7493 -0.6575 0.0788
vn 0.7661 -0.6397 0.0620
vn -0.0319 -0.9983 0.0482
vn -0.4032 -0.7594 0.5106
vn -0.5669 -0.0552 0.8219
vn 0.3545 0.9340 -0.0443
vn 0.5416 0.8287 0.1413
vn 0.3276 0.9377 -0.1159
vn 0.1645 0.9738 -0.1568
vn -0.7005 0.7062 -0.1032
vn -0.6145 0.6843 -0.3927
vn 0.0738 -0.9964 0.0419
vn 0.0585 -0.9973 0.0434
vn 0.0731 -0.9968 0.0336
vn -0.0209 0.5196 0.8542
vn -0.0783 0.5333 0.8423
vn -0.4227 0.8672 0.2632
vn -0.3197 0.9173 0.2376
vn -0.2953 0.9450 0.1408
vn 0.1379 0.9665 -0.2163
vn -0.0087 0.9972 0.0746
vn 0.3093 0.5978 -0.7396
vn 0.2910 0.5577 -0.7774
vn 0.3075 0.6039 -0.7353
vn -0.2209 0.9031 -0.3683
vn 0.1790 0.9838 0.0108
vn 0.1681 0.9831 0.0722
vn 0.2369 0.9689 0.0712
vn 0.0388 0.2065 0.9777
vn -0.7755 0.0615 0.6284
vn -0.8074 -0.0346 0.5890
vn -0.1609 -0.5438 0.8236
vn -0.2016 -0.6115 0.7651
vn 0.3126 -0.8582 -0.4073
vn 0.5062 -0.8296 -0.2358
vn 0.7289 -0.1222 -0.6736
vn 0.7873 -0.0067 -0.6165
vn -0.0864 0.9807 0.1753
vn -0.5465 0.3522 0.7598
vn -0.5434 0.3707 0.7532
vn 0.2823 0.7067 0.6487
vn 0.4068 0.3267 0.8531
vn 0.9048 -0.0277 0.4250
vn 0.8914 -0.0502 0.4505
vn 0.6800 -0.4795 -0.5547
vn 0.2666 -0.8663 -0.4225
vn 0.3884 -0.7396 -0.5497
vn -0.0122 -0.9999 -0.0049
vn 0.2051 0.9713 0.1203
vn 0.0709 0.9913 0.1112
vn -0.5840 0.5216 0.6220
vn 0.8775 -0.0838 -0.4722
vn 0.8314 0.0070 -0.5556
vn -0.2115 0.9249 -0.3159
vn -0.2173 0.9504 -0.2226
vn -0.1946 0.9390 -0.2837
vn -0.2466 0.8919 -0.3790
vn 0.2006 -0.2462 0.9482
vn -0.0356 -0.8903 0.4540
vn 0.3009 -0.9228 0.2406
vn 0.0253 -0.9971 0.0719
vn 0.1383 -0.9838 0.1142
vn 0.0347 -0.9876 0.1534
vn -0.1105 0.1416 -0.9837
vn 0.0421 -0.1309 -0.9905
vn 0.3047 0.9524 -0.0023
vn 0.9126 0.1410 0.3839
vn -0.0358 -0.9993 -0.0121
vn 0.0423 -0.9961 0.0779
vn 0.0060 -0.9976 0.0688
vn -0.2032 -0.9753 -0.0867
vn -0.1358 -0.9892 -0.0549
vn 0.2356 0.3557 -0.9044
vn 0.2189 0.1681 -0.9612
vn 0.0039 -0.9998 0.0214
vn -0.0016 -0.9994 0.0356
vn -0.0415 -0.9991 0.0059
vn -0.0538 -0.9966 0.0621
vn -0.0217 -0.9989 0.0421
vn -0.0768 0.9968 -0.0232
vn 0.1758 0.2774 0.9445
vn 0.5148 -0.0898 0.8526
vn 0.5358 -0.0252 0.8439
vn -0.1749 -0.9841 0.0302
vn -0.1798 -0.9832 -0.0318
vn 0.9002 -0.1861 -0.3936
vn 0.8986 -0.3881 -0.2046
vn 0.9970 0.0718 -0.0280
vn 0.0104 -0.9997 0.0215
vn -0.0086 -0.9997 -0.0234
vn -0.0325 -0.9987 -0.0382
vn -0.1089 -0.9859 -0.1267
vn 0.1268 -0.2668 0.9554
vn 0.1403 -0.3034 0.9425
vn -0.4791 -0.6645 0.5735
vn -0.5493 0.2284 0.8038
vn 0.8058 0.0416 -0.5907
vn 0.8533 -0.1051 -0.5107
vn 0.9401 -0.2309 0.2507
vn 0.9821 -0.1175 -0.1474
vn 0.9839 -0.0723 0.1636
vn 0.9247 -0.0902 -0.3698
vn 0.9969 -0.0581 0.0532
vn 0.9315 -0.1893 -0.3107
vn -0.3588 0.2004 0.9116
vn -0.4124 0.1202 0.9030
vn -0.3355 -0.1074 0.9359
vn -0.2144 0.1053 0.9711
vn -0.0481 -0.9973 0.0556
vn -0.0430 -0.9983 0.0396
vn 0.9728 0.2032 0.1109
vn 0.2962 0.9493 -0.1054
vn 0.4879 0.6390 -0.5947
vn 0.2279 0.9699 -0.0862
vn -0.4201 0.8110 -0.4071
vn -0.5855 0.6996 -0.4096
vn -0.5376 0.7421 -0.4003
vn -0.4810 0.6563 -0.5813
vn 0.9530 0.2004 -0.2272
vn 0.8837 0.4675 0.0215
vn 0.9988 0.0050 0.0480
vn 0.0669 -0.9973 0.0307
vn 0.0266 -0.9981 -0.0558
vn 0.0780 -0.9970 -0.0018
vn 0.0852 -0.9868 -0.1380
vn -0.4102 -0.3645 0.8360
vn -0.5277 -0.5496 0.6477
vn -0.3040 -0.5901 0.7479
vn -0.0634 -0.9080 0.4142
vn -0.9055 -0.0818 -0.4164
vn -0.8718 0.0020 -0.4898
vn -0.8972 -0.0860 -0.4332
vn -0.5286 0.7302 -0.4330
vn -0.6000 0.6387 -0.4816
vn -0.6380 0.6279 -0.4458
vn -0.4446 -0.7600 0.4741
vn -0.1553 -0.9666 0.2039
vn 0.1880 0.9802 -0.0626
vn 0.8779 0.4764 -0.0487
vn 0.6766 0.1102 -0.7280
vn 0.6572 -0.2734 -0.7024
vn 0.6066 -0.1494 -0.7809
vn 0.2329 -0.8552 -0.4631
vn 0.2541 -0.8062 -0.5342
vn 0.3024 -0.8148 -0.4947
vn -0.0072 0.2981 0.9545
vn -0.5224 0.1902 0.8312
vn 0.7899 0.1879 -0.5837
vn 0.4921 0.5594 -0.6670
vn 0.5445 0.4947 -0.6774
vn -0.2494 0.5748 -0.7793
vn 0.0410 0.5770 -0.8157
vn -0.0464 0.5717 -0.8192
vn 0.0591 -0.9879 0.1432
vn 0.0861 -0.9887 0.1229
vn 0.0411 -0.9979 0.0497
vn 0.0263 -0.9988 -0.0406
vn 0.0269 -0.9991 -0.0334
vn 0.0125 -0.9999 0.0027
vn -0.0730 0.3601 0.9300
vn -0.1316 0.3973 0.9082
vn -0.3157 0.5334 0.7847
vn -0.2630 0.9493 0.1724
vn -0.0612 -0.9868 -0.1497
vn 0.0066 -0.9821 -0.1885
vn -0.0461 -0.9958 -0.0795
vn 0.1792 -0.8910 -0.4171
vn 0.1479 -0.9252 -0.3494
vn -0.0175 0.8571 -0.5148
vn 0.3484 0.6241 -0.6994
vn 0.4670 0.3116 -0.8275
vn 0.5419 0.2839 -0.7910
vn -0.2704 -0.3815 0.8839
vn -0.2138 -0.9705 -0.1115
vn -0.0217 -0.9997 -0.0111
vn -0.1777 0.8715 0.4570
vn -0.2178 0.9267 0.3064
vn -0.2142 0.5961 0.7738
vn 0.0697 0.9628 0.2609
vn -0.3073 -0.8618 -0.4035
vn -0.0931 -0.9742 -0.2054
vn -0.0104 -0.9996 -0.0264
vn -0.0178 -0.9973 -0.0710
vn -0.6443 0.3758 0.6660
vn -0.6891 0.2659 0.6741
vn -0.9221 -0.0751 -0.3796
vn 0.1366 0.5474 -0.8257
vn 0.0586 0.4739 -0.8786
vn 0.4054 0.3885 -0.8275
vn 0.0686 0.5584 -0.8267
vn 0.0072 0.3268 -0.9451
vn 0.0573 0.7581 0.6496
vn -0.0836 0.8823 0.4632
vn -0.4502 0.4931 0.7444
vn -0.2767 0.8281 0.4875
vn 0.0836 0.2557 0.9631
vn 0.0850 0.9872 0.1353
vn 0.3839 0.8430 0.3768
vn 0.8817 0.3496 0.3169
vn 0.5526 0.7674 0.3253
vn 0.9216 0.0441 0.3855
vn 0.9356 -0.1405 0.3238
vn -0.5510 0.3076 0.7757
vn -0.5547 0.3680 0.7462
vn 0.8314 0.5518 0.0656
vn 0.5918 0.7075 0.3863
vn 0.8392 0.4438 0.3143
vn 0.4118 0.9019 0.1302
vn 0.2964 0.0927 -0.9505
vn 0.4397 0.1060 -0.8919
vn 0.4027 -0.3397 -0.8500
vn 0.1865 -0.8118 -0.5534
vn 0.0381 -0.9991 0.0206
vn 0.0894 -0.9939 0.0642
vn 0.0991 0.5693 -0.8161
vn 0.1545 -0.0170 -0.9878
vn 0.0728 0.9785 -0.1929
vn 0.1033 0.9775 -0.1839
vn 0.1589 0.9687 0.1910
vn 0.8484 -0.0892 -0.5218
vn 0.2907 0.2346 -0.9276
vn 0.3232 0.3985 -0.8584
vn -0.2848 -0.7819 -0.5545
vn -0.0667 -0.3135 -0.9472
vn -0.0521 -0.9284 -0.3679
vn -0.5075 0.8103 0.2931
vn -0.5408 0.7523 0.3764
vn -0.5527 0.6871 0.4716
vn 0.4366 0.2279 -0.8703
vn -0.5413 0.2469 0.8038
vn -0.4319 0.2675 0.8614
vn 0.3729 -0.0615 -0.9258
vn 0.3483 0.0063 -0.9374
vn 0.3324 0.0930 -0.9385
vn 0.3053 0.6893 -0.6570
vn 0.3013 0.7524 -0.5858
vn 0.2622 0.8077 -0.5281
vn 0.3390 0.6567 -0.6737
vn 0.2879 0.6706 -0.6837
vn 0.2679 0.6457 -0.7151
vn -0.7323 -0.5363 0.4197
vn -0.8399 -0.4759 0.2609
vn -0.9571 -0.2774 0.0832
vn 0.1956 -0.8978 0.3946
vn 0.2768 -0.2935 0.9150
vn 0.3640 0.7318 -0.5762
vn -0.5882 0.0872 0.8040
vn -0.5348 -0.0315 0.8444
vn -0.2517 0.8898 -0.3806
vn -0.2563 0.8858 -0.3868
vn -0.9095 -0.4097 -0.0705
vn -0.1783 0.9272 -0.3294
vn -0.2048 0.9251 -0.3198
vn -0.8848 -0.0642 -0.4616
vn -0.5043 0.2707 0.8200
vn 0.8065 -0.2585 -0.5317
vn 0.8416 -0.0925 -0.5321
vn 0.7546 -0.0183 -0.6560
vn -0.2553 0.9001 -0.3530
vn -0.5456 0.8328 -0.0937
vn 0.1850 0.2882 0.9395
vn 0.0919 0.3376 0.9368
vn 0.1590 0.5968 -0.7865
vn 0.2544 0.5954 -0.7621
vn -0.1624 0.2876 0.9439
vn 0.0454 0.2520 0.9667
vn 0.3663 0.7826 -0.5034
vn 0.3723 0.6909 -0.6198
vn 0.3739 0.7777 -0.5054
vn 0.0579 -0.9978 -0.0314
vn 0.1624 -0.7183 -0.6765
vn 0.5488 -0.7051 0.4489
vn 0.0110 -0.8818 0.4715
vn 0.0292 -0.6701 0.7417
vn 0.1864 -0.7632 -0.6187
vn 0.2167 -0.7585 -0.6146
vn 0.2630 -0.1755 -0.9487
vn 0.6183 0.7859 -0.0072
vn 0.6217 0.7827 -0.0295
vn 0.5791 0.8149 0.0232
vn 0.9876 0.1390 0.0736
vn 0.2274 0.9724 -0.0514
vn 0.5838 0.7922 0.1776
vn 0.9106 -0.3365 0.2400
vn 0.8964 -0.1936 -0.3987
vn 0.8852 -0.1002 -0.4544
vn 0.3144 -0.8553 -0.4118
vn 0.0488 0.9947 0.0910
vn 0.2138 -0.9507 -0.2248
vn 0.2128 -0.9554 -0.2047
vn 0.4014 -0.9149 -0.0433
vn -0.2720 0.6220 0.7342
vn -0.9358 -0.0555 -0.3482
vn -0.9054 -0.2579 -0.3373
vn -0.9194 -0.0492 -0.3902
vn 0.1132 -0.9619 -0.2487
vn 0.0880 0.9492 0.3020
vn -0.2018 0.9085 0.3659
vn -0.0265 -0.9996 0.0072
vn 0.1733 0.9683 -0.1801
vn 0.4350 0.5853 -0.6842
vn 0.1691 -0.9539 0.2481
vn 0.5886 -0.6369 0.4979
vn 0.1944 0.9773 -0.0842
vn -0.5387 0.3030 0.7862
vn -0.5453 0.2693 0.7938
vn 0.6000 0.2983 -0.7423
vn 0.4441 0.4934 -0.7479
vn 0.5620 0.6044 -0.5647
vn 0.6089 0.7881 -0.0898
vn -0.5644 0.6727 0.4786
vn 0.1046 0.9924 0.0646
vn 0.1488 0.9867 0.0659
vn 0.1455 0.9893 0.0109
vn -0.0700 -0.1662 -0.9836
vn -0.0512 0.0340 -0.9981
vn -0.1341 0.1510 -0.9794
vn 0.4208 0.8902 -0.1747
vn 0.4318 -0.1725 0.8853
vn 0.4843 -0.0961 0.8696
vn 0.0415 -0.1795 0.9829
vn 0.8606 -0.1306 -0.4922
vn 0.2081 0.5750 -0.7913
vn 0.2751 0.6191 -0.7355
vn -0.1611 -0.9685 -0.1899
vn 0.0706 -0.9950 -0.0706
vn 0.2280 -0.8109 -0.5389
vn -0.9341 0.1671 0.3154
vn 0.1824 -0.5497 -0.8152
vn 0.3842 0.9102 -0.1548
vn 0.5610 0.8231 0.0881
vn -0.1613 0.9638 -0.2122
vn 0.0406 0.2704 0.9619
vn 0.0984 -0.9525 0.2882
vn 0.1088 -0.3647 0.9248
vn 0.1113 -0.2805 0.9534
vn -0.1157 0.9677 0.2238
vn -0.0326 0.8912 0.4525
vn 0.8597 0.0297 0.5099
vn 0.2391 0.9710 0.0017
vn 0.1922 0.9380 -0.2884
vn 0.4421 0.8442 -0.3031
vn 0.3192 0.9213 -0.2221
vn -0.2170 0.9276 -0.3042
vn -0.1792 0.9266 -0.3306
vn 0.5547 0.0135 0.8319
vn 0.3388 0.0540 0.9393
vn 0.4985 0.6972 0.5152
vn 0.2617 0.9561 -0.1314
vn 0.5124 0.5262 0.6787
vn 0.5308 0.0624 0.8452
vn 0.9081 0.0115 0.4185
vn 0.3821 -0.5685 0.7286
vn 0.3118 -0.6651 0.6785
vn 0.1362 -0.5096 0.8495
vn -0.8458 -0.3798 0.3748
vn -0.9942 -0.1080 -0.0019
vn 0.5343 -0.5136 0.6713
vn 0.5956 -0.5686 0.5674
vn -0.0547 0.4298 0.9013
vn -0.2111 0.4336 0.8760
vn 0.9869 0.0389 0.1569
vn 0.2665 -0.9595 0.0915
vn 0.1379 0.1984 0.9704
vn 0.6476 0.7612 0.0346
vn 0.7658 0.6430 -0.0115
vn -0.1584 0.7977 0.5819
vn 0.5561 0.3916 -0.7331
vn 0.4351 0.5169 -0.7373
vn -0.7126 -0.3489 0.6086
vn -0.3679 0.1832 0.9116
vn -0.5589 -0.8169 0.1422
vn -0.9252 -0.3161 0.2102
vn -0.0214 -0.9996 0.0197
vn -0.1311 -0.9914 0.0048
vn -0.3177 -0.8693 0.3786
vn 0.0766 -0.9850 0.1546
vn 0.0647 0.8650 0.4977
vn 0.0031 0.9116 0.4111
vn 0.5237 0.6702 -0.5260
vn 0.0266 0.5279 0.8489
vn 0.3136 0.8896 -0.3320
vn 0.8028 0.2462 0.5431
vn 0.1768 -0.8854 -0.4300
vn 0.3091 -0.2053 -0.9286
vn 0.4581 0.4720 -0.7532
vn -0.0007 -0.9999 -0.0123
vn 0.3968 0.8550 -0.3339
vn 0.2451 0.9381 -0.2449
vn 0.0504 -0.0999 0.9937
vn 0.1802 -0.0805 0.9803
vn 0.4648 0.8754 0.1328
vn 0.2783 0.6975 0.6603
vn 0.0384 -0.9990 -0.0212
vn -0.2903 0.8736 -0.3906
vn 0.2803 0.8352 -0.4733
vn -0.1829 0.9365 -0.2992
vn -0.2023 0.9262 -0.3182
vn -0.7203 0.1841 0.6687
vn 0.0280 -0.7587 0.6509
vn -0.4052 0.1836 0.8956
vn 0.2042 0.5304 0.8228
vn -0.4202 -0.3605 -0.8327
vn 0.3718 0.7104 -0.5976
vn 0.4287 0.8367 -0.3409
vn 0.7348 -0.6694 0.1091
vn -0.1899 0.9133 -0.3602
vn 0.5202 0.8524 0.0533
vn 0.8667 0.4873 0.1068
vn -0.3411 0.8426 -0.4167
vn -0.2529 0.8730 -0.4171
vn -0.2600 0.8877 -0.3799
vn -0.2563 0.9026 -0.3458
vn 0.3867 0.7170 -0.5800
vn -0.8667 -0.0613 -0.4951
vn 0.3475 -0.8790 -0.3265
vn -0.2829 0.4089 0.8677
vn -0.2554 0.8890 -0.3801
vn 0.8434 -0.4988 -0.1997
vn 0.8675 -0.2611 -0.4235
vn 0.5074 0.5276 -0.6813
vn 0.6459 0.3677 -0.6690
vn 0.5862 0.7931 0.1656
vn -0.8775 -0.1806 -0.4443
vn 0.1735 -0.9310 0.3212
vn 0.4087 0.6978 0.5883
vn 0.8804 -0.1613 -0.4460
vn 0.9134 -0.2213 -0.3416
vn 0.2114 0.9204 -0.3290
vn -0.9362 0.1593 -0.3132
vn -0.1906 0.9250 -0.3287
vn -0.0995 -0.9893 -0.1065
vn 0.1050 -0.9892 0.1025
vn -0.1661 -0.9832 -0.0754
vn -0.1989 0.6311 0.7498
vn -0.1518 0.3150 0.9369
vn 0.2159 0.9764 0.0042
vn 0.3020 0.9459 -0.1185
vn -0.4357 -0.3128 0.8440
vn 0.2220 0.9745 -0.0331
vn 0.8268 -0.0813 -0.5566
vn 0.5101 0.8069 0.2977
vn 0.4375 -0.0138 0.8991
vn 0.0300 0.9319 0.3613
vn 0.0106 -0.1026 0.9947
vn -0.2896 0.8746 -0.3888
vn 0.7044 0.2652 -0.6584
vt 0.456242 0.619722
vt 0.424076 0.629602
vt 0.408459 0.609556
vt 0.737222 0.142481
vt 0.715282 0.095013
vt 0.736796 0.100639
vt 0.598871 0.178780
vt 0.579225 0.238175
vt 0.547994 0.149363
vt 0.810014 0.244051
vt 0.832697 0.212664
vt 0.828992 0.250678
vt 0.414176 0.665251
vt 0.444787 0.659214
vt 0.427627 0.706266
vt 0.827512 0.255819
vt 0.816214 0.280403
vt 0.414940 0.770963
vt 0.394117 0.775010
vt 0.420878 0.739685
vt 0.643677 0.314990
vt 0.620237 0.321955
vt 0.664004 0.292872
vt 0.966302 0.220556
vt 0.971218 0.238388
vt 0.947430 0.217350
vt 0.545979 0.236043
vt 0.527147 0.212131
vt 0.516029 0.326840
vt 0.514953 0.338533
vt 0.494482 0.312865
vt 0.618707 0.213806
vt 0.672210 0.242454
vt 0.757404 0.181865
vt 0.743887 0.170915
vt 0.754659 0.155307
vt 0.520217 0.292386
vt 0.504309 0.293747
vt 0.517696 0.282049
vt 0.865700 0.316191
vt 0.857650 0.313097
vt 0.876646 0.308068
vt 0.973053 0.190161
vt 0.949344 0.191080
vt 0.971242 0.171699
vt 0.374584 0.708986
vt 0.374543 0.740548
vt 0.344452 0.691102
vt 0.369361 0.633862
vt 0.376351 0.652369
vt 0.364152 0.639547
vt 0.799996 0.174834
vt 0.820116 0.161978
vt 0.771136 0.214119
vt 0.834279 0.097023
vt 0.819382 0.115163
vt 0.814089 0.085109
vt 0.880897 0.140314
vt 0.909408 0.099185
vt 0.911771 0.123726
vt 0.895773 0.164002
vt 0.916137 0.141093
vt 0.919261 0.158118
vt 0.465955 0.295311
vt 0.468743 0.330014
vt 0.449018 0.321645
vt 0.443826 0.408194
vt 0.457745 0.377697
vt 0.454699 0.410588
vt 0.901777 0.260718
vt 0.870401 0.272843
vt 0.885609 0.220927
vt 0.844588 0.253574
vt 0.852676 0.212516
vt 0.713130 0.150257
vt 0.700211 0.120436
vt 0.707657 0.240454
vt 0.691668 0.219302
vt 0.735787 0.233304
vt 0.618969 0.013585
vt 0.633219 0.090471
vt 0.594680 0.012272
vt 0.688036 0.192799
vt 0.730895 0.205589
vt 0.846191 0.108360
vt 0.857250 0.066225
vt 0.874323 0.076804
vt 0.535717 0.186707
vt 0.938676 0.252950
vt 0.954109 0.265974
vt 0.938939 0.265898
vt 0.616364 0.265975
vt 0.751697 0.260149
vt 0.735496 0.217749
vt 0.762997 0.251958
vt 0.788064 0.289967
vt 0.794532 0.295485
vt 0.423344 0.712505
vt 0.442662 0.710958
vt 0.428476 0.766839
vt 0.476924 0.747931
vt 0.480610 0.765633
vt 0.460998 0.766483
vt 0.476992 0.319291
vt 0.520032 0.364526
vt 0.485446 0.346388
vt 0.487477 0.317784
vt 0.486560 0.697755
vt 0.487239 0.723902
vt 0.480863 0.729375
vt 0.434614 0.744174
vt 0.463599 0.365672
vt 0.495978 0.373354
vt 0.458241 0.396641
vt 0.511886 0.426083
vt 0.539758 0.404059
vt 0.554219 0.419654
vt 0.802812 0.074064
vt 0.806482 0.096922
vt 0.784773 0.046781
vt 0.840568 0.054721
vt 0.821919 0.080896
vt 0.461375 0.475207
vt 0.434066 0.464555
vt 0.456339 0.452929
vt 0.441291 0.438290
vt 0.435179 0.437489
vt 0.441496 0.432125
vt 0.588221 0.074983
vt 0.804964 0.062680
vt 0.805689 0.046847
vt 0.529948 0.470078
vt 0.476423 0.484221
vt 0.481696 0.458821
vt 0.404108 0.733932
vt 0.378094 0.743386
vt 0.584474 0.098625
vt 0.581599 0.095351
vt 0.617421 0.102626
vt 0.884176 0.011948
vt 0.894440 0.024669
vt 0.868037 0.022536
vt 0.532492 0.508442
vt 0.499767 0.515335
vt 0.534203 0.500879
vt 0.464955 0.551131
vt 0.474668 0.528064
vt 0.490341 0.543973
vt 0.422997 0.606471
vt 0.460604 0.568325
vt 0.459622 0.593776
vt 0.451968 0.584387
vt 0.304532 0.741139
vt 0.309573 0.727952
vt 0.325766 0.735192
vt 0.346654 0.769464
vt 0.337101 0.756092
vt 0.371169 0.761479
vt 0.667505 0.046538
vt 0.671761 0.084262
vt 0.659217 0.049653
vt 0.704266 0.276800
vt 0.708350 0.251472
vt 0.318917 0.725994
vt 0.318576 0.710126
vt 0.887761 0.221905
vt 0.908692 0.204819
vt 0.914358 0.213931
vt 0.969295 0.127952
vt 0.967395 0.116222
vt 0.972122 0.123462
vt 0.452014 0.356068
vt 0.442606 0.374491
vt 0.442526 0.362919
vt 0.811455 0.122518
vt 0.815199 0.117315
vt 0.825245 0.122899
vt 0.798505 0.093559
vt 0.784732 0.111920
vt 0.775654 0.090398
vt 0.970837 0.134752
vt 0.974580 0.177478
vt 0.972353 0.159486
vt 0.452077 0.786096
vt 0.463076 0.788017
vt 0.457045 0.793028
vt 0.416607 0.788652
vt 0.426589 0.785672
vt 0.434096 0.793163
vt 0.527262 0.028319
vt 0.533990 0.033977
vt 0.522557 0.041437
vt 0.882705 0.044888
vt 0.846839 0.032624
vt 0.470152 0.460484
vt 0.466363 0.473243
vt 0.458848 0.455382
vt 0.500503 0.411365
vt 0.485206 0.424695
vt 0.834265 0.169105
vt 0.817116 0.205922
vt 0.861693 0.123510
vt 0.875750 0.112608
vt 0.691841 0.265985
vt 0.695203 0.272835
vt 0.500271 0.260788
vt 0.495582 0.278139
vt 0.493252 0.267393
vt 0.334276 0.750588
vt 0.316278 0.756480
vt 0.523269 0.441728
vt 0.853073 0.120718
vt 0.880694 0.145666
vt 0.854866 0.131659
vt 0.847811 0.129508
vt 0.462777 0.509337
vt 0.446189 0.521415
vt 0.436704 0.509835
vt 0.447078 0.525544
vt 0.463854 0.510964
vt 0.887256 0.152823
vt 0.889758 0.162433
vt 0.867523 0.145471
vt 0.480437 0.289621
vt 0.623368 0.113195
vt 0.613168 0.116116
vt 0.581375 0.102271
vt 0.358012 0.752312
vt 0.370572 0.746751
vt 0.369781 0.755545
vt 0.358303 0.754292
vt 0.437429 0.516566
vt 0.449778 0.536270
vt 0.442036 0.528283
vt 0.455819 0.614497
vt 0.454041 0.602924
vt 0.466160 0.597378
vt 0.480055 0.670684
vt 0.475966 0.709515
vt 0.471815 0.680252
vt 0.648796 0.030244
vt 0.699589 0.133940
vt 0.866528 0.254243
vt 0.899678 0.251795
vt 0.908107 0.253775
vt 0.470612 0.338512
vt 0.470096 0.332967
vt 0.476790 0.322926
vt 0.461131 0.362990
vt 0.448745 0.375386
vt 0.541268 0.088416
vt 0.537121 0.080264
vt 0.559880 0.067116
vt 0.541609 0.037138
vt 0.539221 0.059546
vt 0.722672 0.153445
vt 0.730880 0.169574
vt 0.687995 0.167122
vt 0.742354 0.142906
vt 0.742351 0.165055
vt 0.512863 0.524077
vt 0.510155 0.516401
vt 0.515601 0.519155
vt 0.443131 0.355688
vt 0.450400 0.353303
vt 0.574591 0.246557
vt 0.657760 0.246549
vt 0.753678 0.292563
vt 0.724148 0.285900
vt 0.737695 0.281238
vt 0.800595 0.301046
vt 0.817788 0.308855
vt 0.813778 0.314610
vt 0.387868 0.707500
vt 0.397327 0.678761
vt 0.407333 0.709311
vt 0.381845 0.721518
vt 0.560508 0.024867
vt 0.773543 0.045401
vt 0.459723 0.478463
vt 0.433911 0.490400
vt 0.426589 0.456045
vt 0.431352 0.431804
vt 0.519514 0.161330
vt 0.474481 0.638388
vt 0.466274 0.649196
vt 0.888950 0.305047
vt 0.894047 0.281601
vt 0.895853 0.295131
vt 0.567674 0.436442
vt 0.542942 0.444815
vt 0.559169 0.429194
vt 0.808067 0.108050
vt 0.797818 0.106114
vt 0.557747 0.253546
vt 0.535632 0.242261
vt 0.610225 0.254310
vt 0.908903 0.190561
vt 0.916639 0.204209
vt 0.345266 0.667359
vt 0.360360 0.687377
vt 0.343635 0.679785
vt 0.519078 0.405631
vt 0.330460 0.724199
vt 0.771749 0.274080
vt 0.768710 0.246746
vt 0.782019 0.256660
vt 0.780851 0.223673
vt 0.511871 0.491551
vt 0.485775 0.509239
vt 0.471023 0.499963
vt 0.499960 0.524253
vt 0.433467 0.599657
vt 0.444305 0.596392
vt 0.883548 0.032190
vt 0.899631 0.037098
vt 0.435328 0.360180
vt 0.437065 0.351811
vt 0.946561 0.083307
vt 0.952313 0.080793
vt 0.951914 0.091576
vt 0.350466 0.687381
vt 0.382171 0.636227
vt 0.370778 0.691858
vt 0.477925 0.506977
vt 0.470237 0.503155
vt 0.460744 0.484953
vt 0.451990 0.499323
vt 0.945042 0.100009
vt 0.936670 0.086201
vt 0.943320 0.079247
vt 0.658077 0.260863
vt 0.346225 0.753850
vt 0.330490 0.740194
vt 0.375393 0.633808
vt 0.442832 0.421624
vt 0.450259 0.419369
vt 0.434706 0.419145
vt 0.434190 0.411167
vt 0.865251 0.186508
vt 0.877418 0.157861
vt 0.888319 0.178890
vt 0.798845 0.150985
vt 0.481313 0.740716
vt 0.485792 0.734755
vt 0.524980 0.255467
vt 0.511320 0.240940
vt 0.537823 0.255778
vt 0.529752 0.075527
vt 0.505151 0.279085
vt 0.494256 0.292657
vt 0.470375 0.481152
vt 0.466366 0.490497
vt 0.571199 0.264770
vt 0.564599 0.285146
vt 0.558000 0.263303
vt 0.634314 0.259103
vt 0.599100 0.264152
vt 0.762372 0.210075
vt 0.731764 0.189633
vt 0.597211 0.144345
vt 0.565980 0.139359
vt 0.572045 0.103021
vt 0.533770 0.113477
vt 0.555985 0.114696
vt 0.337057 0.683814
vt 0.439717 0.780022
vt 0.456169 0.768692
vt 0.439167 0.786235
vt 0.543632 0.016810
vt 0.559780 0.013819
vt 0.438342 0.416986
vt 0.434771 0.423923
vt 0.429653 0.431202
vt 0.610907 0.166797
vt 0.642761 0.132017
vt 0.627953 0.124523
vt 0.651634 0.127312
vt 0.965835 0.245477
vt 0.947563 0.229669
vt 0.473526 0.553391
vt 0.458564 0.621248
vt 0.459555 0.633479
vt 0.451858 0.424677
vt 0.446174 0.430771
vt 0.439475 0.447420
vt 0.447897 0.443178
vt 0.948703 0.167426
vt 0.964107 0.140409
vt 0.950437 0.148923
vt 0.949344 0.142086
vt 0.897808 0.097000
vt 0.901660 0.055650
vt 0.907071 0.051419
vt 0.907485 0.062950
vt 0.513308 0.207447
vt 0.512028 0.222493
vt 0.454681 0.445608
vt 0.462029 0.445863
vt 0.466498 0.437725
vt 0.476156 0.433925
vt 0.792363 0.128962
vt 0.784970 0.115164
vt 0.804030 0.120836
vt 0.756194 0.141491
vt 0.968160 0.140483
vt 0.968819 0.148844
vt 0.965055 0.144734
vt 0.639974 0.111231
vt 0.660116 0.097959
vt 0.661916 0.118229
vt 0.674627 0.121050
vt 0.836984 0.032372
vt 0.824236 0.034149
vt 0.834009 0.024445
vt 0.846141 0.021821
vt 0.767287 0.120939
vt 0.751544 0.134621
vt 0.750032 0.101091
vt 0.765319 0.135794
vt 0.756729 0.133995
vt 0.770827 0.121966
vt 0.469396 0.612735
vt 0.519000 0.147355
vt 0.526016 0.120821
vt 0.510014 0.443463
vt 0.325537 0.770361
vt 0.463807 0.352375
vt 0.455550 0.349830
vt 0.462358 0.341795
vt 0.442400 0.334341
vt 0.460970 0.340340
vt 0.453730 0.347816
vt 0.475725 0.718416
vt 0.471601 0.709206
vt 0.452741 0.442835
vt 0.478990 0.426790
vt 0.455385 0.426510
vt 0.732011 0.164839
vt 0.755114 0.196001
vt 0.744976 0.178575
vt 0.553318 0.088379
vt 0.564767 0.091880
vt 0.584653 0.090467
vt 0.671041 0.156746
vt 0.674025 0.210793
vt 0.631195 0.146463
vt 0.909367 0.179615
vt 0.901672 0.178172
vt 0.920283 0.170112
vt 0.887039 0.171471
vt 0.667969 0.131494
vt 0.672507 0.140162
vt 0.658045 0.134248
vt 0.675699 0.157953
vt 0.679726 0.190785
vt 0.798114 0.237353
vt 0.777090 0.289139
vt 0.767116 0.285257
vt 0.769873 0.294303
vt 0.897470 0.048093
vt 0.937131 0.075548
vt 0.667214 0.254257
vt 0.599640 0.117913
vt 0.894473 0.174702
vt 0.889907 0.168873
vt 0.893536 0.166086
vt 0.891695 0.203446
vt 0.639765 0.014880
vt 0.646467 0.022116
vt 0.649422 0.122254
vt 0.662691 0.127764
vt 0.389205 0.616263
vt 0.408614 0.605212
vt 0.761987 0.095422
vt 0.529296 0.313658
vt 0.526960 0.302424
vt 0.536254 0.316922
vt 0.516314 0.307906
vt 0.501360 0.301753
vt 0.377927 0.734766
vt 0.379775 0.716627
vt 0.379934 0.709539
vt 0.369840 0.695960
vt 0.487600 0.512450
vt 0.494273 0.512053
vt 0.974495 0.211567
vt 0.971685 0.198812
vt 0.978465 0.196727
vt 0.961643 0.206824
vt 0.952316 0.203034
vt 0.396057 0.617916
vt 0.384005 0.624786
vt 0.371701 0.628514
vt 0.359714 0.768827
vt 0.383603 0.767352
vt 0.463062 0.482239
vt 0.462449 0.473154
vt 0.745049 0.259004
vt 0.750701 0.285564
vt 0.692951 0.258771
vt 0.685995 0.224450
vt 0.685030 0.183187
vt 0.688556 0.209577
vt 0.580594 0.268530
vt 0.602569 0.327089
vt 0.500198 0.307964
vt 0.488618 0.306780
vt 0.855821 0.250218
vt 0.879414 0.238272
vt 0.889526 0.237378
vt 0.439119 0.403789
vt 0.755008 0.271376
vt 0.762527 0.277711
vt 0.696418 0.121845
vt 0.689011 0.143554
vt 0.692728 0.156690
vt 0.685444 0.157571
vt 0.358935 0.663895
vt 0.365651 0.655454
vt 0.366178 0.684600
vt 0.533912 0.305646
vt 0.450595 0.683447
vt 0.457521 0.709698
vt 0.717968 0.280820
vt 0.722114 0.267591
vt 0.747486 0.272644
vt 0.523955 0.376670
vt 0.540685 0.377627
vt 0.521940 0.394104
vt 0.541680 0.366966
vt 0.526714 0.356482
vt 0.533258 0.342060
vt 0.821587 0.025887
vt 0.802774 0.030908
vt 0.806147 0.035321
vt 0.802826 0.042082
vt 0.791215 0.043900
vt 0.947052 0.211248
vt 0.947279 0.192865
vt 0.955347 0.206411
vt 0.839464 0.277914
vt 0.813099 0.048558
vt 0.817148 0.039749
vt 0.768895 0.174942
vt 0.762560 0.201668
vt 0.782465 0.041701
vt 0.861085 0.161170
vt 0.852503 0.132811
vt 0.738608 0.081481
vt 0.946443 0.174527
vt 0.444090 0.705877
vt 0.961472 0.094625
vt 0.958293 0.099492
vt 0.956059 0.088523
vt 0.834341 0.127882
vt 0.830841 0.121894
vt 0.405193 0.783484
vt 0.445257 0.758955
vt 0.514947 0.317098
vt 0.534414 0.324342
vt 0.391407 0.712959
vt 0.403829 0.716221
vt 0.843540 0.301366
vt 0.826752 0.312442
vt 0.846264 0.285271
vt 0.829808 0.318082
vt 0.567980 0.259264
vt 0.487087 0.303899
vt 0.544405 0.262083
vt 0.928445 0.272181
vt 0.932430 0.273857
vt 0.454813 0.297610
vt 0.475510 0.269293
vt 0.489062 0.257828
vt 0.476992 0.277242
vt 0.505917 0.263000
vt 0.707816 0.280756
vt 0.972113 0.150411
vt 0.972852 0.136428
vt 0.977458 0.159705
vt 0.426149 0.447428
vt 0.476945 0.449009
vt 0.977150 0.181993
vt 0.429876 0.477233
vt 0.944000 0.072871
vt 0.947069 0.130499
vt 0.956801 0.120385
vt 0.946641 0.150007
vt 0.944274 0.119874
vt 0.439630 0.344807
vt 0.910221 0.247695
vt 0.321783 0.705431
vt 0.431971 0.346029
vt 0.428987 0.360081
vt 0.429826 0.353569
vt 0.352530 0.655648
vt 0.358823 0.647386
vt 0.920388 0.183439
vt 0.758382 0.064291
vt 0.748922 0.063941
vt 0.747240 0.073657
vt 0.680104 0.223544
vt 0.916857 0.218126
vt 0.918131 0.210891
vt 0.575930 0.098966
vt 0.497683 0.419640
vt 0.515859 0.393689
vt 0.484675 0.743768
vt 0.483564 0.751933
vt 0.546451 0.454954
vt 0.401995 0.647527
vt 0.779726 0.299852
vt 0.782457 0.295729
vt 0.519676 0.134211
vt 0.508166 0.186935
vt 0.513026 0.157211
vt 0.457082 0.443804
vt 0.456985 0.449940
vt 0.371874 0.650024
vt 0.523286 0.491817
vt 0.539004 0.495407
vt 0.542114 0.471972
vt 0.498458 0.279356
vt 0.506865 0.267388
vt 0.507924 0.273934
vt 0.515595 0.274751
vt 0.851296 0.292429
vt 0.920092 0.199344
vt 0.450942 0.791391
vt 0.443547 0.794620
vt 0.968287 0.252887
vt 0.730983 0.290857
vt 0.967537 0.107885
vt 0.945760 0.114664
vt 0.508098 0.212843
vt 0.769345 0.216105
vt 0.781696 0.228901
vt 0.673532 0.258363
vt 0.670815 0.263783
vt 0.676187 0.106704
vt 0.690452 0.249030
vt 0.817806 0.081002
vt 0.442066 0.390516
vt 0.495321 0.255124
vt 0.853114 0.257998
vt 0.458508 0.549667
vt 0.884399 0.302685
vt 0.880539 0.311482
vt 0.891176 0.194538
vt 0.501202 0.534815
vt 0.572162 0.303590
vt 0.943078 0.242397
vt 0.960494 0.252602
vt 0.891234 0.180476
vt 0.898997 0.180777
vt 0.468062 0.499477
vt 0.468822 0.490351
vt 0.528369 0.394975
vt 0.848081 0.313921
vt 0.848677 0.319844
vt 0.839914 0.321312
vt 0.847855 0.189272
vt 0.850410 0.164615
vt 0.963986 0.210212
vt 0.967312 0.216194
vt 0.970311 0.207068
vt 0.872136 0.247654
vt 0.974613 0.217837
vt 0.968527 0.212642
vt 0.440117 0.522799
vt 0.530225 0.262510
vt 0.432511 0.498304
vt 0.943905 0.278454
vt 0.934061 0.279697
vt 0.937958 0.273648
vt 0.949276 0.271932
vt 0.812497 0.043439
vt 0.813766 0.063561
vt 0.970453 0.228795
vt 0.972054 0.223806
vt 0.456380 0.778563
vt 0.474011 0.778030
vt 0.500101 0.517962
vt 0.505773 0.520968
vt 0.470084 0.782780
vt 0.480037 0.784351
vt 0.969552 0.156370
vt 0.668175 0.251746
vt 0.556097 0.268398
vt 0.562679 0.289129
vt 0.567663 0.299369
vt 0.477893 0.509960
vt 0.675505 0.252260
vt 0.676081 0.246178
vt 0.368776 0.768613
vt 0.377944 0.765949
vt 0.524035 0.514280
vt 0.541606 0.327109
vt 0.540512 0.336040
vt 0.446833 0.589436
vt 0.904522 0.073769
vt 0.532084 0.021514
vt 0.791928 0.039874
vt 0.565613 0.095914
vt 0.546311 0.096315
vt 0.540878 0.095852
vt 0.888331 0.013417
vt 0.547506 0.092104
vt 0.905077 0.193506
vt 0.901686 0.187664
vt 0.322059 0.766901
vt 0.905033 0.184106
vt 0.555610 0.446919
vt 0.967247 0.206736
vt 0.676087 0.140884
vt 0.673775 0.131420
vt 0.677723 0.134592
vt 0.676912 0.122538
vt 0.679203 0.128756
vt 0.483730 0.313409
vt 0.789154 0.304143
vt 0.798232 0.309148
vt 0.791047 0.300315
vt 0.658127 0.122310
vt 0.849326 0.271829
vt 0.762906 0.297754
vt 0.898683 0.286483
vt 0.901117 0.273249
vt 0.903862 0.266279
vt 0.966205 0.258628
vt 0.959986 0.262391
vt 0.526846 0.515653
vt 0.520006 0.520226
vt 0.582071 0.256076
vt 0.974814 0.134520
vt 0.977148 0.148647
vt 0.776344 0.138604
vt 0.845968 0.258873
vt 0.851108 0.173476
vt 0.858989 0.179684
vt 0.659616 0.027793
vt 0.652738 0.021916
vt 0.422780 0.601058
vt 0.888169 0.029488
vt 0.889766 0.085971
vt 0.424388 0.459405
vt 0.979322 0.176740
vt 0.396636 0.783011
vt 0.404364 0.785772
vt 0.703420 0.146797
vt 0.826220 0.308199
vt 0.844050 0.267171
vt 0.586615 0.323353
vt 0.432989 0.455933
vt 0.864441 0.171214
vt 0.342497 0.772082
vt 0.426633 0.465317
vt 0.430031 0.496860
vt 0.761555 0.143684
vt 0.761761 0.166902
vt 0.766118 0.158392
vt 0.773487 0.166294
vt 0.841678 0.313949
vt 0.745739 0.136607
vt 0.461251 0.555707
vt 0.967138 0.263711
vt 0.669438 0.284702
vt 0.543435 0.386541
vt 0.549418 0.404005
vt 0.978551 0.165278
vt 0.384058 0.715426
vt 0.767668 0.166572
vt 0.728259 0.078305
vt 0.759923 0.053453
vt 0.434222 0.430467
vt 0.438492 0.429241
vt 0.437734 0.328988
vt 0.334288 0.681362
vt 0.338429 0.675687
vt 0.457982 0.418456
vt 0.457167 0.413514
vt 0.537128 0.508781
vt 0.466255 0.481021
vt 0.734548 0.075397
vt 0.487441 0.785883
vt 0.484108 0.779503
vt 0.543493 0.480030
vt 0.547458 0.461425
vt 0.575259 0.439497
vt 0.709445 0.099863
vt 0.550762 0.457594
vt 0.388074 0.774397
vt 0.380231 0.772811
vt 0.540752 0.351485
vt 0.442165 0.416145
vt 0.438313 0.423086
vt 0.551427 0.260639
vt 0.511029 0.406700
vt 0.775322 0.302931
vt 0.508758 0.528504
vt 0.312403 0.762155
vt 0.676718 0.260519
vt 0.581963 0.320408
vt 0.803100 0.101468
vt 0.857192 0.167907
vt 0.791846 0.036181
vt 0.634214 0.119631
vt 0.643231 0.116652
vt 0.588512 0.260192
vt 0.896769 0.172834
vt 0.899346 0.170420
vt 0.931973 0.079109
vt 0.523447 0.059506
vt 0.526707 0.077000
vt 0.900374 0.031211
vt 0.891910 0.013313
vt 0.541060 0.092447
vt 0.478547 0.466078
vt 0.775683 0.041868
vt 0.505366 0.258485
vt 0.380158 0.617548
vt 0.573607 0.311567
vt 0.512142 0.252804
vt 0.508353 0.246557
vt 0.508236 0.237141
vt 0.885404 0.244068
vt 0.902373 0.038958
vt 0.904658 0.045528
vt 0.475980 0.458024
vt 0.518280 0.256716
vt 0.521520 0.522927
vt 0.943492 0.110274
vt 0.952742 0.097316
vt 0.382427 0.770918
vt 0.386148 0.776844
vt 0.910183 0.087572
vt 0.500447 0.251510
vt 0.472467 0.556625
vt 0.442033 0.593117
vt 0.437412 0.596214
vt 0.898554 0.189943
vt 0.965109 0.252799
vt 0.521308 0.050413
vt 0.527345 0.518335
vt 0.711535 0.284052
vt 0.540884 0.500058
vt 0.678248 0.115597
vt 0.465621 0.558810
vt 0.437221 0.791445
vt 0.926646 0.281066
vt 0.960207 0.266933
vt 0.806526 0.127560
vt 0.677884 0.239332
vt 0.454845 0.418467
vt 0.313294 0.721036
vt 0.427574 0.597951
s 1
usemtl LSG
f 313/1/1 148/2/1 430/3/1
f 340/4/2 386/5/3 27/6/4
f 92/7/5 294/8/6 1/9/7
f 417/10/8 121/11/9 477/12/10
f 124/13/11 560/14/12 338/15/13
f 417/10/8 11/16/14 236/17/15
f 669/18/16 56/19/17 642/20/18
f 399/21/19 160/22/20 343/23/21
f 584/24/22 231/25/23 435/26/24
f 195/27/25 491/28/26 294/8/6
f 671/29/27 296/30/28 391/31/29
f 419/32/30 673/33/31 294/8/6
f 69/34/32 574/35/33 311/36/34
f 58/37/35 451/38/36 216/39/37
f 715/40/38 153/41/39 721/42/40
f 131/43/41 137/44/42 667/45/43
f 633/46/44 284/47/45 34/48/46
f 651/49/47 73/50/48 592/51/49
f 594/52/50 167/53/51 699/54/52
f 685/55/53 622/56/54 25/57/55
f 628/58/56 97/59/57 500/60/58
f 461/61/59 78/62/60 592/63/49
f 179/64/61 508/65/62 511/66/63
f 140/67/64 130/68/65 601/69/66
f 15/70/67 721/42/40 213/71/68
f 52/72/69 295/73/70 610/74/71
f 340/4/2 219/75/72 441/76/73
f 135/77/74 136/78/75 86/79/76
f 51/80/77 74/81/78 373/82/79
f 136/78/75 207/83/80 665/84/81
f 170/85/82 151/86/83 304/87/84
f 62/88/85 1/9/7 294/8/6
f 257/89/86 93/90/87 245/91/88
f 160/22/20 65/92/89 343/23/21
f 20/93/90 350/94/91 538/95/92
f 421/96/93 417/10/8 150/97/94
f 472/98/95 163/99/96 314/100/97
f 81/101/98 515/102/99 577/103/100
f 179/64/61 8/104/101 508/65/62
f 67/105/102 53/106/103 138/107/104
f 460/108/105 682/109/106 361/110/107
f 575/111/108 163/99/96 81/101/98
f 483/112/109 199/113/110 366/114/111
f 561/115/112 432/116/113 63/117/114
f 442/118/115 434/119/116 157/120/117
f 535/121/118 170/85/82 225/122/119
f 605/123/120 61/124/121 26/125/122
f 425/126/123 321/127/124 513/128/125
f 373/82/79 74/81/78 113/129/126
f 439/130/127 157/120/117 627/131/128
f 106/132/129 371/133/130 696/134/131
f 210/135/132 56/19/17 32/136/133
f 208/137/134 646/138/135 118/139/136
f 267/140/137 524/141/138 319/142/139
f 368/143/140 252/144/141 323/145/142
f 38/146/143 258/147/144 234/148/145
f 313/1/146 430/3/147 268/149/148
f 309/150/149 335/151/150 303/152/151
f 381/153/152 286/154/153 68/155/154
f 211/156/155 453/157/156 278/158/157
f 174/159/158 224/160/159 47/161/160
f 499/162/161 136/78/75 597/163/162
f 315/164/163 637/165/164 68/155/154
f 533/166/165 681/167/166 187/168/167
f 354/169/168 526/170/169 91/171/170
f 392/172/171 164/173/172 57/174/173
f 713/175/174 688/176/175 158/177/176
f 64/178/177 125/179/178 390/180/179
f 37/181/180 354/169/168 91/171/170
f 352/182/181 131/43/41 663/183/182
f 250/184/183 325/185/184 93/186/87
f 234/187/145 166/188/185 569/189/186
f 266/190/187 60/191/188 305/192/189
f 18/193/190 535/121/118 630/194/191
f 478/195/192 473/196/193 380/197/194
f 366/114/111 10/198/195 470/199/196
f 262/200/197 121/11/9 2/201/198
f 628/58/56 44/202/199 556/203/200
f 33/204/201 499/162/161 568/205/202
f 180/206/203 405/207/204 229/208/205
f 381/153/152 496/209/206 274/210/207
f 561/115/112 63/117/114 6/211/208
f 173/212/209 369/213/210 374/214/211
f 653/215/212 622/56/54 173/212/209
f 450/216/213 49/217/214 655/218/215
f 416/219/216 586/220/217 38/146/143
f 461/61/59 46/221/218 78/62/60
f 608/222/219 648/223/220 369/213/210
f 482/224/221 229/208/205 405/207/204
f 448/225/222 585/226/223 127/227/224
f 48/228/225 34/48/46 284/47/45
f 498/229/226 30/230/227 640/231/228
f 49/217/214 28/232/229 655/218/215
f 231/233/23 249/234/230 416/219/216
f 94/235/231 228/236/232 105/237/233
f 220/238/234 264/239/235 31/240/236
f 74/81/78 51/80/77 145/241/237
f 441/76/73 219/75/72 142/242/238
f 283/243/239 243/244/240 15/70/67
f 637/245/164 15/70/67 243/244/240
f 459/246/241 486/247/242 489/248/243
f 392/172/171 495/249/244 226/250/245
f 267/251/137 617/252/246 111/253/247
f 702/254/248 111/253/247 82/255/249
f 55/256/250 356/257/251 16/258/252
f 618/259/253 110/260/254 55/256/250
f 56/19/17 30/230/227 498/229/226
f 523/261/255 506/262/256 643/263/257
f 365/264/258 370/265/259 57/174/173
f 5/266/260 673/33/31 119/267/261
f 147/268/262 17/269/263 149/270/264
f 519/271/265 564/272/266 261/273/267
f 593/274/268 536/275/269 59/276/270
f 32/136/133 493/277/271 210/135/132
f 373/82/79 113/129/126 334/278/272
f 90/279/273 64/178/177 390/180/179
f 61/124/121 134/280/274 246/281/275
f 321/127/124 307/282/276 539/283/277
f 661/284/278 1/9/7 62/88/85
f 367/285/279 220/238/234 403/286/280
f 563/287/281 543/288/282 43/289/283
f 43/290/283 272/291/284 563/292/281
f 507/293/285 688/176/175 635/294/286
f 622/56/54 434/119/116 25/57/55
f 504/295/287 514/296/288 5/266/260
f 291/297/289 5/266/260 119/267/261
f 327/298/290 193/299/291 187/168/167
f 214/300/292 146/301/293 571/302/294
f 53/106/103 67/105/102 199/113/110
f 561/115/112 422/303/295 432/116/113
f 48/228/225 204/304/296 34/48/46
f 278/158/157 453/157/156 640/231/228
f 444/305/297 177/306/298 143/307/299
f 699/54/52 167/53/51 238/308/300
f 255/309/301 70/310/302 75/311/303
f 258/147/144 129/312/304 234/148/145
f 299/313/305 580/314/306 94/235/231
f 18/193/190 54/315/307 529/316/308
f 57/174/173 464/317/309 466/318/310
f 364/319/311 164/320/172 623/321/312
f 700/322/313 146/301/293 633/46/44
f 132/323/314 593/274/268 638/324/315
f 74/81/78 145/241/237 47/161/160
f 208/137/134 118/139/136 448/225/222
f 401/325/316 45/326/317 75/311/303
f 497/327/318 579/328/319 246/281/275
f 531/329/320 433/330/321 184/331/322
f 689/332/323 343/23/21 65/92/89
f 48/228/225 77/333/324 329/334/325
f 68/155/154 496/209/206 381/153/152
f 78/62/60 46/221/218 500/60/58
f 647/335/326 132/323/314 73/50/48
f 360/336/327 140/67/64 109/337/328
f 91/338/170 526/339/169 140/67/64
f 322/340/329 80/341/330 233/342/331
f 158/177/176 167/53/51 12/343/332
f 310/344/333 361/110/107 23/345/334
f 200/346/335 502/347/336 85/348/337
f 82/255/249 111/253/247 467/349/338
f 54/315/307 18/193/190 630/194/191
f 178/350/339 451/38/36 445/351/340
f 459/246/241 489/248/243 138/107/104
f 478/195/192 371/133/130 84/352/341
f 497/327/318 239/353/342 579/328/319
f 547/354/343 235/355/344 494/356/345
f 291/297/289 72/357/346 693/358/347
f 328/359/348 350/94/91 9/360/349
f 207/83/80 9/360/349 665/84/81
f 42/361/350 678/362/351 87/363/352
f 661/284/278 551/364/353 705/365/354
f 204/304/296 363/366/355 34/48/46
f 146/301/293 700/322/313 571/302/294
f 418/367/356 81/101/98 7/368/357
f 418/367/356 7/368/357 654/369/358
f 334/278/272 490/370/359 353/371/360
f 490/370/359 60/191/188 266/190/187
f 91/338/170 140/67/64 396/372/361
f 542/373/362 292/374/363 91/338/170
f 678/362/351 42/361/350 659/375/364
f 346/376/365 120/377/366 695/378/367
f 652/379/368 609/380/369 231/25/23
f 569/381/186 38/146/143 234/148/145
f 578/382/370 367/285/279 403/286/280
f 403/286/280 560/14/12 557/383/371
f 676/384/372 95/385/373 513/128/125
f 26/125/122 428/386/374 420/387/375
f 24/388/376 667/45/43 137/44/42
f 686/389/377 357/390/378 462/391/379
f 628/58/56 583/392/380 97/59/57
f 117/393/381 717/394/382 694/395/383
f 98/396/384 661/284/278 491/28/26
f 603/397/385 98/396/384 491/28/26
f 475/398/386 26/125/122 420/387/375
f 522/399/387 465/400/388 197/401/389
f 293/402/390 437/403/391 36/404/392
f 155/405/393 110/260/254 618/259/253
f 101/406/394 37/181/180 611/407/395
f 686/389/377 96/408/396 357/390/378
f 443/409/397 275/410/398 102/411/399
f 275/410/398 224/160/159 358/412/400
f 103/413/401 384/414/402 596/415/403
f 503/416/404 319/142/139 630/194/191
f 614/417/405 104/418/406 555/419/407
f 599/420/408 712/421/409 100/422/410
f 105/237/233 205/423/411 94/235/231
f 551/364/353 50/424/412 105/425/233
f 106/132/129 696/134/131 452/426/413
f 453/157/156 211/156/155 282/427/414
f 306/428/415 107/429/416 22/430/417
f 362/431/418 674/432/419 672/433/420
f 81/101/98 163/99/96 108/434/421
f 264/239/235 21/435/422 31/240/236
f 420/387/375 676/384/372 99/436/423
f 545/437/424 465/400/388 703/438/425
f 55/256/250 110/260/254 413/439/426
f 574/35/33 718/440/427 198/441/428
f 613/442/429 111/253/247 385/443/430
f 113/129/126 118/139/136 39/444/431
f 112/445/432 14/446/433 227/447/434
f 346/376/365 227/447/434 120/377/366
f 111/253/247 334/278/272 113/129/126
f 113/129/126 39/444/431 111/253/247
f 273/448/435 644/449/436 66/450/437
f 80/341/330 608/222/219 481/451/438
f 588/452/439 115/453/440 359/454/441
f 649/455/442 191/456/443 112/445/432
f 510/457/444 339/458/445 444/305/297
f 576/459/446 339/458/445 288/460/447
f 151/86/83 18/193/190 117/393/381
f 117/393/381 18/193/190 71/461/448
f 118/139/136 113/129/126 74/81/78
f 74/81/78 275/410/398 443/409/397
f 184/331/322 433/330/321 464/462/309
f 291/297/289 259/463/449 72/357/346
f 120/377/366 227/447/434 42/361/350
f 566/464/450 42/361/350 87/363/352
f 271/465/451 683/466/452 440/467/453
f 533/166/165 581/468/454 681/167/166
f 51/80/77 122/469/455 634/470/456
f 340/4/2 441/76/73 386/5/3
f 102/411/399 468/471/457 443/409/397
f 359/454/441 695/378/367 590/472/458
f 132/323/314 536/275/269 593/274/268
f 13/473/459 554/474/460 430/3/147
f 614/417/405 159/475/461 125/179/178
f 100/422/410 437/403/391 293/402/390
f 126/476/462 454/477/463 280/478/464
f 454/477/463 567/479/465 83/480/466
f 87/363/352 127/227/224 585/226/223
f 705/365/354 551/364/353 87/363/352
f 636/481/467 4/482/468 493/277/271
f 349/483/469 4/482/468 156/484/470
f 129/312/304 258/147/144 559/485/471
f 562/486/472 323/145/142 252/144/141
f 22/430/417 459/246/241 306/428/415
f 199/113/110 483/112/109 53/106/103
f 537/487/473 589/488/474 181/489/475
f 589/488/474 242/490/476 415/491/477
f 202/492/478 591/493/479 13/473/459
f 78/494/60 13/473/459 591/493/479
f 211/156/155 278/158/157 133/495/480
f 56/19/17 260/496/481 30/230/227
f 400/497/482 239/353/342 497/327/318
f 473/196/193 144/498/483 380/197/194
f 86/79/76 407/499/484 135/77/74
f 576/459/446 147/268/262 469/500/485
f 499/162/161 620/501/486 136/78/75
f 224/502/159 174/503/158 408/504/487
f 137/44/42 131/43/41 415/491/477
f 525/505/488 251/506/489 235/355/344
f 567/479/465 302/507/490 83/480/466
f 279/508/491 83/480/466 391/31/29
f 484/509/492 52/72/69 139/510/493
f 505/511/494 533/166/165 187/168/167
f 226/250/245 130/68/65 140/67/64
f 185/512/495 226/250/245 140/67/64
f 516/513/496 141/514/497 469/500/485
f 516/513/496 538/95/92 141/514/497
f 122/515/455 142/242/238 570/516/498
f 16/258/252 316/517/499 55/256/250
f 143/307/299 510/457/444 444/305/297
f 238/308/300 167/53/51 510/457/444
f 605/123/120 134/280/274 61/124/121
f 400/497/482 134/280/274 605/123/120
f 145/241/237 174/159/158 47/161/160
f 316/517/499 16/258/252 298/518/500
f 132/323/314 638/324/315 73/50/48
f 194/519/501 587/520/502 287/521/503
f 285/522/504 58/37/35 216/39/37
f 285/522/504 280/478/464 454/477/463
f 21/435/422 217/523/505 403/286/280
f 108/434/421 341/524/506 21/435/422
f 149/270/264 607/525/507 388/526/508
f 149/270/264 388/526/508 521/527/509
f 719/528/510 337/529/511 540/530/512
f 379/531/513 372/532/514 395/533/515
f 305/534/189 384/414/402 266/535/187
f 269/536/516 565/537/517 406/538/518
f 318/539/519 251/540/489 415/491/477
f 19/541/520 584/24/22 435/26/24
f 484/509/492 295/73/70 52/72/69
f 11/16/14 429/542/521 236/17/15
f 225/122/119 154/543/522 535/121/118
f 269/536/516 162/544/523 565/537/517
f 293/402/390 599/420/408 100/422/410
f 336/545/524 594/52/50 333/546/525
f 156/484/470 633/46/44 146/301/293
f 146/301/293 194/519/501 287/521/503
f 157/120/117 64/178/177 90/279/273
f 157/120/117 90/279/273 29/547/526
f 80/341/330 324/548/527 165/549/528
f 648/223/220 374/214/211 369/213/210
f 159/475/461 614/417/405 555/419/407
f 27/6/4 386/5/3 393/550/529
f 160/551/20 24/388/376 251/540/489
f 160/22/20 251/506/489 525/505/488
f 703/438/425 99/436/423 676/384/372
f 601/69/66 109/337/328 140/67/64
f 162/544/523 630/194/191 535/121/118
f 162/544/523 535/121/118 154/543/522
f 217/523/505 21/435/422 341/524/506
f 217/523/505 341/524/506 600/552/530
f 226/250/245 164/173/172 392/172/171
f 79/553/531 720/554/532 657/555/533
f 485/556/534 653/215/212 167/53/51
f 653/215/212 485/556/534 409/557/535
f 669/18/16 166/188/185 423/558/536
f 89/559/537 81/101/98 418/367/356
f 167/53/51 262/200/197 2/201/198
f 262/200/197 167/53/51 165/549/528
f 567/479/465 168/560/538 302/507/490
f 126/476/462 280/478/464 552/561/539
f 128/562/540 59/276/270 169/563/541
f 338/15/13 163/99/96 472/98/95
f 304/87/84 44/202/199 170/85/82
f 44/202/199 369/213/210 173/212/209
f 171/564/542 300/565/543 317/566/544
f 379/567/513 261/273/267 300/565/543
f 504/295/287 5/266/260 172/568/545
f 547/354/343 494/356/345 172/568/545
f 173/212/209 622/56/54 685/55/53
f 173/212/209 170/85/82 44/202/199
f 16/258/252 174/503/158 298/518/500
f 16/258/252 9/360/349 207/83/80
f 445/351/340 83/480/466 279/508/491
f 684/569/546 482/224/221 405/207/204
f 200/346/335 85/348/337 176/570/547
f 397/571/548 257/89/86 708/572/549
f 336/545/524 333/546/525 69/34/32
f 9/360/349 718/440/427 328/359/348
f 178/350/339 216/39/37 451/38/36
f 17/269/263 607/525/507 149/270/264
f 179/64/61 191/573/443 649/574/442
f 666/575/550 229/208/205 457/576/551
f 405/207/204 180/206/203 212/577/552
f 597/163/162 212/578/552 499/162/161
f 348/579/553 534/580/554 530/581/555
f 411/582/556 539/283/277 307/282/276
f 452/426/413 696/134/131 197/401/389
f 197/401/389 549/583/557 522/399/387
f 131/43/41 183/584/558 181/489/475
f 246/281/275 326/585/559 61/124/121
f 57/586/173 184/331/322 464/462/309
f 57/586/173 164/320/172 364/319/311
f 686/389/377 76/587/560 320/588/561
f 76/587/560 399/589/19 343/590/21
f 362/431/418 672/433/420 188/591/562
f 112/445/432 191/456/443 14/446/433
f 187/168/167 88/592/563 243/244/240
f 204/304/296 88/593/563 363/366/355
f 362/431/418 188/591/562 355/594/564
f 466/318/310 256/595/565 668/596/566
f 189/597/567 66/598/437 587/520/502
f 273/448/435 66/450/437 189/599/567
f 382/600/568 222/601/569 90/279/273
f 616/602/570 159/475/461 555/419/407
f 191/573/443 179/64/61 511/66/63
f 14/446/433 191/456/443 186/603/571
f 187/168/167 192/604/572 88/592/563
f 697/605/573 187/168/167 193/299/291
f 327/298/290 189/599/567 193/299/291
f 146/301/293 214/300/292 194/519/501
f 214/300/292 189/597/567 194/519/501
f 189/597/567 587/520/502 194/519/501
f 195/27/25 603/397/385 491/28/26
f 85/348/337 502/347/336 514/296/288
f 389/606/574 646/138/135 208/137/134
f 127/227/224 87/363/352 389/606/574
f 10/198/195 182/607/575 470/199/196
f 452/426/413 470/199/196 182/607/575
f 356/257/251 718/440/427 9/360/349
f 356/257/251 9/360/349 16/258/252
f 375/608/576 199/113/110 67/105/102
f 199/113/110 10/198/195 366/114/111
f 310/344/333 23/345/334 520/609/577
f 81/101/98 573/610/578 515/102/99
f 387/611/579 106/132/129 6/211/208
f 272/291/284 6/211/208 63/117/114
f 202/492/478 714/612/580 591/493/479
f 148/2/581 714/612/580 202/492/478
f 426/613/582 116/614/583 150/97/94
f 426/613/582 288/460/447 116/614/583
f 48/228/225 329/334/325 204/304/296
f 204/304/296 68/155/154 637/165/164
f 205/615/411 105/425/233 50/424/412
f 220/616/234 367/617/279 50/424/412
f 99/436/423 703/438/425 206/618/584
f 707/619/585 475/398/386 206/618/584
f 174/503/158 16/258/252 207/83/80
f 408/504/487 174/503/158 207/83/80
f 389/606/574 208/137/134 127/227/224
f 208/137/134 448/225/222 127/227/224
f 592/51/49 73/50/48 209/620/586
f 209/620/586 73/50/48 287/521/503
f 210/135/132 493/277/271 169/563/541
f 472/98/95 314/100/97 642/20/18
f 562/486/472 541/621/587 323/145/142
f 641/622/588 541/621/587 378/623/589
f 175/624/590 558/625/591 449/626/592
f 17/627/263 449/626/592 558/625/591
f 153/41/39 213/71/68 721/42/40
f 383/628/593 171/564/542 317/566/544
f 214/629/292 697/605/573 193/299/291
f 189/599/567 214/629/292 193/299/291
f 250/184/183 598/630/594 215/631/595
f 652/379/368 231/25/23 342/632/596
f 216/39/37 449/626/592 17/627/263
f 147/268/262 216/633/37 17/269/263
f 560/14/12 148/2/581 557/383/371
f 560/14/12 124/13/11 148/2/581
f 185/634/495 720/554/532 79/553/531
f 320/588/561 76/587/560 312/635/597
f 219/75/72 340/4/2 55/256/250
f 219/75/72 55/256/250 316/517/499
f 220/616/234 50/424/412 460/636/105
f 220/238/234 460/108/105 264/239/235
f 177/306/298 221/637/598 410/638/599
f 350/94/91 328/359/348 538/95/92
f 616/602/570 555/419/407 393/550/529
f 373/82/79 334/278/272 353/371/360
f 223/639/600 689/332/323 259/463/449
f 689/332/323 662/640/601 343/23/21
f 624/641/602 358/412/400 224/160/159
f 224/502/159 408/504/487 624/642/602
f 25/57/55 404/643/603 685/55/53
f 439/130/127 442/118/115 157/120/117
f 185/512/495 79/644/531 226/250/245
f 79/644/531 164/173/172 226/250/245
f 42/361/350 227/447/434 659/375/364
f 419/32/30 294/8/6 92/7/5
f 580/314/306 228/236/232 94/235/231
f 18/193/190 529/316/308 71/461/448
f 666/575/550 277/645/604 229/208/205
f 180/206/203 229/208/205 277/645/604
f 213/71/68 283/243/239 15/70/67
f 213/71/68 383/628/593 480/646/605
f 38/146/143 231/233/23 416/219/216
f 342/647/596 231/233/23 38/146/143
f 563/287/281 232/648/606 543/288/282
f 715/40/38 721/42/40 63/649/114
f 610/74/71 322/340/329 233/342/331
f 52/72/69 610/74/71 237/650/607
f 166/188/185 234/187/145 423/558/536
f 129/312/304 427/651/608 234/148/145
f 251/506/489 152/652/609 235/355/344
f 257/89/86 501/653/610 289/654/611
f 236/17/15 150/97/94 417/10/8
f 150/97/94 236/17/15 519/271/265
f 237/650/607 679/655/612 675/656/613
f 610/74/71 233/342/331 237/650/607
f 143/307/299 410/638/599 510/457/444
f 177/306/298 410/638/599 143/307/299
f 239/353/342 75/311/303 398/657/614
f 255/309/301 75/311/303 476/658/615
f 240/659/616 540/530/512 337/529/511
f 487/660/617 344/661/618 337/662/511
f 297/663/619 322/340/329 610/74/71
f 324/548/527 458/664/620 165/549/528
f 488/665/621 244/666/622 19/541/520
f 537/487/473 276/667/623 589/488/474
f 283/243/239 629/668/624 243/244/240
f 243/244/240 505/511/494 187/168/167
f 28/669/229 244/666/622 532/670/625
f 28/232/229 49/217/214 582/671/626
f 245/91/88 708/572/549 257/89/86
f 515/672/99 200/346/335 176/570/547
f 246/281/275 579/328/319 330/673/627
f 246/281/275 330/673/627 326/585/559
f 253/674/628 377/675/629 572/676/630
f 325/677/184 245/91/88 93/90/87
f 248/678/631 162/544/523 154/543/522
f 154/543/522 402/679/632 627/131/128
f 249/680/230 231/25/23 584/24/22
f 28/669/229 582/681/626 244/666/622
f 7/368/357 250/184/183 215/631/595
f 424/682/633 577/103/100 247/683/634
f 415/491/477 251/540/489 137/44/42
f 251/540/489 24/388/376 137/44/42
f 518/684/635 559/485/471 252/144/141
f 523/261/255 709/685/636 506/262/256
f 253/686/628 424/682/633 247/683/634
f 253/686/628 247/683/634 377/687/629
f 357/390/378 96/408/396 254/688/637
f 348/579/553 611/407/395 37/181/180
f 371/133/130 106/132/129 255/309/301
f 541/621/587 106/132/129 378/623/589
f 664/689/638 291/297/289 119/267/261
f 664/689/638 119/267/261 673/33/31
f 397/690/548 235/355/344 257/691/86
f 501/692/610 257/691/86 235/355/344
f 579/328/319 450/216/213 655/218/215
f 680/693/639 586/220/217 45/326/317
f 223/639/600 259/463/449 256/694/565
f 664/689/638 668/695/566 256/694/565
f 612/696/640 278/158/157 546/697/641
f 368/143/140 290/698/642 506/262/256
f 645/699/643 548/700/644 552/561/539
f 395/533/515 296/30/28 552/561/539
f 262/200/197 165/549/528 458/664/620
f 262/200/197 297/663/619 121/11/9
f 263/701/645 228/236/232 580/314/306
f 303/152/151 335/151/150 228/236/232
f 108/434/421 21/435/422 264/239/235
f 361/110/107 264/239/235 460/108/105
f 97/59/57 583/392/380 301/702/646
f 117/393/381 304/87/84 151/86/83
f 492/703/647 490/370/359 266/190/187
f 269/536/516 406/538/518 446/704/648
f 270/705/649 87/363/352 196/706/650
f 309/707/149 551/364/353 105/425/233
f 299/313/305 94/235/231 268/149/148
f 430/3/147 554/474/460 268/149/148
f 269/536/516 446/704/648 266/535/187
f 384/414/402 269/536/516 266/535/187
f 267/140/137 471/708/651 524/141/138
f 613/442/429 385/443/430 632/709/652
f 114/710/653 581/468/454 474/711/654
f 681/167/166 327/298/290 187/168/167
f 272/291/284 387/611/579 6/211/208
f 201/712/655 274/210/207 496/209/206
f 114/710/653 474/711/654 412/713/656
f 644/449/436 412/713/656 474/711/654
f 431/714/657 387/611/579 272/291/284
f 43/290/283 431/714/657 272/291/284
f 47/161/160 224/160/159 275/410/398
f 74/81/78 47/161/160 275/410/398
f 692/715/658 589/488/474 276/667/623
f 532/670/625 244/666/622 488/665/621
f 666/716/550 281/717/659 277/718/604
f 33/719/201 568/720/202 281/717/659
f 640/231/228 30/230/227 278/158/157
f 260/496/481 278/158/157 30/230/227
f 138/107/104 489/248/243 528/721/660
f 8/104/101 482/224/221 684/569/546
f 645/722/643 519/271/265 548/723/644
f 426/613/582 150/97/94 203/724/661
f 358/412/400 33/719/201 281/717/659
f 102/411/399 590/472/458 706/725/662
f 282/427/414 201/712/655 453/157/156
f 387/611/579 378/623/589 106/132/129
f 283/243/239 484/509/492 629/668/624
f 480/646/605 383/628/593 463/726/663
f 284/47/45 498/229/226 48/228/225
f 636/481/467 493/277/271 32/136/133
f 285/727/504 216/633/37 147/268/262
f 576/459/446 288/460/447 147/268/262
f 381/728/152 543/288/282 286/729/153
f 15/70/67 637/245/164 690/730/664
f 73/50/48 638/324/315 287/521/503
f 156/484/470 146/301/293 287/521/503
f 426/613/582 285/727/504 288/460/447
f 285/727/504 147/268/262 288/460/447
f 625/731/665 658/732/666 289/654/611
f 93/90/87 257/89/86 289/654/611
f 368/143/140 691/733/667 290/698/642
f 523/261/255 643/263/257 604/734/668
f 547/354/343 172/568/545 544/735/669
f 5/266/260 544/735/669 172/568/545
f 91/171/170 292/736/363 534/580/554
f 534/580/554 411/737/556 530/581/555
f 12/343/332 602/738/670 293/402/390
f 158/177/176 12/343/332 713/175/174
f 294/8/6 673/33/31 5/266/260
f 195/27/25 294/8/6 5/266/260
f 477/12/10 11/16/14 417/10/8
f 477/12/10 230/739/671 11/16/14
f 296/30/28 67/105/102 138/107/104
f 372/532/514 296/30/28 395/533/515
f 297/663/619 262/200/197 479/740/672
f 241/741/673 297/663/619 479/740/672
f 145/241/237 298/742/500 174/159/158
f 634/470/456 122/469/455 570/743/498
f 97/59/57 301/702/646 694/395/383
f 698/744/674 268/149/148 554/474/460
f 236/17/15 429/542/521 564/272/266
f 564/272/266 519/271/265 236/17/15
f 301/702/646 117/393/381 694/395/383
f 304/87/84 117/393/381 301/702/646
f 279/508/491 391/31/29 138/107/104
f 296/30/28 138/107/104 391/31/29
f 303/152/151 228/236/232 263/701/645
f 529/316/308 670/745/675 524/141/138
f 556/203/200 44/202/199 304/87/84
f 265/746/676 304/87/84 301/702/646
f 305/534/189 596/415/403 384/414/402
f 702/254/248 82/255/249 305/192/189
f 392/172/171 306/428/415 495/249/244
f 130/68/65 483/112/109 366/114/111
f 307/282/276 530/747/555 411/582/556
f 326/748/559 181/489/475 183/584/558
f 56/19/17 308/749/677 260/496/481
f 427/750/608 423/558/536 234/187/145
f 270/705/649 196/706/650 632/709/652
f 270/705/649 632/709/652 385/443/430
f 81/101/98 310/344/333 573/610/578
f 81/101/98 108/434/421 310/344/333
f 311/36/34 110/260/254 155/405/393
f 293/402/390 602/738/670 599/420/408
f 320/588/561 312/635/597 720/554/532
f 364/319/311 623/321/312 531/329/320
f 313/1/146 268/149/148 94/235/231
f 578/382/370 403/286/280 557/383/371
f 314/100/97 163/99/96 575/111/108
f 418/367/356 314/100/97 89/559/537
f 315/164/163 68/155/154 286/154/153
f 15/70/67 690/730/664 286/729/153
f 316/517/499 570/516/498 142/242/238
f 687/751/678 142/242/238 219/75/72
f 317/566/544 626/752/679 429/542/521
f 527/753/680 230/739/671 480/646/605
f 318/754/519 152/652/609 251/506/489
f 652/379/368 501/653/610 609/380/369
f 524/141/138 670/745/675 319/142/139
f 54/315/307 630/194/191 319/142/139
f 185/634/495 320/588/561 720/554/532
f 320/588/561 526/170/169 354/169/168
f 425/126/123 428/386/374 321/127/124
f 61/124/121 326/585/559 347/755/681
f 297/663/619 241/741/673 322/340/329
f 479/740/672 438/756/682 241/741/673
f 447/757/683 282/427/414 211/156/155
f 211/156/155 133/495/480 447/757/683
f 322/340/329 438/756/682 80/341/330
f 241/741/673 438/756/682 322/340/329
f 325/185/184 424/682/633 253/686/628
f 325/677/184 253/674/628 572/676/630
f 326/585/559 345/758/684 307/282/276
f 326/585/559 307/282/276 347/755/681
f 114/710/653 273/448/435 327/298/290
f 273/448/435 189/599/567 327/298/290
f 328/359/348 718/440/427 221/637/598
f 221/637/598 538/95/92 328/359/348
f 329/334/325 68/155/154 204/304/296
f 329/334/325 496/209/206 68/155/154
f 326/585/559 330/673/627 181/759/475
f 655/218/215 28/232/229 181/759/475
f 155/405/393 331/760/685 311/36/34
f 351/761/686 69/34/32 311/36/34
f 602/738/670 12/343/332 455/762/687
f 455/762/687 311/36/34 331/760/685
f 221/637/598 718/440/427 333/546/525
f 410/638/599 221/637/598 699/54/52
f 334/278/272 111/253/247 702/254/248
f 334/278/272 60/191/188 490/370/359
f 335/151/150 105/237/233 228/236/232
f 309/150/149 105/237/233 335/151/150
f 69/34/32 351/761/686 336/545/524
f 594/52/50 336/545/524 332/763/688
f 487/660/617 337/662/511 716/764/689
f 379/567/513 300/565/543 716/764/689
f 59/276/270 338/15/13 472/98/95
f 338/15/13 59/276/270 536/275/269
f 421/96/93 150/97/94 116/614/583
f 421/96/93 116/614/583 288/460/447
f 104/418/406 619/765/690 27/6/4
f 618/259/253 104/418/406 155/405/393
f 600/552/530 341/524/506 163/99/96
f 341/524/506 108/434/421 163/99/96
f 625/766/665 38/146/143 569/381/186
f 625/731/665 215/767/595 658/732/666
f 343/23/21 662/640/601 553/768/691
f 76/587/560 343/590/21 312/635/597
f 344/769/618 240/659/616 337/529/511
f 432/116/113 715/770/38 63/117/114
f 326/748/559 183/584/558 345/771/684
f 352/182/181 663/183/182 530/581/555
f 112/445/432 227/447/434 346/376/365
f 115/453/440 112/445/432 359/454/441
f 321/127/124 428/386/374 347/755/681
f 321/127/124 347/755/681 307/282/276
f 254/688/637 611/407/395 348/579/553
f 131/43/41 667/45/43 663/183/182
f 349/483/469 650/772/692 4/482/468
f 593/274/268 59/276/270 128/562/540
f 350/94/91 86/79/76 136/78/75
f 86/79/76 350/94/91 20/93/90
f 414/773/693 336/545/524 351/761/686
f 594/52/50 332/763/688 455/762/687
f 183/584/558 131/43/41 352/182/181
f 345/771/684 183/584/558 352/182/181
f 222/601/569 373/774/79 353/775/360
f 90/279/273 222/601/569 353/775/360
f 101/406/394 354/169/168 37/181/180
f 320/588/561 354/169/168 686/389/377
f 227/447/434 14/446/433 673/33/31
f 14/446/433 186/603/571 673/33/31
f 356/257/251 198/441/428 718/440/427
f 198/441/428 413/439/426 574/35/33
f 399/589/19 462/391/379 357/390/378
f 24/388/376 357/390/378 254/688/637
f 275/410/398 358/412/400 102/411/399
f 102/411/399 358/412/400 590/472/458
f 359/454/441 346/376/365 695/378/367
f 112/445/432 346/376/365 359/454/441
f 542/373/362 91/338/170 396/372/361
f 35/776/694 376/777/695 321/127/124
f 361/110/107 310/344/333 108/434/421
f 361/110/107 108/434/421 264/239/235
f 362/431/418 355/594/564 186/778/571
f 186/778/571 191/573/443 511/66/63
f 88/593/563 192/779/572 363/366/355
f 214/300/292 571/302/294 697/780/573
f 531/329/320 184/331/322 364/319/311
f 184/331/322 57/586/173 364/319/311
f 365/264/258 188/591/562 370/265/259
f 355/594/564 188/591/562 466/318/310
f 366/114/111 545/437/424 161/781/696
f 710/782/697 109/337/328 601/69/66
f 367/285/279 578/382/370 205/423/411
f 50/424/412 367/617/279 205/615/411
f 323/145/142 612/783/640 368/143/140
f 368/143/140 612/783/640 691/733/667
f 369/213/210 46/221/218 608/222/219
f 46/221/218 628/58/56 500/60/58
f 672/433/420 370/265/259 188/591/562
f 392/172/171 107/429/416 306/428/415
f 239/353/342 476/658/615 75/311/303
f 476/658/615 239/353/342 701/784/698
f 67/105/102 296/30/28 372/532/514
f 337/529/511 719/528/510 372/532/514
f 222/601/569 190/785/699 373/774/79
f 190/785/699 386/5/3 373/774/79
f 374/214/211 653/215/212 173/212/209
f 648/223/220 165/549/528 374/214/211
f 10/198/195 199/113/110 375/608/576
f 422/303/295 540/530/512 240/659/616
f 109/337/328 376/777/695 360/336/327
f 35/776/694 360/336/327 376/777/695
f 656/786/700 377/687/629 176/787/547
f 377/687/629 247/683/634 176/787/547
f 447/788/683 378/623/589 282/789/414
f 378/623/589 387/611/579 282/789/414
f 379/567/513 716/764/689 337/662/511
f 379/531/513 337/529/511 372/532/514
f 26/125/122 380/197/194 605/123/120
f 707/619/585 26/125/122 475/398/386
f 381/728/152 43/289/283 543/288/282
f 43/290/283 381/790/152 431/714/657
f 159/475/461 616/602/570 382/600/568
f 159/475/461 390/180/179 125/179/178
f 213/71/68 153/41/39 383/628/593
f 383/628/593 487/660/617 171/564/542
f 103/413/401 162/544/523 384/414/402
f 384/414/402 162/544/523 269/536/516
f 39/444/431 385/443/430 111/253/247
f 39/444/431 118/139/136 646/138/135
f 386/5/3 51/791/77 373/774/79
f 441/76/73 51/791/77 386/5/3
f 431/714/657 201/792/655 387/611/579
f 387/611/579 201/792/655 282/789/414
f 388/526/508 135/77/74 407/499/484
f 388/526/508 212/578/552 597/163/162
f 646/138/135 389/606/574 270/705/649
f 87/363/352 270/705/649 389/606/574
f 390/180/179 159/475/461 382/600/568
f 90/279/273 390/180/179 382/600/568
f 302/507/490 391/31/29 83/480/466
f 391/31/29 302/507/490 168/560/538
f 392/172/171 57/174/173 370/265/259
f 672/433/420 392/172/171 370/265/259
f 386/5/3 190/785/699 393/550/529
f 616/602/570 393/550/529 190/785/699
f 260/496/481 308/749/677 394/793/701
f 612/696/640 546/697/641 691/794/667
f 395/533/515 552/561/539 548/700/644
f 379/531/513 395/533/515 261/795/267
f 360/336/327 677/796/702 140/67/64
f 35/776/694 639/797/703 360/336/327
f 176/570/547 85/348/337 656/798/700
f 504/295/287 85/348/337 514/296/288
f 45/326/317 450/216/213 398/657/614
f 398/657/614 75/311/303 45/326/317
f 24/388/376 160/551/20 399/589/19
f 357/390/378 24/388/376 399/589/19
f 84/352/341 476/658/615 701/784/698
f 701/784/698 144/498/483 473/196/193
f 401/325/316 75/311/303 70/310/302
f 680/693/639 559/485/471 258/147/144
f 154/543/522 404/643/603 402/679/632
f 25/57/55 439/130/127 404/643/603
f 21/435/422 403/286/280 31/240/236
f 403/286/280 220/238/234 31/240/236
f 154/543/522 225/122/119 404/643/603
f 225/122/119 685/55/53 404/643/603
f 212/577/552 175/624/590 405/207/204
f 684/569/546 405/207/204 445/351/340
f 627/131/128 157/120/117 406/538/518
f 157/120/117 446/704/648 406/538/518
f 407/499/484 86/79/76 20/93/90
f 407/499/484 521/527/509 388/526/508
f 408/504/487 207/83/80 136/78/75
f 136/78/75 624/642/602 408/504/487
f 622/56/54 688/176/175 507/293/285
f 688/176/175 622/56/54 158/177/176
f 410/638/599 699/54/52 238/308/300
f 238/308/300 510/457/444 410/638/599
f 534/580/554 292/736/363 411/737/556
f 292/374/363 539/283/277 411/582/556
f 114/710/653 412/713/656 273/448/435
f 273/448/435 412/713/656 644/449/436
f 356/257/251 413/439/426 198/441/428
f 413/439/426 356/257/251 55/256/250
f 336/545/524 414/773/693 332/763/688
f 332/763/688 414/773/693 455/762/687
f 415/491/477 242/490/476 19/541/520
f 318/539/519 415/491/477 19/541/520
f 49/217/214 416/219/216 249/234/230
f 49/217/214 586/220/217 416/219/216
f 417/10/8 2/201/198 121/11/9
f 339/458/445 510/457/444 417/10/8
f 314/100/97 418/367/356 166/188/185
f 654/369/358 166/188/185 418/367/356
f 227/447/434 419/32/30 659/375/364
f 673/33/31 419/32/30 227/447/434
f 95/385/373 676/384/372 420/387/375
f 425/126/123 420/387/375 428/386/374
f 339/458/445 417/10/8 421/96/93
f 421/96/93 288/460/447 339/458/445
f 606/799/704 10/198/195 375/608/576
f 10/198/195 606/799/704 182/607/575
f 423/558/536 308/749/677 56/19/17
f 56/19/17 669/18/16 423/558/536
f 7/368/357 424/682/633 250/184/183
f 250/184/183 424/682/633 325/185/184
f 425/126/123 513/128/125 95/385/373
f 425/126/123 95/385/373 420/387/375
f 645/722/643 426/613/582 203/724/661
f 426/613/582 280/800/464 285/727/504
f 129/312/304 308/801/677 427/651/608
f 423/558/536 427/750/608 308/749/677
f 428/386/374 61/124/121 347/755/681
f 428/386/374 26/125/122 61/124/121
f 11/16/14 230/739/671 429/542/521
f 429/542/521 230/739/671 527/753/680
f 13/473/459 430/3/147 202/492/478
f 202/492/478 430/3/147 148/2/581
f 431/802/657 274/210/207 201/712/655
f 381/153/152 274/210/207 431/802/657
f 240/659/616 432/116/113 422/303/295
f 344/769/618 432/116/113 240/659/616
f 553/768/691 662/640/601 433/803/321
f 433/803/321 223/639/600 256/694/565
f 622/56/54 507/293/285 434/119/116
f 64/178/177 157/120/117 434/119/116
f 318/754/519 435/804/24 152/652/609
f 318/539/519 19/541/520 435/26/24
f 436/805/705 64/178/177 434/119/116
f 125/179/178 64/178/177 436/805/705
f 437/403/391 100/422/410 125/179/178
f 125/179/178 436/805/705 635/294/286
f 438/756/682 324/548/527 80/341/330
f 3/806/706 324/548/527 438/756/682
f 402/679/632 439/130/127 627/131/128
f 402/679/632 404/643/603 439/130/127
f 461/61/59 440/467/453 46/221/218
f 461/61/59 271/465/451 440/467/453
f 51/791/77 441/76/73 122/515/455
f 122/515/455 441/76/73 142/242/238
f 434/119/116 442/118/115 25/57/55
f 439/130/127 25/57/55 442/118/115
f 118/139/136 74/81/78 443/409/397
f 443/409/397 448/225/222 118/139/136
f 141/514/497 177/306/298 444/305/297
f 444/305/297 339/458/445 576/459/446
f 178/350/339 445/351/340 175/624/590
f 405/207/204 175/624/590 445/351/340
f 492/807/647 266/535/187 446/704/648
f 157/120/117 29/547/526 446/704/648
f 641/622/588 612/783/640 323/145/142
f 323/145/142 541/621/587 641/622/588
f 123/808/707 585/226/223 448/225/222
f 443/409/397 509/809/708 448/225/222
f 216/39/37 178/350/339 449/626/592
f 175/624/590 449/626/592 178/350/339
f 680/693/639 258/147/144 586/220/217
f 38/146/143 586/220/217 258/147/144
f 451/38/36 83/480/466 445/351/340
f 58/37/35 83/480/466 451/38/36
f 561/115/112 6/211/208 452/426/413
f 6/211/208 106/132/129 452/426/413
f 640/231/228 453/157/156 77/333/324
f 496/209/206 329/334/325 77/333/324
f 454/477/463 83/480/466 58/37/35
f 285/522/504 454/477/463 58/37/35
f 414/773/693 351/761/686 455/762/687
f 351/761/686 311/36/34 455/762/687
f 456/810/709 291/297/289 693/358/347
f 5/266/260 291/297/289 544/735/669
f 179/64/61 649/574/442 457/576/551
f 8/104/101 179/64/61 482/224/221
f 3/806/706 458/664/620 324/548/527
f 479/740/672 3/806/706 438/756/682
f 138/107/104 53/106/103 459/246/241
f 53/106/103 483/112/109 459/246/241
f 460/636/105 661/284/278 98/396/384
f 98/396/384 603/397/385 460/636/105
f 461/61/59 41/811/710 271/465/451
f 592/63/49 615/812/711 461/61/59
f 462/391/379 399/589/19 76/587/560
f 686/389/377 462/391/379 76/587/560
f 429/542/521 463/726/663 317/566/544
f 317/566/544 463/726/663 383/628/593
f 433/330/321 256/813/565 464/462/309
f 466/318/310 464/317/309 256/595/565
f 206/618/584 465/400/388 522/399/387
f 465/400/388 206/618/584 703/438/425
f 365/264/258 466/318/310 188/591/562
f 365/264/258 57/174/173 466/318/310
f 503/814/404 467/349/338 319/815/139
f 267/251/137 319/815/139 617/252/246
f 468/471/457 120/377/366 123/808/707
f 123/808/707 448/225/222 509/809/708
f 147/268/262 149/270/264 469/500/485
f 521/527/509 469/500/485 149/270/264
f 452/426/413 197/401/389 470/199/196
f 197/401/389 465/400/388 545/437/424
f 303/816/151 471/708/651 309/817/149
f 196/706/650 309/707/149 471/818/651
f 59/276/270 472/98/95 169/563/541
f 472/98/95 210/135/132 169/563/541
f 473/196/193 84/352/341 701/784/698
f 478/195/192 84/352/341 473/196/193
f 271/465/451 41/811/710 675/656/613
f 271/465/451 675/656/613 679/655/612
f 420/387/375 99/436/423 475/398/386
f 206/618/584 475/398/386 99/436/423
f 476/658/615 371/133/130 255/309/301
f 84/352/341 371/133/130 476/658/615
f 610/74/71 295/73/70 477/12/10
f 230/739/671 477/12/10 295/73/70
f 40/819/712 371/133/130 478/195/192
f 549/583/557 197/401/389 696/134/131
f 479/740/672 262/200/197 458/664/620
f 479/740/672 458/664/620 3/806/706
f 283/243/239 480/646/605 484/509/492
f 213/71/68 480/646/605 283/243/239
f 233/342/331 80/341/330 481/451/438
f 271/465/451 679/655/612 683/466/452
f 179/64/61 457/576/551 482/224/221
f 482/224/221 457/576/551 229/208/205
f 306/428/415 459/246/241 483/112/109
f 483/112/109 495/249/244 306/428/415
f 230/739/671 295/73/70 484/509/492
f 230/739/671 484/509/492 480/646/605
f 409/557/535 485/556/534 158/177/176
f 485/556/534 167/53/51 158/177/176
f 22/430/417 486/247/242 459/246/241
f 674/432/419 511/66/63 508/65/62
f 487/660/617 153/41/39 344/661/618
f 487/660/617 383/628/593 153/41/39
f 488/665/621 19/541/520 242/490/476
f 532/670/625 488/665/621 692/715/658
f 489/248/243 8/104/101 528/721/660
f 8/104/101 489/248/243 486/247/242
f 490/820/359 29/547/526 90/279/273
f 490/820/359 90/279/273 353/775/360
f 491/28/26 62/88/85 294/8/6
f 661/284/278 62/88/85 491/28/26
f 29/547/526 492/807/647 446/704/648
f 29/547/526 490/820/359 492/807/647
f 128/562/540 169/563/541 493/277/271
f 4/482/468 650/772/692 493/277/271
f 397/690/548 494/356/345 235/355/344
f 504/295/287 656/798/700 85/348/337
f 130/68/65 495/249/244 483/112/109
f 495/249/244 130/68/65 226/250/245
f 201/712/655 496/209/206 453/157/156
f 496/209/206 77/333/324 453/157/156
f 134/280/274 497/327/318 246/281/275
f 400/497/482 497/327/318 134/280/274
f 56/19/17 498/229/226 32/136/133
f 32/136/133 498/229/226 284/47/45
f 499/821/161 212/577/552 180/206/203
f 180/206/203 277/645/604 499/821/161
f 13/473/459 500/822/58 554/474/460
f 78/494/60 500/822/58 13/473/459
f 501/692/610 235/355/344 152/652/609
f 152/652/609 609/823/369 501/692/610
f 520/824/577 23/825/334 502/347/336
f 603/397/385 682/826/106 460/636/105
f 82/255/249 467/349/338 503/814/404
f 82/255/249 503/814/404 305/192/189
f 504/295/287 494/356/345 656/798/700
f 504/295/287 172/568/545 494/356/345
f 533/166/165 505/511/494 139/510/493
f 629/668/624 631/827/713 243/244/240
f 518/684/635 252/144/141 506/262/256
f 252/144/141 368/143/140 506/262/256
f 635/294/286 436/805/705 507/293/285
f 434/119/116 507/293/285 436/805/705
f 22/430/417 508/65/62 486/247/242
f 8/104/101 486/247/242 508/65/62
f 468/471/457 123/808/707 509/809/708
f 468/471/457 509/809/708 443/409/397
f 167/53/51 2/201/198 510/457/444
f 2/201/198 417/10/8 510/457/444
f 186/778/571 511/66/63 362/431/418
f 674/432/419 362/431/418 511/66/63
f 263/828/645 512/829/714 71/461/448
f 71/461/448 717/394/382 117/393/381
f 109/337/328 513/128/125 376/777/695
f 376/777/695 513/128/125 321/127/124
f 195/27/25 514/296/288 502/347/336
f 195/27/25 5/266/260 514/296/288
f 247/683/634 577/103/100 515/102/99
f 515/102/99 176/787/547 247/683/634
f 516/513/496 20/93/90 538/95/92
f 521/527/509 407/499/484 20/93/90
f 40/819/712 478/195/192 517/830/715
f 549/583/557 478/195/192 380/197/194
f 559/485/471 518/684/635 129/312/304
f 523/261/255 129/312/304 709/685/636
f 519/271/265 203/724/661 150/97/94
f 519/271/265 645/722/643 203/724/661
f 200/346/335 520/824/577 502/347/336
f 515/672/99 573/831/578 200/346/335
f 521/527/509 20/93/90 516/513/496
f 521/527/509 516/513/496 469/500/485
f 522/399/387 707/619/585 206/618/584
f 380/197/194 522/399/387 549/583/557
f 523/261/255 308/801/677 129/312/304
f 394/832/701 308/801/677 523/261/255
f 303/816/151 524/141/138 471/708/651
f 303/816/151 529/316/308 524/141/138
f 65/92/89 160/22/20 525/505/488
f 456/810/709 693/358/347 525/505/488
f 320/588/561 185/634/495 526/170/169
f 140/67/64 526/339/169 185/512/495
f 527/753/680 480/646/605 463/726/663
f 527/753/680 463/726/663 429/542/521
f 279/508/491 138/107/104 528/721/660
f 445/351/340 279/508/491 684/569/546
f 529/316/308 263/828/645 71/461/448
f 529/316/308 303/816/151 263/828/645
f 307/282/276 345/758/684 530/747/555
f 345/771/684 352/182/181 530/581/555
f 553/833/691 433/330/321 531/329/320
f 218/834/716 312/635/597 531/329/320
f 537/487/473 532/670/625 276/667/623
f 276/667/623 532/670/625 692/715/658
f 52/72/69 581/468/454 533/166/165
f 52/72/69 533/166/165 139/510/493
f 348/579/553 37/181/180 534/580/554
f 37/181/180 91/171/170 534/580/554
f 535/121/118 18/193/190 151/86/83
f 535/121/118 151/86/83 170/85/82
f 536/275/269 124/13/11 338/15/13
f 714/612/580 536/275/269 591/493/479
f 537/487/473 28/669/229 532/670/625
f 28/669/229 537/487/473 181/489/475
f 177/306/298 538/95/92 221/637/598
f 141/514/497 538/95/92 177/306/298
f 35/776/694 321/127/124 539/283/277
f 35/776/694 542/373/362 639/797/703
f 375/608/576 719/528/510 540/530/512
f 540/530/512 606/799/704 375/608/576
f 541/621/587 255/309/301 106/132/129
f 562/486/472 255/309/301 541/621/587
f 35/776/694 539/283/277 542/373/362
f 542/373/362 539/283/277 292/374/363
f 721/42/40 15/70/67 543/288/282
f 543/288/282 15/70/67 286/729/153
f 456/810/709 544/735/669 291/297/289
f 547/354/343 544/735/669 456/810/709
f 470/199/196 545/437/424 366/114/111
f 545/437/424 470/199/196 197/401/389
f 260/496/481 550/835/717 546/697/641
f 260/496/481 546/697/641 278/158/157
f 547/354/343 456/810/709 525/505/488
f 525/505/488 235/355/344 547/354/343
f 519/271/265 261/273/267 548/723/644
f 261/795/267 395/533/515 548/700/644
f 549/583/557 517/830/715 478/195/192
f 696/134/131 517/830/715 549/583/557
f 260/496/481 394/793/701 604/836/668
f 394/832/701 523/261/255 604/734/668
f 309/707/149 196/706/650 551/364/353
f 196/706/650 87/363/352 551/364/353
f 552/561/539 168/560/538 126/476/462
f 296/30/28 671/29/27 552/561/539
f 553/833/691 531/329/320 312/635/597
f 553/833/691 312/635/597 343/590/21
f 97/59/57 554/837/460 500/60/58
f 554/837/460 97/59/57 694/395/383
f 104/418/406 27/6/4 555/419/407
f 393/550/529 555/419/407 27/6/4
f 304/87/84 265/746/676 556/203/200
f 628/58/56 556/203/200 583/392/380
f 557/383/371 148/2/581 313/1/146
f 313/1/146 578/382/370 557/383/371
f 212/577/552 558/625/591 175/624/590
f 388/526/508 607/525/507 212/578/552
f 401/325/316 70/310/302 559/485/471
f 70/310/302 255/309/301 562/486/472
f 403/286/280 217/523/505 560/14/12
f 338/15/13 560/14/12 217/523/505
f 606/799/704 561/115/112 182/607/575
f 561/115/112 452/426/413 182/607/575
f 559/485/471 70/310/302 562/486/472
f 559/485/471 562/486/472 252/144/141
f 272/291/284 63/117/114 563/292/281
f 232/648/606 563/287/281 63/649/114
f 626/752/679 564/272/266 429/542/521
f 261/273/267 564/272/266 626/752/679
f 162/544/523 248/678/631 565/537/517
f 248/678/631 154/543/522 627/131/128
f 87/363/352 585/226/223 566/464/450
f 42/361/350 566/464/450 120/377/366
f 126/476/462 168/560/538 567/479/465
f 126/476/462 567/479/465 454/477/463
f 277/718/604 281/717/659 568/720/202
f 568/838/202 499/821/161 277/645/604
f 625/766/665 569/381/186 621/839/718
f 654/369/358 569/189/186 166/188/185
f 316/517/499 298/518/500 570/516/498
f 298/742/500 634/470/456 570/743/498
f 363/366/355 571/302/294 700/322/313
f 363/366/355 697/780/573 571/302/294
f 245/91/88 325/677/184 572/676/630
f 245/91/88 572/676/630 708/572/549
f 573/610/578 310/344/333 520/609/577
f 200/346/335 573/831/578 520/824/577
f 110/260/254 574/35/33 413/439/426
f 574/35/33 110/260/254 311/36/34
f 81/101/98 89/559/537 575/111/108
f 575/111/108 89/559/537 314/100/97
f 576/459/446 469/500/485 141/514/497
f 444/305/297 576/459/446 141/514/497
f 577/103/100 424/682/633 7/368/357
f 7/368/357 81/101/98 577/103/100
f 205/423/411 578/382/370 94/235/231
f 313/1/146 94/235/231 578/382/370
f 398/657/614 450/216/213 579/328/319
f 579/328/319 239/353/342 398/657/614
f 263/701/645 580/314/306 512/840/714
f 717/841/382 580/314/306 299/313/305
f 581/468/454 237/650/607 704/842/719
f 52/72/69 237/650/607 581/468/454
f 582/671/626 49/217/214 249/234/230
f 584/24/22 582/681/626 249/680/230
f 583/392/380 556/203/200 265/746/676
f 265/746/676 301/702/646 583/392/380
f 19/541/520 244/666/622 584/24/22
f 584/24/22 244/666/622 582/681/626
f 585/226/223 120/377/366 566/464/450
f 123/808/707 120/377/366 585/226/223
f 586/220/217 450/216/213 45/326/317
f 49/217/214 450/216/213 586/220/217
f 209/620/586 587/520/502 66/598/437
f 209/620/586 287/521/503 587/520/502
f 588/452/439 358/412/400 281/717/659
f 588/452/439 281/717/659 115/453/440
f 131/43/41 181/489/475 589/488/474
f 131/43/41 589/488/474 415/491/477
f 590/472/458 358/412/400 588/452/439
f 590/472/458 588/452/439 359/454/441
f 132/323/314 591/493/479 536/275/269
f 647/335/326 591/493/479 132/323/314
f 592/51/49 209/620/586 66/598/437
f 592/63/49 66/450/437 644/449/436
f 593/274/268 349/483/469 638/324/315
f 650/772/692 349/483/469 593/274/268
f 12/343/332 594/52/50 455/762/687
f 594/52/50 12/343/332 167/53/51
f 289/654/611 595/843/720 625/731/665
f 652/379/368 289/654/611 501/653/610
f 305/192/189 503/814/404 596/844/403
f 503/416/404 630/194/191 596/415/403
f 597/163/162 135/77/74 388/526/508
f 597/163/162 136/78/75 135/77/74
f 250/184/183 93/186/87 598/630/594
f 93/90/87 289/654/611 658/732/666
f 599/420/408 155/405/393 712/421/409
f 331/760/685 155/405/393 599/420/408
f 338/15/13 217/523/505 600/552/530
f 338/15/13 600/552/530 163/99/96
f 601/69/66 366/114/111 710/782/697
f 130/68/65 366/114/111 601/69/66
f 602/738/670 331/760/685 599/420/408
f 602/738/670 455/762/687 331/760/685
f 603/397/385 502/347/336 682/826/106
f 195/27/25 502/347/336 603/397/385
f 643/263/257 550/845/717 604/734/668
f 260/496/481 604/836/668 550/835/717
f 380/197/194 144/498/483 605/123/120
f 701/784/698 605/123/120 144/498/483
f 561/115/112 606/799/704 422/303/295
f 422/303/295 606/799/704 540/530/512
f 17/269/263 558/846/591 607/525/507
f 607/525/507 558/846/591 212/578/552
f 608/222/219 46/221/218 440/467/453
f 608/222/219 440/467/453 683/466/452
f 152/652/609 435/804/24 609/823/369
f 609/380/369 435/26/24 231/25/23
f 297/663/619 610/74/71 121/11/9
f 121/11/9 610/74/71 477/12/10
f 254/688/637 96/408/396 611/407/395
f 96/408/396 101/406/394 611/407/395
f 133/847/480 612/783/640 641/622/588
f 612/696/640 133/495/480 278/158/157
f 613/442/429 267/251/137 111/253/247
f 632/709/652 267/251/137 613/442/429
f 100/422/410 614/417/405 125/179/178
f 104/418/406 614/417/405 100/422/410
f 461/61/59 615/812/711 41/811/710
f 675/656/613 41/811/710 615/812/711
f 616/602/570 190/785/699 222/601/569
f 382/600/568 616/602/570 222/601/569
f 467/349/338 617/252/246 319/815/139
f 617/252/246 467/349/338 111/253/247
f 619/765/690 104/418/406 618/259/253
f 618/259/253 55/256/250 340/4/2
f 27/6/4 619/765/690 340/4/2
f 619/765/690 618/259/253 340/4/2
f 358/412/400 620/848/486 33/719/201
f 33/204/201 620/501/486 499/162/161
f 625/766/665 621/839/718 215/849/595
f 7/368/357 215/631/595 654/369/358
f 653/215/212 409/557/535 622/56/54
f 409/557/535 158/177/176 622/56/54
f 218/834/716 623/321/312 657/555/533
f 218/834/716 531/329/320 623/321/312
f 358/412/400 624/641/602 620/848/486
f 136/78/75 620/501/486 624/642/602
f 342/647/596 38/146/143 625/766/665
f 342/632/596 625/731/665 595/843/720
f 261/273/267 626/752/679 300/565/543
f 317/566/544 300/565/543 626/752/679
f 627/131/128 565/537/517 248/678/631
f 627/131/128 406/538/518 565/537/517
f 369/213/210 628/58/56 46/221/218
f 369/213/210 44/202/199 628/58/56
f 629/668/624 484/509/492 139/510/493
f 629/668/624 139/510/493 631/827/713
f 103/413/401 630/194/191 162/544/523
f 630/194/191 103/413/401 596/415/403
f 631/827/713 139/510/493 505/511/494
f 631/827/713 505/511/494 243/244/240
f 632/709/652 471/818/651 267/251/137
f 196/706/650 471/818/651 632/709/652
f 156/484/470 4/482/468 633/46/44
f 633/46/44 4/482/468 284/47/45
f 634/470/456 298/742/500 145/241/237
f 51/80/77 634/470/456 145/241/237
f 36/404/392 437/403/391 635/294/286
f 125/179/178 635/294/286 437/403/391
f 284/47/45 4/482/468 636/481/467
f 32/136/133 284/47/45 636/481/467
f 637/165/164 88/593/563 204/304/296
f 637/245/164 243/244/240 88/592/563
f 156/484/470 638/324/315 349/483/469
f 287/521/503 638/324/315 156/484/470
f 360/336/327 639/797/703 677/796/702
f 542/373/362 677/796/702 639/797/703
f 498/229/226 640/231/228 48/228/225
f 640/231/228 77/333/324 48/228/225
f 133/847/480 641/622/588 447/788/683
f 641/622/588 378/623/589 447/788/683
f 210/135/132 472/98/95 642/20/18
f 56/19/17 210/135/132 642/20/18
f 643/263/257 506/262/256 290/698/642
f 643/263/257 290/698/642 691/733/667
f 644/449/436 675/656/613 615/812/711
f 644/449/436 615/812/711 592/63/49
f 645/699/643 552/561/539 280/478/464
f 645/722/643 280/800/464 426/613/582
f 646/138/135 270/705/649 385/443/430
f 39/444/431 646/138/135 385/443/430
f 651/49/47 647/335/326 73/50/48
f 647/335/326 651/49/47 591/493/479
f 648/223/220 80/341/330 165/549/528
f 80/341/330 648/223/220 608/222/219
f 112/445/432 115/453/440 649/455/442
f 666/575/550 457/576/551 649/574/442
f 493/277/271 650/772/692 128/562/540
f 650/772/692 593/274/268 128/562/540
f 78/494/60 591/493/479 651/49/47
f 592/51/49 78/494/60 651/49/47
f 652/379/368 595/843/720 289/654/611
f 652/379/368 342/632/596 595/843/720
f 167/53/51 653/215/212 165/549/528
f 374/214/211 165/549/528 653/215/212
f 654/369/358 621/850/718 569/189/186
f 654/369/358 215/631/595 621/850/718
f 579/328/319 655/218/215 330/673/627
f 330/673/627 655/218/215 181/759/475
f 708/572/549 656/851/700 397/571/548
f 397/690/548 656/798/700 494/356/345
f 164/320/172 657/555/533 623/321/312
f 79/553/531 657/555/533 164/320/172
f 598/852/594 93/90/87 658/732/666
f 598/852/594 658/732/666 215/767/595
f 659/375/364 92/7/5 678/362/351
f 419/32/30 92/7/5 659/375/364
f 660/853/721 293/402/390 36/404/392
f 660/853/721 12/343/332 293/402/390
f 460/636/105 50/424/412 661/284/278
f 551/364/353 661/284/278 50/424/412
f 433/803/321 662/640/601 223/639/600
f 223/639/600 662/640/601 689/332/323
f 530/581/555 663/183/182 348/579/553
f 254/688/637 348/579/553 663/183/182
f 291/297/289 664/689/638 259/463/449
f 256/694/565 259/463/449 664/689/638
f 136/78/75 665/84/81 350/94/91
f 350/94/91 665/84/81 9/360/349
f 115/453/440 281/717/659 666/716/550
f 666/716/550 649/455/442 115/453/440
f 667/45/43 24/388/376 254/688/637
f 254/688/637 663/183/182 667/45/43
f 466/318/310 668/596/566 355/594/564
f 673/33/31 186/603/571 355/854/564
f 669/18/16 642/20/18 314/100/97
f 669/18/16 314/100/97 166/188/185
f 670/745/675 529/316/308 54/315/307
f 670/745/675 54/315/307 319/142/139
f 671/29/27 391/31/29 168/560/538
f 671/29/27 168/560/538 552/561/539
f 672/433/420 674/432/419 107/429/416
f 672/433/420 107/429/416 392/172/171
f 355/854/564 668/695/566 673/33/31
f 664/689/638 673/33/31 668/695/566
f 107/429/416 674/432/419 22/430/417
f 674/432/419 508/65/62 22/430/417
f 704/842/719 675/656/613 644/449/436
f 704/842/719 237/650/607 675/656/613
f 676/384/372 109/337/328 711/855/722
f 676/384/372 513/128/125 109/337/328
f 140/67/64 677/796/702 396/372/361
f 542/373/362 396/372/361 677/796/702
f 92/7/5 1/9/7 678/362/351
f 678/362/351 705/365/354 87/363/352
f 233/342/331 683/466/452 679/655/612
f 233/342/331 679/655/612 237/650/607
f 680/693/639 45/326/317 401/325/316
f 680/693/639 401/325/316 559/485/471
f 681/167/166 581/468/454 114/710/653
f 114/710/653 327/298/290 681/167/166
f 23/345/334 361/110/107 682/109/106
f 682/826/106 502/347/336 23/825/334
f 233/342/331 481/451/438 683/466/452
f 683/466/452 481/451/438 608/222/219
f 528/721/660 8/104/101 684/569/546
f 528/721/660 684/569/546 279/508/491
f 225/122/119 170/85/82 685/55/53
f 170/85/82 173/212/209 685/55/53
f 96/408/396 686/389/377 101/406/394
f 101/406/394 686/389/377 354/169/168
f 316/517/499 142/242/238 687/751/678
f 687/751/678 219/75/72 316/517/499
f 36/404/392 688/176/175 713/175/174
f 36/404/392 635/294/286 688/176/175
f 72/357/346 689/332/323 65/92/89
f 689/332/323 72/357/346 259/463/449
f 286/154/153 690/856/664 315/164/163
f 315/164/163 690/856/664 637/165/164
f 643/263/257 691/733/667 550/845/717
f 546/697/641 550/835/717 691/794/667
f 242/490/476 589/488/474 692/715/658
f 242/490/476 692/715/658 488/665/621
f 72/357/346 65/92/89 693/358/347
f 693/358/347 65/92/89 525/505/488
f 717/841/382 299/313/305 694/857/383
f 268/149/148 698/744/674 299/313/305
f 468/471/457 695/378/367 120/377/366
f 102/411/399 706/725/662 468/471/457
f 40/819/712 696/134/131 371/133/130
f 696/134/131 40/819/712 517/830/715
f 697/605/573 192/604/572 187/168/167
f 697/780/573 363/366/355 192/779/572
f 694/857/383 299/313/305 698/744/674
f 554/474/460 694/857/383 698/744/674
f 221/637/598 333/546/525 699/54/52
f 333/546/525 594/52/50 699/54/52
f 363/366/355 700/322/313 34/48/46
f 700/322/313 633/46/44 34/48/46
f 701/784/698 239/353/342 400/497/482
f 701/784/698 400/497/482 605/123/120
f 60/191/188 702/254/248 305/192/189
f 60/191/188 334/278/272 702/254/248
f 545/437/424 703/438/425 161/781/696
f 161/781/696 703/438/425 676/384/372
f 704/842/719 644/449/436 474/711/654
f 704/842/719 474/711/654 581/468/454
f 678/362/351 1/9/7 705/365/354
f 1/9/7 661/284/278 705/365/354
f 695/378/367 468/471/457 706/725/662
f 695/378/367 706/725/662 590/472/458
f 380/197/194 26/125/122 707/619/585
f 522/399/387 380/197/194 707/619/585
f 377/675/629 708/572/549 572/676/630
f 708/572/549 377/675/629 656/851/700
f 709/685/636 129/312/304 518/684/635
f 709/685/636 518/684/635 506/262/256
f 710/782/697 366/114/111 161/781/696
f 161/781/696 676/384/372 711/855/722
f 710/782/697 161/781/696 711/855/722
f 710/782/697 711/855/722 109/337/328
f 712/421/409 104/418/406 100/422/410
f 712/421/409 155/405/393 104/418/406
f 713/175/174 12/343/332 660/853/721
f 660/853/721 36/404/392 713/175/174
f 714/612/580 148/2/581 124/13/11
f 536/275/269 714/612/580 124/13/11
f 344/661/618 153/41/39 715/40/38
f 432/116/113 344/769/618 715/770/38
f 171/564/542 487/660/617 716/764/689
f 171/564/542 716/764/689 300/565/543
f 717/841/382 512/840/714 580/314/306
f 71/461/448 512/829/714 717/394/382
f 718/440/427 574/35/33 69/34/32
f 333/546/525 718/440/427 69/34/32
f 375/608/576 67/105/102 719/528/510
f 372/532/514 719/528/510 67/105/102
f 720/554/532 312/635/597 218/834/716
f 218/834/716 657/555/533 720/554/532
f 232/648/606 721/42/40 543/288/282
f 232/648/606 63/649/114 721/42/40
